Dataset,Model,Model_Name,Macro-F1_Mean,Macro-F1_Std,Micro-F1_Mean,Micro-F1_Std,Hamming Loss_Mean,Hamming Loss_Std,Subset Accuracy_Mean,Subset Accuracy_Std,Example-F1_Mean,Example-F1_Std,Macro Precision_Mean,Macro Precision_Std,Macro Recall_Mean,Macro Recall_Std
emotions,BR,BR (LinearSVC),0.6300176785801883,0.007824496992663035,0.6504190587834555,0.010222065761340824,0.20229795607776474,0.007273915439542331,0.2716978435156917,0.026434787283006262,0.598131059129471,0.013862476183475143,0.6883247050727854,0.02668054922921737,0.5916660809990363,0.010968939082018672
emotions,BR_Logistic,BR (Logistic Reg),0.5971886323818217,0.015003922746981825,0.6288902816450872,0.01763499401236179,0.2013467606130352,0.007563416814493299,0.2515766545128152,0.0311377039010091,0.54545767695543,0.022047622528316272,0.7182958499769347,0.04808783265952124,0.5338518113019624,0.018927935769489118
emotions,BR_MLP,BR (MLP),0.6784073446482318,0.015123772630963385,0.6852159408137336,0.015169384287893056,0.20172246218140436,0.004758408731932758,0.3004985015990263,0.022451070582772854,0.6586325253929471,0.014656488020931982,0.6647498732288976,0.030332046353418816,0.6983061431220262,0.014063272864274244
emotions,CC,CC (LinearSVC),0.6185719634598612,0.02283935260856645,0.6404620471018193,0.01751535023560297,0.22228056019730555,0.00775574488464297,0.2891325994722251,0.028661642347541948,0.6131943547939104,0.02305998302584059,0.6306060829969607,0.036105559796202565,0.6260937444300858,0.0170761282512355
emotions,CC_MLP,CC (MLP),0.6659170658849983,0.02171071833766756,0.6705402918925611,0.01574537925914005,0.227994158198943,0.008254801836489137,0.27659396663301633,0.0461690966483218,0.6447091808459461,0.014394511365599235,0.6136094683420666,0.042365366537489346,0.7414243247337349,0.018891931882189572
music,BR,BR (LinearSVC),0.6427709752272741,0.018415951644029305,0.6638618181986348,0.01848444392552969,0.19627201018028534,0.013417376124964065,0.2667921753664525,0.03403796533097135,0.611543594694143,0.013821131829657897,0.7015370925429661,0.044290212604592295,0.6088345943536889,0.016997945479969544
music,BR_Logistic,BR (Logistic Reg),0.60674071937973,0.01988872311313569,0.6436328371788422,0.018068591879029032,0.19568317838507268,0.009340892481326421,0.26027034890444656,0.03308885585219683,0.5694772986697214,0.0235624705594577,0.735126534907405,0.05641736990774208,0.5528979231363353,0.022569863597194692
music,BR_MLP,BR (MLP),0.6524351352965619,0.04050543640732309,0.6616537977947304,0.0402437508772351,0.21827577909332643,0.02455984793157746,0.28700370195883657,0.05640158885405136,0.634298841367635,0.03257850425160566,0.6333222024791862,0.03333298100582065,0.6766575965536085,0.04782101476098594
music,CC,CC (LinearSVC),0.6350378308931821,0.024735533244812105,0.6553653174850435,0.01991068980214261,0.2128607462106964,0.012380839409150059,0.2887983181103819,0.023296147706389447,0.6192849534424809,0.017307779839041228,0.6507478969774427,0.029532534114727182,0.6413199009622624,0.026480515683536127
music,CC_MLP,CC (MLP),0.670439780492632,0.027412731890468833,0.6744576121410477,0.021521495505178564,0.22304979647950737,0.014328651449501857,0.2888420209457099,0.0189563391122746,0.6481019700361673,0.01728563058514386,0.6193893238611962,0.023464343400203924,0.73791529753949,0.0347508594074891
scene,BR,BR (LinearSVC),0.6828777982296013,0.022542399418364032,0.6753905714178143,0.022272180112680506,0.11133489112549924,0.007670767905234356,0.5123272040621558,0.02706535595640887,0.6208287423160405,0.026281318430850964,0.713171947984546,0.026221621914335524,0.6586241701294939,0.025368833238297136
scene,BR_Logistic,BR (Logistic Reg),0.699048714365474,0.022693759719044193,0.6935254538414852,0.0230059209343074,0.09940415841641523,0.006028852145968628,0.536118500835672,0.03384108387782651,0.6169086224480036,0.028781028137527108,0.7765593371660887,0.018641784761479156,0.6404819552928338,0.027399940722677957
scene,BR_MLP,BR (MLP),0.7822136335266207,0.019777188092619552,0.7704668356262209,0.01897782377455932,0.08597555130297124,0.006985835846866401,0.653189915384612,0.02970659139802238,0.7789992711813656,0.021214334509133098,0.7535503303137078,0.02205383937687095,0.816203294080978,0.019654022659488565
scene,CC,CC (LinearSVC),0.6974555334654605,0.02707579898799893,0.6865007994173465,0.027086743959100976,0.11105021371188559,0.00948985865986769,0.6306774384228857,0.028779226852043358,0.6886764640550739,0.028111936402366394,0.7080111335389097,0.026424277240804796,0.6903461136631367,0.026182245781791375
scene,CC_MLP,CC (MLP),0.7097821683860831,0.022548352479351205,0.6985976347069254,0.02052542688707974,0.11873738370199556,0.008364443318204445,0.5309796029798355,0.028565324380927265,0.7085844449501373,0.0213375950920183,0.6565119815282869,0.023199344394592255,0.7803872944006833,0.02290438112359467
yeast,BR,BR (LinearSVC),0.3607305887674964,0.0076443363240435176,0.6354545951475047,0.004554577091169085,0.20157270265973498,0.0014345231855294033,0.14857140776333413,0.009325584020094382,0.6101345278850461,0.005942026166617198,0.5152873146473247,0.059674049761508655,0.3454755095082055,0.005379897601474513
yeast,BR_Logistic,BR (Logistic Reg),0.37475132679826995,0.009181026984494358,0.6350631933787626,0.00552932336671312,0.20189970043729644,0.0014434284029434439,0.14649841248260445,0.010720306452856364,0.6092284716793476,0.006750649953131966,0.5332256669414461,0.03823827592514842,0.35224705047425964,0.0075875860995946185
yeast,BR_MLP,BR (MLP),0.4901543648288393,0.009848428141237375,0.643034793248179,0.005626618939790074,0.23640875374865908,0.003763947637725886,0.15932857569376352,0.007730486123173391,0.6314219574855352,0.004418751784999505,0.45546435986242495,0.007934316894897488,0.5348037643021232,0.013684680589844032
yeast,CC,CC (LinearSVC),0.40677230310274837,0.013939545139503958,0.6207035015150301,0.01325894468939814,0.21685666767433753,0.00620193354166321,0.20274886234299264,0.01028475053640625,0.5886333097844988,0.016157951935540052,0.483077796000637,0.032082877353632515,0.38708430678821265,0.01463678507467243
yeast,CC_MLP,CC (MLP),0.48105446281428543,0.013865833994222287,0.639270934096632,0.00816358226679916,0.23578537734912777,0.003533051594185079,0.1952967876431519,0.009811620411435283,0.6276529403278636,0.008848715293883891,0.451401802426036,0.009186489373738933,0.5185819831896746,0.02152683277574464
cal500,BR,BR (LinearSVC),0.09521434443314536,0.0055807399783645495,0.35822069528805056,0.007545424756368983,0.1432206228378375,0.0036024904125236787,0.0,0.0,0.35565812276881903,0.008545571522203326,0.14639013800828554,0.00841386811101601,0.08440756982349164,0.004590085719543496
cal500,BR_Logistic,BR (Logistic Reg),0.07390121531110586,0.0031708394348777553,0.3456262447299476,0.004566307292861881,0.13726895257486454,0.0022638322900152942,0.0,0.0,0.34542813920732807,0.005197756028813486,0.1308080284736954,0.011854048050083195,0.06838331031252148,0.002431480587892524
cal500,BR_MLP,BR (MLP),0.2040028464121444,0.004217760917545802,0.38426571063001314,0.01145317772727615,0.22305642561034905,0.007464714983591847,0.0,0.0,0.37901856674436063,0.00897436153116072,0.17738897520546287,0.005261899873776718,0.25863586375731423,0.007142877932919765
cal500,CC,CC (LinearSVC),0.131026822917262,0.006439875124979028,0.3417033653327458,0.00968395069743834,0.16657929157614643,0.003628987239372608,0.0,0.0,0.3357487662004205,0.010116278533208161,0.16942003410705414,0.0072834861479758465,0.12120569530835072,0.006741422872026593
cal500,CC_MLP,CC (MLP),0.1998856052217944,0.008996260894033773,0.38533124634260874,0.008299165396746215,0.2188429419347399,0.0031118361211471194,0.0,0.0,0.3814257079146245,0.007402635717069715,0.18323769103747697,0.009569659035720175,0.26061712682811167,0.023316965370378754
bibtex,BR,BR (LinearSVC),0.32971086885870343,0.009839398564207855,0.4272041812578715,0.011115645849082076,0.015390561840487834,0.000152132880441679,0.15019061476145928,0.009839658537229694,0.4029914185802757,0.013575728611800128,0.4131078568872394,0.015471355110189927,0.2918942532197053,0.009176587380443586
bibtex,BR_Logistic,BR (Logistic Reg),0.28319695534616546,0.011721552203978502,0.433595389018486,0.011401056253033764,0.012534225314200603,0.00017153073058831075,0.17151017126757653,0.006974651590928596,0.3789754182161399,0.011866219238644657,0.5171623799190798,0.020604122464408244,0.21783418340493038,0.011022139562400205
bibtex,BR_MLP,BR (MLP),0.2905219961054549,0.005961967870146938,0.4080393458737238,0.006071595396258291,0.01823691597935967,0.00011392238858571163,0.1273033628285756,0.009302858540644578,0.37006809446120414,0.006518671725637228,0.35438870231777536,0.014424204561273196,0.2982310645079506,0.004003323422477863
bibtex,CC,CC (LinearSVC),0.3275657970720942,0.009775610899326615,0.42763035790704873,0.010988572572272865,0.015025113751403165,0.000244436992000933,0.16003432818462265,0.008427265065194105,0.4006864482841427,0.014161741390089569,0.42106328233454693,0.011597636603446839,0.28556832750342276,0.010379990073525644
bibtex,CC_MLP,CC (MLP),0.2557021241368512,0.00982261318891538,0.399509282434959,0.011920437015874995,0.014257559004904663,0.00017694174395244691,0.14654264813628362,0.008953654718664057,0.34991150327783593,0.012068001403374795,0.38169014203541246,0.015713034388397832,0.21328779515532395,0.011117841564789198
enron,BR,BR (LinearSVC),0.2258999862910323,0.013899504467592574,0.5126759622292625,0.010041688032965606,0.060114652851000115,0.0005520508402560457,0.11519360478655447,0.022235280712604045,0.5097265120320216,0.016385604735760978,0.2581024232377953,0.01634468961672436,0.21417938814363957,0.016044929999105412
enron,BR_Logistic,BR (Logistic Reg),0.21604032271986662,0.010646177875951061,0.5592314388819312,0.007802582037402232,0.04952096107565813,0.0009826789439709189,0.1374888289350808,0.026886485704839667,0.5459801344479269,0.012241882195919923,0.30053458555805507,0.02330745383641205,0.18389591348854328,0.009303689735242985
enron,BR_MLP,BR (MLP),0.2339410194628317,0.009171425102327458,0.5461675630829952,0.013900599005482373,0.0618276435523747,0.0017457506600817103,0.12277381679728956,0.024285013968032333,0.555056731821223,0.016341222007781674,0.23095436928033317,0.021724416628049525,0.2557747468621455,0.0037253902795478825
enron,CC,CC (LinearSVC),0.22530802327291757,0.00960443575751478,0.5143261614969845,0.008240954158779503,0.06000473594023623,0.0009805344427404265,0.1233843785503052,0.02156353173510477,0.5177290808662215,0.016795712692203393,0.25871721474272885,0.013554132733556754,0.21659103167783922,0.01603410241967756
enron,CC_MLP,CC (MLP),0.22244219771474652,0.011321683732331488,0.5591050584012281,0.0070740306311793165,0.05406488230789506,0.00097522021688458,0.13509225572816952,0.026160767884221572,0.559548905018574,0.009422559711836295,0.2537041785309682,0.012835024045463076,0.2113100127137082,0.016195063483728494
genbase,BR,BR (LinearSVC),0.791275090985236,0.016305204882670506,0.9927079531030542,0.005171181278314783,0.0006717129524147068,0.00046938815459181705,0.9818637502848029,0.012673480173979044,0.992740943267259,0.008253318625481468,0.7904761904761906,0.015128019529625161,0.7954673721340388,0.021349095254561395
genbase,BR_Logistic,BR (Logistic Reg),0.6782256582866804,0.032772410367461605,0.9796872089008006,0.004850661142240763,0.00184636675864746,0.0004258711302569005,0.9546821599453178,0.010695295651077349,0.9774434462780327,0.009101578754152375,0.6878306878306877,0.03261594710565597,0.6721164021164021,0.032469011262906064
genbase,BR_MLP,BR (MLP),0.7653315283750066,0.0404467848384224,0.9844582699414403,0.008966543175091173,0.001456503210889176,0.0008530058513593582,0.9637047163362953,0.01733055115504218,0.9896341404475375,0.006026285035522209,0.7557231040564374,0.030672755982417615,0.7831216931216931,0.0581048989182124
genbase,CC,CC (LinearSVC),0.791275090985236,0.016305204882670506,0.9927079531030542,0.005171181278314783,0.0006717129524147068,0.00046938815459181705,0.9818637502848029,0.012673480173979044,0.992740943267259,0.008253318625481468,0.7904761904761906,0.015128019529625161,0.7954673721340388,0.021349095254561395
genbase,CC_MLP,CC (MLP),0.7403297515846535,0.03201889651299256,0.9756188236740815,0.012516964165154808,0.002297410192147034,0.0012001839050684064,0.944030530872636,0.0282165850133058,0.9813507252980939,0.009073954248082886,0.7267607289829512,0.031284190648585085,0.7656559489892822,0.0441201498716349
medical,BR,BR (LinearSVC),0.39447485759520606,0.04144430992020481,0.8177987316637461,0.00565265563308339,0.009774111381581619,0.0004031160298840031,0.673734412758634,0.011883156170951911,0.795350721859842,0.01113259435654256,0.4147451179129492,0.052831448430848395,0.3903544410382894,0.036911356546934435
medical,BR_Logistic,BR (Logistic Reg),0.2843994964427945,0.00851971140905846,0.7943595764355694,0.013159564902691113,0.010379264347207083,0.0004292728060960186,0.6413756515603233,0.01668391714095734,0.7422799142186001,0.020860891925067526,0.3247443531632285,0.012370555677680783,0.26505493460853047,0.007248147218224236
medical,BR_MLP,BR (MLP),0.3736697602513539,0.024008559887425195,0.7944493504316485,0.008375393730730195,0.011480085298770178,0.0005507512179470168,0.642888164974371,0.02394673708323062,0.7866566178105595,0.012259686511205374,0.3787352375008688,0.025179246568600974,0.3838318944092802,0.024337294123091234
medical,CC,CC (LinearSVC),0.40337600911196914,0.045465327054506774,0.8224240205372281,0.014750499615447877,0.009565329313953458,0.0007426651882920055,0.7075898252330267,0.013298984079711142,0.811386600127995,0.018508761772741546,0.4257017709908629,0.05984085702377611,0.39808097367545,0.03713926060957041
medical,CC_MLP,CC (MLP),0.30451962920149933,0.0452813337801652,0.6844385127506751,0.021631404134879028,0.016001803775379107,0.001044442987489371,0.49585053906619014,0.0326297381085937,0.6408376818333599,0.02548364762688201,0.3525712778602981,0.06010301381709047,0.2812772206660184,0.040319401679912444
reuters-k500,BR,BR (LinearSVC),0.27349770675451124,0.017049002510166746,0.4737473363735286,0.014427084012780098,0.011244216187474195,0.00029128379528402975,0.3063303781855012,0.010872993252544691,0.3983567438447732,0.012494387600701162,0.39197593439227224,0.029860142740926292,0.22562407606640095,0.014322576327046496
reuters-k500,BR_Logistic,BR (Logistic Reg),0.16538209264765152,0.008629220739893176,0.3914287283982167,0.014897960480413938,0.01144656741320196,0.00016913759653030164,0.23733719727743868,0.008104612022540314,0.3007916775826346,0.009735145352197948,0.33222177555481613,0.0273403537479418,0.11993392022754627,0.005554670479461315
reuters-k500,BR_MLP,BR (MLP),0.23910743856963723,0.005831887156928808,0.46282031784350774,0.006863113977198313,0.021705399435434668,0.00027166421498099684,0.16514770377953603,0.012635330696743451,0.49918620150908655,0.009252788697162827,0.2334268028226815,0.010739711634694329,0.30549238248905874,0.010064922146583869
reuters-k500,CC,CC (LinearSVC),0.28281855729914074,0.015644735032331453,0.49113749378677357,0.008986730640335915,0.012252669225342724,0.00024269568878274692,0.3794986047195986,0.007131228359553804,0.4779876141062588,0.007752070489686447,0.3816323417584546,0.030134403453031595,0.2469000503451578,0.011383399850617834
reuters-k500,CC_MLP,CC (MLP),0.25895252608519626,0.018251795822723817,0.4449601071640914,0.007077687373875806,0.018390709662033915,0.00028692979395349263,0.2358042544956526,0.01042953038372502,0.4609969749749402,0.00895332613233371,0.264867484727796,0.02443407139849751,0.2820265416383723,0.014705778734711156
