dataset,base_learner,fold,model,Full_Macro_F1,Selective_Macro_F1,Coverage,Full_Micro_F1,Selective_Micro_F1,Hamming_Loss,Selective_Hamming_Loss,Subset_Accuracy,il_count,fit_time_sec
emotions,Logistic,1,GSI_v6_1_1,0.6455507949131288,0.6834444008609472,0.6830601092896175,0.6634615384615384,0.7169811320754716,0.1912568306010929,0.12,0.29508196721311475,3,0.4958150000002206
emotions,Logistic,2,GSI_v6_1_1,0.652091982091982,0.6929355366855366,0.6596638655462185,0.6432160804020101,0.7176470588235294,0.19887955182072828,0.10191082802547771,0.2605042016806723,4,0.43017409999993106
emotions,Logistic,3,GSI_v6_1_1,0.6042010920958645,0.6566784395413428,0.6842818428184282,0.6368159203980099,0.7035175879396985,0.1978319783197832,0.11683168316831684,0.24390243902439024,5,0.17674130000159494
emotions,Logistic,4,GSI_v6_1_1,0.6366854689094111,0.7006990456153646,0.6611111111111111,0.6448362720403022,0.7455621301775148,0.19583333333333333,0.09033613445378151,0.25833333333333336,5,0.17145220000020345
emotions,Logistic,5,GSI_v6_1_1,0.6288165520185868,0.6555790759419792,0.6972477064220184,0.6513994910941476,0.7046632124352331,0.20948012232415902,0.125,0.27522935779816515,5,0.17460299999947893
scene,Logistic,1,GSI_v6_1_1,0.7290248630596832,0.7858245319077654,0.8921363952679193,0.7227227227227228,0.791023842917251,0.09638135003479471,0.05811232449297972,0.6179540709812108,3,6.484098200000517
scene,Logistic,2,GSI_v6_1_1,0.7343270493601396,0.7796143463737982,0.8964435146443515,0.725,0.7971223021582734,0.09205020920502092,0.05484247374562427,0.606694560669456,4,5.105271999998877
scene,Logistic,3,GSI_v6_1_1,0.683876373120983,0.7632780236077598,0.8852459016393442,0.6764705882352942,0.7699115044247787,0.1051912568306011,0.06018518518518518,0.5409836065573771,4,5.496808599998985
scene,Logistic,4,GSI_v6_1_1,0.6773277373263594,0.7250771843373812,0.8891198891198892,0.6702586206896551,0.7322239031770046,0.10602910602910603,0.06897895557287607,0.5301455301455301,5,1.8920276000008016
scene,Logistic,5,GSI_v6_1_1,0.7311570753286162,0.7842610806995941,0.8884268884268884,0.7237113402061855,0.7941176470588235,0.09286209286209286,0.054602184087363496,0.6029106029106029,4,5.050935699999172
chd49,Logistic,1,GSI_v6_1_1,0.5133427451910592,0.5181536493850873,0.6546546546546547,0.6632653061224489,0.7183908045977011,0.2972972972972973,0.22477064220183487,0.17117117117117117,2,0.36797219999971276
chd49,Logistic,2,GSI_v6_1_1,0.4886633621299384,0.5175396915697291,0.6439393939393939,0.6549295774647887,0.6726190476190477,0.296969696969697,0.25882352941176473,0.21818181818181817,2,0.4341610000010405
chd49,Logistic,3,GSI_v6_1_1,0.5306434281735773,0.5620772946859903,0.6424242424242425,0.6904761904761905,0.7478260869565218,0.27575757575757576,0.20518867924528303,0.17272727272727273,2,0.37989430000016
chd49,Logistic,4,GSI_v6_1_1,0.5637964460454552,0.5102911730818708,0.6228070175438597,0.6644182124789207,0.712166172106825,0.2909356725146199,0.22769953051643194,0.18421052631578946,2,0.6437816999987263
chd49,Logistic,5,GSI_v6_1_1,0.512307507205335,0.5019775400038557,0.6242424242424243,0.6666666666666666,0.7115384615384616,0.29393939393939394,0.21844660194174756,0.16363636363636364,2,0.6524711000001844
music,Logistic,1,GSI_v6_1_1,0.6572615596721432,0.6907738095238095,0.6442577030812325,0.6716417910447762,0.7472527472527473,0.18487394957983194,0.1,0.31092436974789917,3,0.5324180000006891
music,Logistic,2,GSI_v6_1_1,0.6068924723434176,0.6408284345466009,0.6908831908831908,0.6341463414634146,0.6919431279620853,0.21367521367521367,0.13402061855670103,0.3076923076923077,3,0.5453489999999874
music,Logistic,3,GSI_v6_1_1,0.6719467475841209,0.6851820975958907,0.6864406779661016,0.6932668329177057,0.7282051282051282,0.17372881355932204,0.10905349794238683,0.3305084745762712,5,0.17537309999897843
music,Logistic,4,GSI_v6_1_1,0.669500506912133,0.7116763680068915,0.6890756302521008,0.6761904761904762,0.7319587628865979,0.19047619047619047,0.10569105691056911,0.2857142857142857,4,0.47057199999835575
music,Logistic,5,GSI_v6_1_1,0.6264573648608379,0.6961801927319168,0.6946778711484594,0.6463104325699746,0.7263681592039801,0.19467787114845939,0.11088709677419355,0.2605042016806723,4,0.4232503999992332
gpositivepseaac,Logistic,1,GSI_v6_1_1,0.5711734693877552,0.6215686274509804,0.8581730769230769,0.751269035532995,0.8082191780821918,0.11778846153846154,0.0784313725490196,0.6826923076923077,2,0.9044654999997874
gpositivepseaac,Logistic,2,GSI_v6_1_1,0.48044008587041376,0.4946175278622087,0.84375,0.6559139784946236,0.704,0.15384615384615385,0.10541310541310542,0.5576923076923077,3,0.3411388000004081
gpositivepseaac,Logistic,3,GSI_v6_1_1,0.5207826611610762,0.5429695635357472,0.8581730769230769,0.711340206185567,0.7605633802816901,0.1346153846153846,0.09523809523809523,0.6153846153846154,3,0.3329962000007072
gpositivepseaac,Logistic,4,GSI_v6_1_1,0.5091725214676034,0.5635630887054037,0.8846153846153846,0.67,0.7402597402597403,0.15865384615384615,0.10869565217391304,0.6346153846153846,2,0.7396297999985109
gpositivepseaac,Logistic,5,GSI_v6_1_1,0.48308170792698174,0.5127381938690969,0.8859223300970874,0.6699507389162561,0.7125,0.16262135922330098,0.12602739726027398,0.6019417475728155,2,0.8350162999995518
genbase,Logistic,1,GSI_v6_1_1,0.6592592592592593,0.6666666666666666,0.998886104149262,0.9784615384615385,0.9843260188087775,0.001949317738791423,0.0013939224979091162,0.9473684210526315,27,1.2523724999991828
genbase,Logistic,2,GSI_v6_1_1,0.6543209876543209,0.5555555555555556,0.9966329966329966,0.9817073170731707,0.9902912621359223,0.0016835016835016834,0.0008445945945945946,0.9621212121212122,27,1.1632591999987199
genbase,Logistic,3,GSI_v6_1_1,0.6855031173871753,0.6188364507205087,0.9974747474747475,0.9719626168224299,0.9736842105263158,0.0025252525252525255,0.002250351617440225,0.9393939393939394,27,0.772600299998885
genbase,Logistic,4,GSI_v6_1_1,0.7326185834957765,0.6666666666666666,0.9974747474747475,0.9847094801223242,0.9935897435897436,0.0014029180695847362,0.0005625879043600563,0.9621212121212122,27,1.107721099999253
genbase,Logistic,5,GSI_v6_1_1,0.65942634363687,0.65942634363687,0.9977722082985241,0.9815950920245399,0.9840255591054313,0.001670843776106934,0.0013954786491766676,0.9624060150375939,27,0.7512313999995968
humanpseaac,Logistic,1,GSI_v6_1_1,0.14683674755318257,0.12029288160033184,0.8889279849870982,0.3711340206185567,0.28620689655172415,0.09300961764015951,0.05462462066235651,0.2348111658456486,0,23.987436699999307
humanpseaac,Logistic,2,GSI_v6_1_1,0.13554549395795615,0.10615777411443046,0.8819727891156462,0.37337413925019125,0.29328621908127206,0.09285714285714286,0.051420491065689675,0.26825396825396824,0,19.878656200000478
humanpseaac,Logistic,3,GSI_v6_1_1,0.15450098783337568,0.13067346029217997,0.8869902027796764,0.37681159420289856,0.3090277777777778,0.08817498291182502,0.05111739018751606,0.2535885167464115,0,23.638965399999506
humanpseaac,Logistic,4,GSI_v6_1_1,0.15616385613287034,0.12938338074224798,0.8886827458256029,0.37569944044764186,0.30985915492957744,0.09056122448979592,0.0511482254697286,0.2711038961038961,0,20.757014200000413
humanpseaac,Logistic,5,GSI_v6_1_1,0.16362249778836221,0.14237048773392075,0.8858745421245421,0.40816326530612246,0.326605504587156,0.08630952380952381,0.04742214756428479,0.2916666666666667,0,21.70311059999949
plantpseaac,Logistic,1,GSI_v6_1_1,0.2094586457064734,0.12173041383567697,0.8949829931972789,0.33707865168539325,0.27472527472527475,0.10034013605442177,0.06270783847980997,0.25510204081632654,0,1.853323299999829
plantpseaac,Logistic,2,GSI_v6_1_1,0.1603937728937729,0.12001768346595933,0.9036195286195287,0.34560906515580736,0.3015075376884422,0.09722222222222222,0.0647414997671169,0.2676767676767677,1,1.4749813999987964
plantpseaac,Logistic,3,GSI_v6_1_1,0.13171854794653168,0.10317609865376964,0.897766323024055,0.3275862068965517,0.2931937172774869,0.10051546391752578,0.0645933014354067,0.23711340206185566,0,1.286896000001434
plantpseaac,Logistic,4,GSI_v6_1_1,0.1474311278998779,0.12339217296113848,0.8916234887737479,0.33810888252148996,0.2558139534883721,0.09974093264248704,0.06198547215496368,0.25906735751295334,0,1.2807926000004954
plantpseaac,Logistic,5,GSI_v6_1_1,0.18020250247621453,0.17663817663817663,0.8984771573604061,0.2962962962962963,0.2912621359223301,0.1044839255499154,0.0687382297551789,0.20812182741116753,0,2.497771800000919
viruspseaac,Logistic,1,GSI_v6_1_1,0.3719958202716824,0.3898090637221072,0.8541666666666666,0.4,0.4482758620689655,0.2125,0.15609756097560976,0.275,2,0.44688419999874895
viruspseaac,Logistic,2,GSI_v6_1_1,0.36386554621848743,0.3344298245614035,0.8083333333333333,0.4175824175824176,0.40816326530612246,0.22083333333333333,0.14948453608247422,0.25,1,0.7395844000002398
viruspseaac,Logistic,3,GSI_v6_1_1,0.41030303030303034,0.38227513227513227,0.8333333333333334,0.40476190476190477,0.4444444444444444,0.21367521367521367,0.15384615384615385,0.28205128205128205,1,0.6237748999992618
viruspseaac,Logistic,4,GSI_v6_1_1,0.40757575757575754,0.31,0.8604651162790697,0.45977011494252873,0.39344262295081966,0.1821705426356589,0.16666666666666666,0.27906976744186046,3,0.3943589000009524
viruspseaac,Logistic,5,GSI_v6_1_1,0.3936507936507936,0.4476010101010101,0.8296296296296296,0.46808510638297873,0.5818181818181818,0.18518518518518517,0.10267857142857142,0.35555555555555557,2,0.4068451000002824
yeast,Logistic,1,GSI_v6_1_1,0.3676792264526755,0.37462330825962314,0.7973490427098675,0.6362926321270502,0.6690968003240179,0.20574374079528718,0.1509050609530846,0.19175257731958764,2,6.809471900000062
yeast,Logistic,2,GSI_v6_1_1,0.3762489004494501,0.387553076287651,0.8067746686303388,0.6418485237483954,0.6625145971195018,0.20544918998527245,0.15826944140197152,0.18969072164948453,3,6.6559957999998005
yeast,Logistic,3,GSI_v6_1_1,0.3805696778871686,0.3832633271331853,0.818738792588165,0.6494978109708988,0.6812358703843255,0.20337716676628811,0.15440773863843768,0.20502092050209206,2,6.477307099999962
yeast,Logistic,4,GSI_v6_1_1,0.36986490695908625,0.3786187737575807,0.8119442797866034,0.6353490786400208,0.6556874760628112,0.20820983995257855,0.16408103668552657,0.18049792531120332,3,6.488219200000458
yeast,Logistic,5,GSI_v6_1_1,0.3799423329024301,0.38993756466219903,0.8083015547081256,0.6371134020618556,0.6788432267884322,0.2065121736579642,0.15314824895663218,0.1806981519507187,2,6.408631199999945
