dataset,base_learner,model,n_samples,n_labels,selective_macro_f1,selective_macro_f1_std,coverage,full_macro_f1,subset_accuracy,hamming_loss,mean_il_labels,fit_time_sec
emotions,Logistic,GSI_v6_1_1,593,6,0.677867299729034,0.01857512938240935,0.6770729270374787,0.6334691780057946,0.2666102598099352,0.19865636327981934,4.4,0.2897571200002858
scene,Logistic,GSI_v6_1_1,2407,6,0.7676110333852597,0.02271976415044545,0.8902745178196785,0.7111426196391564,0.5797376742528354,0.09850280299232313,4.0,4.805828419999671
chd49,Logistic,GSI_v6_1_1,555,6,0.5220078697453067,0.020875217537190557,0.637613546560915,0.521750697749073,0.18198543040648305,0.29097992729571676,2.0,0.49565605999996476
music,Logistic,GSI_v6_1_1,592,6,0.6849281804810218,0.023753301917421768,0.681067014666217,0.6464117302745305,0.29906872788228717,0.1914864076878035,3.8,0.4293924999994488
gpositivepseaac,Logistic,GSI_v6_1_1,519,4,0.5470914002846874,0.044201387991863836,0.8661267737117251,0.5129300891627661,0.6184652725914862,0.14550504107542944,2.4,0.6306493199997931
genbase,Logistic,GSI_v6_1_1,662,27,0.6334303366492535,0.04280785601322632,0.9976481608060557,0.6782256582866804,0.9546821599453178,0.00184636675864746,27.0,1.0094368999991274
humanpseaac,Logistic,GSI_v6_1_1,3106,14,0.12577559689662218,0.012060801878430933,0.8864896529665132,0.15133391665314938,0.26388484272331825,0.09018249834168943,0.0,21.993036619999838
plantpseaac,Logistic,GSI_v6_1_1,978,12,0.12899090911094419,0.024904802582412254,0.8972938981950034,0.16584091938457407,0.24541627909581418,0.10046053607731445,0.2,1.6787530200002947
viruspseaac,Logistic,GSI_v6_1_1,207,6,0.37282300613193065,0.04772920533435166,0.8371856158484066,0.38947818960395025,0.28833532100973963,0.2028728549658782,1.8,0.522289499999897
yeast,Logistic,GSI_v6_1_1,2417,14,0.3827992100200478,0.005623027176223672,0.8086216676846201,0.3748610089301621,0.18953205934661727,0.2058584222314781,2.4,6.567925040000046
