Dataset,Model,Scope,Abstention_Cost,Macro-F1_Mean,Macro-F1_Std,Micro-F1_Mean,Micro-F1_Std,Hamming Loss_Mean,Hamming Loss_Std,Subset Accuracy_Mean,Subset Accuracy_Std,Example-F1_Mean,Example-F1_Std,train_time_Mean,train_time_Std,Abstentions-as-Zero Macro-F1_Mean,Abstentions-as-Zero Macro-F1_Std,Abstentions-as-Zero Micro-F1_Mean,Abstentions-as-Zero Micro-F1_Std,Generalized Loss_Mean,Generalized Loss_Std,Generalized Hamming Loss_Mean,Generalized Hamming Loss_Std,Selective Hamming Loss_Mean,Selective Hamming Loss_Std,Selective Macro-F1_Mean,Selective Macro-F1_Std,Selective Micro-F1_Mean,Selective Micro-F1_Std,Coverage_Mean,Coverage_Std,ABS_Mean,ABS_Std,AABS_Mean,AABS_Std,Abstention Rate_Mean,Abstention Rate_Std,Independent Label Count_Mean,Independent Label Count_Std,Dependent Label Count_Mean,Dependent Label Count_Std,Validation Full Macro-F1_Mean,Validation Full Macro-F1_Std
emotions,BR_MLP,full,,0.6520862315783421,0.0343321487492803,0.6577471363019048,0.030655050845139295,0.2646554533858511,0.01949629327358993,0.1596694979654683,0.039826390212489175,0.6370244812704614,0.03472711580350984,0.38777937889099123,0.7333640449910923,,,,,,,,,,,,,,,,,,,,,,,,,,,,
emotions,CC_MLP,full,,0.6225769366919791,0.03191128670803595,0.6304888246471503,0.029372365802057678,0.272598845179118,0.012664983686791396,0.21034443591566018,0.03311907994578483,0.6033952336199346,0.030606261965607208,0.2113178253173828,0.011531293675966087,,,,,,,,,,,,,,,,,,,,,,,,,,,,
emotions,MLC_PA,full,,0.5971886323818217,0.015003922746981825,0.6288902816450872,0.01763499401236179,0.2013467606130352,0.007563416814493299,0.2515766545128152,0.0311377039010091,0.54545767695543,0.022047622528316272,0.09857182502746582,0.021328235331230367,,,,,,,,,,,,,,,,,,,,,,,,,,,,
emotions,MLC_PA,rejection,0.2,,,,,,,,,,,,,0.23467505294181823,0.027926493505228717,0.24570800235832002,0.03009329090229963,0.14383451002024944,0.008262002333973577,0.14383451002024944,0.008262002333973577,0.0851850207915851,0.01820986607991452,0.5625408793468146,0.07510738477798473,0.6853411306042885,0.04408081687910675,0.4901114459346509,0.01808084776802377,0.9827684848759851,0.013016011277379804,0.509888554065349,0.018080847768023784,0.509888554065349,0.018080847768023784,,,,,,
emotions,MLC_PA,rejection,0.25,,,,,,,,,,,,,0.33186929419742045,0.034497142832717834,0.3488784544603089,0.035035651020726866,0.16086706322619188,0.008518343091903722,0.16086706322619188,0.008518343091903722,0.09820108309523065,0.01754435186413283,0.6218371554805286,0.028816114343714443,0.7061875818095589,0.024497776364203524,0.5883084470149784,0.01504901851354013,0.9591344604193118,0.027434230233663655,0.4116915529850216,0.015049018513540085,0.4116915529850216,0.015049018513540085,,,,,,
emotions,MLC_PA,rejection,0.3,,,,,,,,,,,,,0.3962398573369899,0.0379625540925807,0.42160471063690064,0.03581023878030737,0.17603988675647364,0.005917388373625059,0.17603988675647364,0.005917388373625059,0.11590590249075391,0.01518487925780363,0.6171977123515855,0.025216821035002095,0.6945638209762557,0.01583279294651396,0.6749326120895238,0.0256776338007631,0.923731513587868,0.034798139854172676,0.32506738791047624,0.025677633800763117,0.32506738791047624,0.025677633800763117,,,,,,
emotions,MLC_PA,rejection,0.35,,,,,,,,,,,,,0.4553208021015413,0.034988795459522735,0.48593839501879554,0.03157156428185504,0.18966594826318778,0.0058528803114039196,0.18966594826318778,0.0058528803114039196,0.1407278159770736,0.01187479219286902,0.6109738448530571,0.023506682184551143,0.668899625610185,0.005728438945142954,0.7668547286282551,0.016046104066336515,0.8277216128171094,0.049193425975781684,0.23314527137174493,0.016046104066336508,0.23314527137174493,0.016046104066336508,,,,,,
emotions,MLC_PA,rejection,0.4,,,,,,,,,,,,,0.5121786738232803,0.01882990563350041,0.5478522006479507,0.01947114369377929,0.19904461362304035,0.005560382060936975,0.19904461362304035,0.005560382060936975,0.16316284212864687,0.0067002052530590935,0.6061970078583847,0.015143339826582752,0.6541368871427821,0.010234818246418644,0.8485355198672122,0.007557391900668606,0.6489743830579198,0.03482337872938313,0.15146448013278777,0.007557391900668595,0.15146448013278777,0.007557391900668595,,,,,,
emotions,GSI_MLC_PA,full,,0.6466518847831477,0.022985403290010156,0.6648858639815518,0.014896970293615495,0.19559064564068068,0.009956414918872204,0.31220940236451356,0.011592595932140824,0.6172701701012089,0.030141275527022917,3.6734256744384766,0.2510714149061769,,,,,,,,,,,,,,,,,,,,,,,0.4,0.5477225575051662,5.6,0.5477225575051662,0.6491325575574036,0.018892847200875147
emotions,GSI_MLC_PA,rejection,0.2,,,,,,,,,,,,,0.42047375268560494,0.0600089933640766,0.4491552705885722,0.07360906738919597,0.13751702479049155,0.00501074779588746,0.13751702479049155,0.00501074779588746,0.10377549783378723,0.009005597521986266,0.6562950744347682,0.0359750305499364,0.7386365840144757,0.030906883776764232,0.6507747959588297,0.03616860820989862,0.9409308122149851,0.02489822425249073,0.3492252040411702,0.036168608209898596,0.3492252040411702,0.036168608209898596,,,,,,
emotions,GSI_MLC_PA,rejection,0.25,,,,,,,,,,,,,0.4669917564711958,0.03899873607944566,0.49959498194125684,0.051837886972715394,0.15651239140926093,0.004929829885116839,0.15651239140926093,0.004929829885116839,0.11999158095270072,0.008875342042662857,0.6517932096684005,0.03031908513621026,0.7240737896305856,0.01985088995365983,0.720139602961786,0.030273010735302308,0.8801865574537023,0.03292381673130447,0.27986039703821397,0.030273010735302305,0.27986039703821397,0.030273010735302305,,,,,,
emotions,GSI_MLC_PA,rejection,0.3,,,,,,,,,,,,,0.5218861046568171,0.027786603359682648,0.5482044081576195,0.03993632204005981,0.17487984048536162,0.00628786523977519,0.17487984048536162,0.00628786523977519,0.1407057557321017,0.011540494213182031,0.662126465593768,0.024453770294688166,0.7054711456700243,0.01506898807109918,0.7866714998185103,0.025554475404479953,0.7890373230606507,0.04928863531994111,0.2133285001814897,0.02555447540447995,0.2133285001814897,0.02555447540447995,,,,,,
emotions,GSI_MLC_PA,rejection,0.35,,,,,,,,,,,,,0.5626088375909154,0.033842967959334856,0.5869269848088098,0.04531422212884437,0.18345996334545955,0.006897180279362164,0.18345996334545955,0.006897180279362164,0.151995508449848,0.013194774980765803,0.6653691137105068,0.027853474094638345,0.6994026525338818,0.022545577847070827,0.8423862894472498,0.027420191697981374,0.6625664538491648,0.09177174734242521,0.15761371055275025,0.027420191697981357,0.15761371055275025,0.027420191697981357,,,,,,
emotions,GSI_MLC_PA,rejection,0.4,,,,,,,,,,,,,0.5947560136058386,0.026344156623898524,0.6183554069492339,0.03596739460299807,0.18981649186837574,0.005291607586678982,0.18981649186837574,0.005291607586678982,0.1652701260270276,0.009297205261038916,0.6629075175721444,0.026221909852042345,0.6907210939649178,0.019921792702516355,0.895957765841316,0.020887945571878615,0.490529851688446,0.09137138519528736,0.10404223415868408,0.02088794557187863,0.10404223415868408,0.02088794557187863,,,,,,
scene,BR_MLP,full,,0.6221696558635108,0.011652999723323152,0.5995309816688409,0.00901368232595359,0.22271069075356414,0.006932423694911242,0.14715320292540066,0.021725746093591604,0.6233535618534918,0.010333993697220817,0.06256756782531739,0.004498391223048745,,,,,,,,,,,,,,,,,,,,,,,,,,,,
scene,CC_MLP,full,,0.6349694012316622,0.0132306409884751,0.6223618594882101,0.0137712125035673,0.18360854138168856,0.006571606615947151,0.23479528807920333,0.019920783646506245,0.6320013783593995,0.01732589887730889,0.20379023551940917,0.014978271526341184,,,,,,,,,,,,,,,,,,,,,,,,,,,,
scene,MLC_PA,full,,0.699048714365474,0.022693759719044193,0.6935254538414852,0.0230059209343074,0.09940415841641523,0.006028852145968628,0.536118500835672,0.03384108387782651,0.6169086224480036,0.028781028137527108,0.580629301071167,0.09086493215928315,,,,,,,,,,,,,,,,,,,,,,,,,,,,
scene,MLC_PA,rejection,0.2,,,,,,,,,,,,,0.5329281209468768,0.010063318245416869,0.5440064048227009,0.011240431253245373,0.07248411008274232,0.0030627003990010807,0.07248411008274232,0.0030627003990010807,0.043704331076342876,0.003976080901306858,0.7556570634790007,0.015082340959245873,0.7966307740401584,0.016842205082484806,0.815897098443021,0.004389904030494075,0.727829852650687,0.015489832255335451,0.18410290155697906,0.0043899040304940795,0.18410290155697906,0.0043899040304940795,,,,,,
scene,MLC_PA,rejection,0.25,,,,,,,,,,,,,0.5781309598444933,0.008470350449630784,0.5853146293783873,0.009480183611134585,0.08118542817351562,0.002730035164905266,0.08118542817351562,0.002730035164905266,0.05235799450912069,0.0037079246691057986,0.7525315745521797,0.009559091417318569,0.7780945788812432,0.014429424384978148,0.8541907990847617,0.005759351497012255,0.6314112715054756,0.020772542343570666,0.14580920091523827,0.005759351497012242,0.14580920091523827,0.005759351497012242,,,,,,
scene,MLC_PA,rejection,0.3,,,,,,,,,,,,,0.6136511803829472,0.01194721390696571,0.6183542674602517,0.01455794680902987,0.08766969044591513,0.005087865860557915,0.08766969044591513,0.005087865860557915,0.0606350663058826,0.0056927048972124205,0.7432315602117534,0.01830137639700506,0.761412926766657,0.023510057313622212,0.8870647754915811,0.00469353501086143,0.532976910637786,0.021020265560495396,0.11293522450841884,0.004693535010861461,0.11293522450841884,0.004693535010861461,,,,,,
scene,MLC_PA,rejection,0.35,,,,,,,,,,,,,0.6443600080718008,0.01719041094564301,0.6447663151356637,0.01872949996358207,0.09431844683622252,0.0046467955518258,0.09431844683622252,0.0046467955518258,0.07197487565252783,0.004365822137147984,0.7300639649627821,0.01841551579682979,0.7381147962265346,0.02052313536951318,0.9196160435263359,0.005374240686772325,0.40500202283306175,0.02233097066803734,0.08038395647366411,0.005374240686772321,0.08038395647366411,0.005374240686772321,,,,,,
scene,MLC_PA,rejection,0.4,,,,,,,,,,,,,0.6686927182497137,0.01961223916743898,0.6667036530951289,0.02098896958178075,0.09669048223030731,0.005545642629963644,0.09669048223030731,0.005545642629963644,0.08023155728391616,0.004852584690977284,0.7216489325770282,0.018962087869603232,0.7247508717181729,0.02120387725224894,0.9484987383070729,0.004813435746414041,0.2745333562424622,0.01970244884126841,0.05150126169292711,0.00481343574641401,0.05150126169292711,0.00481343574641401,,,,,,
scene,GSI_MLC_PA,full,,0.7658720023787415,0.0182032914428833,0.7550120109601067,0.017549664417144575,0.08617838206958048,0.005952187993953587,0.6660446763750685,0.017216386558947416,0.7405055383808821,0.0211112420586107,22.513971471786498,0.3509167989052095,,,,,,,,,,,,,,,,,,,,,,,1.0,0.0,5.0,0.0,0.7503481255812482,0.020576180567295724
scene,GSI_MLC_PA,rejection,0.2,,,,,,,,,,,,,0.7223459777436251,0.018745922658333053,0.7162814840210734,0.01943114778243862,0.07094084542658514,0.0041147816347830955,0.07094084542658514,0.0041147816347830955,0.05916820796908963,0.0038053858157255246,0.8113029538871764,0.01322200745784645,0.8053518378277131,0.0157027229843413,0.9163235868069861,0.00701586736576603,0.37087702135690986,0.020567152756270274,0.08367641319301383,0.007015867365766035,0.08367641319301383,0.007015867365766035,,,,,,
scene,GSI_MLC_PA,rejection,0.25,,,,,,,,,,,,,0.7383048148679268,0.015973938839825747,0.7314069149222645,0.016676678336086298,0.07582161398239147,0.004225530524754145,0.07582161398239147,0.004225530524754145,0.06380604093463722,0.003929785411725606,0.8042226840343087,0.012610686649616095,0.7973585582042816,0.014398336545474797,0.9354203202365298,0.003861819692096568,0.30273907142762974,0.01999324299302375,0.06457967976347037,0.003861819692096544,0.06457967976347037,0.003861819692096544,,,,,,
scene,GSI_MLC_PA,rejection,0.3,,,,,,,,,,,,,0.747925873244553,0.017314137604123012,0.7403061501687113,0.01804032553995875,0.07962683721347232,0.005513790042751802,0.07962683721347232,0.005513790042751802,0.0682321767295981,0.005180025931351995,0.7965701455785188,0.015934928292661087,0.7892355862050005,0.017133679942063624,0.9507943474426422,0.003985213253182018,0.2387184619460904,0.026078505073912493,0.049205652557357704,0.003985213253182015,0.049205652557357704,0.003985213253182015,,,,,,
scene,GSI_MLC_PA,rejection,0.35,,,,,,,,,,,,,0.7543095647781063,0.020729732861160557,0.7455727018175826,0.020832011513938778,0.08323255750141077,0.006371418342634321,0.08323255750141077,0.006371418342634321,0.07358701978182727,0.0067514134375257695,0.7864419878656472,0.020246563671390754,0.7784218466855025,0.02093439762727785,0.9651215242879122,0.0039602285254302615,0.17727490069244897,0.01996335790124899,0.03487847571208781,0.003960228525430276,0.03487847571208781,0.003960228525430276,,,,,,
scene,GSI_MLC_PA,rejection,0.4,,,,,,,,,,,,,0.7611184956269786,0.018634040511951586,0.7522059104462114,0.01903708034738039,0.08487620521135282,0.006475701016549736,0.08487620521135282,0.006475701016549736,0.0772047866517992,0.0069778189080949085,0.7806909700000297,0.01883282350929028,0.7723621210610281,0.01993069572778272,0.9762539284372048,0.0022120679958348727,0.12544055925662953,0.008295462968004914,0.023746071562795318,0.0022120679958348628,0.023746071562795318,0.0022120679958348628,,,,,,
yeast,BR_MLP,full,,0.4382428178333562,0.007512872299526189,0.5322044979140998,0.007957348145681432,0.3803895071733917,0.007966240171389471,0.04924989557967981,0.01027552677766324,0.5261402277143272,0.007563471339952317,0.06132197380065918,0.009548707289544456,,,,,,,,,,,,,,,,,,,,,,,,,,,,
yeast,CC_MLP,full,,0.45863137408463783,0.008614530139938013,0.5956412956024388,0.006117198319363459,0.30677747874112604,0.006285540183803975,0.08566652921593358,0.009891646745835833,0.5913788718972341,0.0051067640878394915,0.45834717750549314,0.019694634347480575,,,,,,,,,,,,,,,,,,,,,,,,,,,,
yeast,MLC_PA,full,,0.37475132679826995,0.009181026984494358,0.6350631933787626,0.00552932336671312,0.20189970043729644,0.0014434284029434439,0.14649841248260445,0.010720306452856364,0.6092284716793476,0.006750649953131966,0.5677571296691895,0.043659460684807,,,,,,,,,,,,,,,,,,,,,,,,,,,,
yeast,MLC_PA,rejection,0.2,,,,,,,,,,,,,0.16700538392653624,0.004939831762533689,0.3475491265697959,0.01553510461536233,0.14877206774097176,0.0011864697611488572,0.14877206774097176,0.0011864697611488572,0.11208954238097399,0.0034964139899260095,0.33729767593443577,0.012648628918532514,0.6709139670266566,0.006671744042682751,0.5830595784765502,0.011105836603098211,0.9880057186675089,0.002658330926282153,0.4169404215234498,0.011105836603098215,0.4169404215234498,0.011105836603098215,,,,,,
yeast,MLC_PA,rejection,0.25,,,,,,,,,,,,,0.21580863698131275,0.0031106240519841967,0.4343573327928672,0.01009714079306584,0.16854422134058708,0.002839294457506526,0.16854422134058708,0.002839294457506526,0.12976502038502766,0.005396535033143604,0.35374828645067896,0.009106809980278439,0.6722044367340205,0.008382375173997564,0.6777882894950776,0.012182625469103637,0.9648489807889593,0.0046862077214839225,0.3222117105049225,0.01218262546910364,0.3222117105049225,0.01218262546910364,,,,,,
yeast,MLC_PA,rejection,0.3,,,,,,,,,,,,,0.2557068153216887,0.0015861090525218437,0.5014695758932309,0.010800596696337572,0.18187674406194113,0.0034228077662511996,0.18187674406194113,0.0034228077662511996,0.14373426120570806,0.006200706818289037,0.3584185171010176,0.0054640984032720465,0.6723358970053461,0.011617907522509572,0.7562239438537187,0.012473998020464153,0.9387342542368167,0.008248231408493872,0.2437760561462813,0.012473998020464153,0.2437760561462813,0.012473998020464153,,,,,,
yeast,MLC_PA,rejection,0.35,,,,,,,,,,,,,0.2890848377155749,0.00396063144993284,0.5494088513846515,0.010438055172401275,0.1920624517937882,0.0038070068161322494,0.1920624517937882,0.0038070068161322494,0.15853887222045054,0.005299822349288673,0.36046471556024545,0.0052646072766081384,0.6649601580349621,0.01126554955333351,0.8249920917477784,0.00681996073221543,0.8795465843022156,0.010701638196091276,0.17500790825222168,0.006819960732215415,0.17500790825222168,0.006819960732215415,,,,,,
yeast,MLC_PA,rejection,0.4,,,,,,,,,,,,,0.31601335378494116,0.007743178457691348,0.584337314977143,0.007847141332433104,0.19824939215247991,0.002489883712685302,0.19824939215247991,0.002489883712685302,0.17210579288521768,0.0035660772695455633,0.3612318838026545,0.008218871663820489,0.6563553466241295,0.007432049194423615,0.8853277770270997,0.005367912001607246,0.7698743015099815,0.016115031368676723,0.11467222297290021,0.005367912001607264,0.11467222297290021,0.005367912001607264,,,,,,
yeast,GSI_MLC_PA,full,,0.44852807094900526,0.013786242030443287,0.648375058690002,0.010335107936819738,0.21218037436105322,0.0025412426228889717,0.1982013194106798,0.004498734151012189,0.6268554346531333,0.013277109391239173,35.38908934593201,0.0999297807836381,,,,,,,,,,,,,,,,,,,,,,,2.2,0.8366600265340756,11.8,0.8366600265340756,0.4717792015198805,0.017145401530819705
yeast,GSI_MLC_PA,rejection,0.2,,,,,,,,,,,,,0.3815498392015805,0.007533073903960238,0.5290833828477851,0.026933992777557533,0.17774858994433967,0.0032378416820825796,0.17774858994433967,0.0032378416820825796,0.17306394252941576,0.0042938893609796285,0.4629294695139537,0.011940097091022,0.6445943353031228,0.014287688022928336,0.8277885155384392,0.01762301514048567,0.8523232874760147,0.022696767003400904,0.1722114844615607,0.017623015140485674,0.1722114844615607,0.017623015140485674,,,,,,
yeast,GSI_MLC_PA,rejection,0.25,,,,,,,,,,,,,0.4009271875291109,0.01237263115973125,0.5639960237364587,0.01858827853475603,0.18987003696329746,0.002590896357900611,0.18987003696329746,0.002590896357900611,0.18033735862479672,0.003752877394121518,0.45996201215729327,0.015848127723209347,0.651049320167578,0.012192927200764071,0.8636029202417854,0.012605005604637794,0.7820164769606693,0.03317761962504144,0.13639707975821463,0.0126050056046378,0.13639707975821463,0.0126050056046378,,,,,,
yeast,GSI_MLC_PA,rejection,0.3,,,,,,,,,,,,,0.41435445808326393,0.011975956040231045,0.5923273083377769,0.014907167771148578,0.19868895709152182,0.0017166285406897902,0.19868895709152182,0.0017166285406897902,0.18704283608876335,0.0019489613165237897,0.45617919040037985,0.01401890113949644,0.6552288673678374,0.010765244502929466,0.8969305953949078,0.008002568872822956,0.6894294222804366,0.03975053024328327,0.10306940460509226,0.008002568872822958,0.10306940460509226,0.008002568872822958,,,,,,
yeast,GSI_MLC_PA,rejection,0.35,,,,,,,,,,,,,0.4263175935001152,0.014187663439994225,0.6139049048808891,0.013260253764292615,0.20464885722361967,0.002014890043194381,0.20464885722361967,0.002014890043194381,0.19303650672238512,0.0021140324067923876,0.4547600609746113,0.015570094728825524,0.6571089996927275,0.010675067728529915,0.9260283575426455,0.005561652785923255,0.5747981310790585,0.037478778516942375,0.07397164245735455,0.005561652785923252,0.07397164245735455,0.005561652785923252,,,,,,
yeast,GSI_MLC_PA,rejection,0.4,,,,,,,,,,,,,0.4352704380632826,0.014526207563592056,0.6293023887833802,0.011745594846165459,0.2087371206598771,0.0015728226542127994,0.2087371206598771,0.0015728226542127994,0.199082680518531,0.0016731605854508281,0.4531229801658202,0.015023956893877992,0.6562748975235652,0.009883841201948127,0.9519568275159267,0.004337164932028299,0.4336906727821746,0.03301892399680475,0.048043172484073235,0.00433716493202826,0.048043172484073235,0.00433716493202826,,,,,,
medical,BR_MLP,full,,0.16145456682595197,0.0166372713792189,0.20064478610387543,0.0076072837332253505,0.15657116726182396,0.006013997680061418,0.0,0.0,0.20423066358694486,0.00843438132304442,0.05677638053894043,0.006582988209542867,,,,,,,,,,,,,,,,,,,,,,,,,,,,
medical,CC_MLP,full,,0.19646197705711596,0.016989509755004895,0.5991895694893047,0.015215879062646473,0.025149134857437954,0.0010444800488307374,0.28657977859807726,0.04367536977679739,0.5677236253990212,0.0241324914946597,1.3305781841278077,0.1956100408626852,,,,,,,,,,,,,,,,,,,,,,,,,,,,
medical,MLC_PA,full,,0.2843994964427945,0.00851971140905846,0.7943595764355694,0.013159564902691113,0.010379264347207083,0.0004292728060960186,0.6413756515603233,0.01668391714095734,0.7422799142186001,0.020860891925067526,0.6486612796783447,0.08797265752140869,,,,,,,,,,,,,,,,,,,,,,,,,,,,
medical,MLC_PA,rejection,0.2,,,,,,,,,,,,,0.16016971625893567,0.028312576971790758,0.5914540451170504,0.0364955760422484,0.008705201379201779,0.0004802434847188367,0.008705201379201779,0.0004802434847188367,0.00534699682615492,0.0003678732448460166,0.2516164923496305,0.03573461226861174,0.8199960797060573,0.017383478783336497,0.98274745543087,0.0013950747945963053,0.5839065728965164,0.03730754082092846,0.017252544569130022,0.0013950747945963254,0.017252544569130022,0.0013950747945963254,,,,,,
medical,MLC_PA,rejection,0.25,,,,,,,,,,,,,0.19077017723779005,0.027224979748828128,0.6529073210340475,0.02610471709259333,0.009249441373495875,0.0005974884805281289,0.009249441373495875,0.0005974884805281289,0.006016976878021242,0.00048315590923925445,0.26705946603230946,0.02982716318160396,0.8245096629130334,0.016837354038037617,0.986750773641489,0.0009759265596419894,0.47168906233152513,0.027318629278570882,0.013249226358510913,0.0009759265596420053,0.013249226358510913,0.0009759265596420053,,,,,,
medical,MLC_PA,rejection,0.3,,,,,,,,,,,,,0.2176239339842429,0.02746553432334013,0.7025862594357413,0.01845771075937536,0.00969213575382687,0.000429867053054086,0.00969213575382687,0.000429867053054086,0.006752552618226282,0.0002888135008077235,0.27079693904416213,0.024962700441069977,0.8250758808023008,0.0064876573314935244,0.9899755415253791,0.0008125563988800218,0.36952873151793636,0.03668220457214192,0.0100244584746209,0.0008125563988800094,0.0100244584746209,0.0008125563988800094,,,,,,
medical,MLC_PA,rejection,0.35,,,,,,,,,,,,,0.23633987779473936,0.025324274614299643,0.7414040324613511,0.00911493153905017,0.009832693844937141,0.0003787818466772986,0.009832693844937141,0.0003787818466772986,0.007394905683222963,0.0001963372345929068,0.27070117908484914,0.021843125970059295,0.8247020950493464,0.003555526425268422,0.9928843379969401,0.0006026530859025365,0.2824752402495586,0.03148011036800266,0.007115662003059839,0.0006026530859025537,0.007115662003059839,0.0006026530859025537,,,,,,
medical,MLC_PA,rejection,0.4,,,,,,,,,,,,,0.2569420227943683,0.014839312805728254,0.7647516253005048,0.006109166490653112,0.010194583484504086,0.0002957939162215907,0.010194583484504086,0.0002957939162215907,0.008421458435235289,0.00015911853392789805,0.27950303941033344,0.011855596947532564,0.8141091142028335,0.005495353489220825,0.9954718511934872,0.0006334853656373217,0.18736310625122116,0.03513040198212128,0.004528148806512637,0.0006334853656373045,0.004528148806512637,0.0006334853656373045,,,,,,
medical,GSI_MLC_PA,full,,0.28262631762435503,0.028450131708232358,0.7233632231222593,0.014856448095468893,0.013226585689960236,0.000693175941713304,0.5594269230084506,0.022919791723477557,0.6622704388550346,0.01590311509101627,90.19517979621887,1.0759477452935473,,,,,,,,,,,,,,,,,,,,,,,0.6,0.8944271909999157,44.4,0.8944271909999159,0.24262806199808437,0.026030409170939336
medical,GSI_MLC_PA,rejection,0.2,,,,,,,,,,,,,0.21358241162387484,0.02610987246693387,0.641635439377365,0.034814886540973915,0.01097297400053694,0.0005824544537868803,0.01097297400053694,0.0005824544537868803,0.009048869598703931,0.00045268376918460013,0.2625824188697113,0.026155154692637735,0.7539705468205352,0.01832574870025327,0.989922461238606,0.0010187134524900043,0.37990213937825523,0.033637761546157545,0.010077538761393928,0.0010187134524900167,0.010077538761393928,0.0010187134524900167,,,,,,
medical,GSI_MLC_PA,rejection,0.25,,,,,,,,,,,,,0.2343079790146962,0.025397263389216978,0.6708190969813428,0.022252680351173126,0.011562952785858978,0.0005377534097061192,0.011562952785858978,0.0005377534097061192,0.009731169357808456,0.0004617975166410255,0.2682613845807418,0.023750615528366124,0.7537310977476033,0.013073166804487408,0.9923758077848326,0.0007918756938603158,0.2980555543723925,0.0305244043558341,0.007624192215167282,0.0007918756938603075,0.007624192215167282,0.0007918756938603075,,,,,,
medical,GSI_MLC_PA,rejection,0.3,,,,,,,,,,,,,0.24943283718819295,0.026287913531250717,0.6883688316453087,0.020154145433973567,0.012012720256005551,0.0005946052009937518,0.012012720256005551,0.0005946052009937518,0.010286053281620548,0.0005967768224561868,0.2770285851994102,0.02243395611749697,0.7515653798297887,0.015106005827974466,0.9940401426447295,0.0003654650368200388,0.2425930215605129,0.01767251386815269,0.005959857355270588,0.00036546503682004,0.005959857355270588,0.00036546503682004,,,,,,
medical,GSI_MLC_PA,rejection,0.35,,,,,,,,,,,,,0.25675604642223887,0.02835642453406718,0.7003310345812978,0.017033540130025036,0.0125248739721323,0.0006336176783060231,0.0125248739721323,0.0006336176783060231,0.01115075734770927,0.0006590597378779734,0.2753274891420137,0.025019202875062346,0.7422435191302201,0.01624555184528093,0.9959449969625547,0.0005876474265019206,0.1690684915249479,0.019515380698787808,0.004055003037445195,0.0005876474265019373,0.004055003037445195,0.0005876474265019373,,,,,,
medical,GSI_MLC_PA,rejection,0.4,,,,,,,,,,,,,0.27243330396086646,0.029910505884873522,0.7099640810964389,0.01583742103567573,0.012902077647801474,0.0005462420276639353,0.012902077647801474,0.0005462420276639353,0.011911051474718241,0.0005765328577554565,0.2839912031207076,0.02786680650048182,0.7349142258917162,0.013719191180569487,0.9974466079075353,0.0005636643511859173,0.10866784856093341,0.019565686701064667,0.002553392092464717,0.000563664351185926,0.002553392092464717,0.000563664351185926,,,,,,
enron,BR_MLP,full,,0.160824844830651,0.01025959605570542,0.27867364792461985,0.00835417672672868,0.21141426139684433,0.00495830140565305,0.0,0.0,0.27037106003451983,0.008239714333592581,0.0625579833984375,0.008985314735556532,,,,,,,,,,,,,,,,,,,,,,,,,,,,
enron,CC_MLP,full,,0.21579310419860329,0.017801214675776323,0.5782393025465559,0.005451582132647719,0.05958075538149178,0.0009584060774981622,0.08580193687991369,0.0185835785951088,0.5778584167454469,0.006713758173624366,1.6354039669036866,0.12683454376229003,,,,,,,,,,,,,,,,,,,,,,,,,,,,
enron,MLC_PA,full,,0.21604032271986662,0.010646177875951061,0.5592314388819312,0.007802582037402232,0.04952096107565813,0.0009826789439709189,0.1374888289350808,0.026886485704839667,0.5459801344479269,0.012241882195919923,2.23522834777832,0.06995714515325638,,,,,,,,,,,,,,,,,,,,,,,,,,,,
enron,MLC_PA,rejection,0.2,,,,,,,,,,,,,0.14573772585202666,0.010040424952363989,0.467843396636754,0.009012957395350215,0.04078974844110467,0.0008051985133976315,0.04078974844110467,0.0008051985133976315,0.03328252223474342,0.0011243997506467517,0.17645105965144253,0.010806747526410596,0.5806837691992355,0.010957447234804166,0.9549799121621181,0.0021615306959498386,0.8665977085754767,0.023313687526071478,0.045020087837881924,0.0021615306959498295,0.045020087837881924,0.0021615306959498295,,,,,,
enron,MLC_PA,rejection,0.25,,,,,,,,,,,,,0.1599638220688379,0.010846522381687032,0.49305112896404335,0.008239106632773854,0.04360220497631134,0.0008092128899731244,0.04360220497631134,0.0008092128899731244,0.035984141967563554,0.0012241307268413115,0.18518204222178838,0.01022963565455112,0.580106284232434,0.008547963610909953,0.9644124507595692,0.001936764080703965,0.8067183267885796,0.016293519482462184,0.035587549240431005,0.0019367640807039749,0.035587549240431005,0.0019367640807039749,,,,,,
enron,MLC_PA,rejection,0.3,,,,,,,,,,,,,0.1709103602011422,0.008999407802972637,0.5090243251465707,0.00731189748443198,0.0460884268008892,0.0006130846300085758,0.0460884268008892,0.0006130846300085758,0.03880109585219639,0.0008973541568209628,0.19088719302273643,0.010491725868045577,0.5750461755869989,0.00640164987742837,0.9721037890277116,0.0015677333000802692,0.7344417186229693,0.014811252021810486,0.027896210972288553,0.0015677333000802779,0.027896210972288553,0.0015677333000802779,,,,,,
enron,MLC_PA,rejection,0.35,,,,,,,,,,,,,0.18201969376721036,0.007951765243142507,0.522395557205563,0.006047394329818759,0.04789530338570058,0.0006665244591783758,0.04789530338570058,0.0006665244591783758,0.04155281570751092,0.0008618719580488601,0.19614133099780012,0.008413986186218596,0.5695790991183156,0.006905224726744709,0.9794390176444582,0.0011122116286143087,0.6457153901541428,0.024446283597200677,0.020560982355541855,0.0011122116286143295,0.020560982355541855,0.0011122116286143295,,,,,,
enron,MLC_PA,rejection,0.4,,,,,,,,,,,,,0.2016498533853152,0.010302515067575955,0.5382353613686651,0.0064742664166629596,0.04887844473195389,0.0006701657119485552,0.04887844473195389,0.0006701657119485552,0.04400509756952116,0.0009120760969357078,0.21050668290602773,0.011210857972995538,0.5679015152781514,0.0066670300282971355,0.98631208572055,0.0008739587643379563,0.4928935935509279,0.02510166986505618,0.013687914279450009,0.0008739587643379414,0.013687914279450009,0.0008739587643379414,,,,,,
enron,GSI_MLC_PA,full,,0.21185699483340836,0.017209448313959055,0.5638015538868725,0.0092425632751665,0.04944518233904029,0.0008235465946888815,0.14224195706359472,0.028454463335982547,0.5540873121662205,0.016044581750619617,143.0199046611786,2.836201832976845,,,,,,,,,,,,,,,,,,,,,,,5.6,2.3021728866442674,47.4,2.302172886644268,0.18294305309972395,0.008967822404176437
enron,GSI_MLC_PA,rejection,0.2,,,,,,,,,,,,,0.1697862857428531,0.013194996081927517,0.49578196153677645,0.03702514614360636,0.042899808003942275,0.0014001640178412838,0.042899808003942275,0.0014001640178412838,0.037958875013790874,0.0026984280565839013,0.19335197330095194,0.015261150532923111,0.572656220478164,0.01515291448472195,0.9696092419990382,0.007630077322958779,0.7746737030835178,0.10070934714911364,0.03039075800096174,0.007630077322958794,0.03039075800096174,0.007630077322958794,,,,,,
enron,GSI_MLC_PA,rejection,0.25,,,,,,,,,,,,,0.1742466249236292,0.014404698322483091,0.507799865650262,0.02980222793652582,0.045159107710540665,0.0010242016752634194,0.045159107710540665,0.0010242016752634194,0.040003571583957835,0.002381026970644835,0.1935754150269958,0.015710996647563587,0.570248674185779,0.012196600420406887,0.9755068487875265,0.006437248520792319,0.7058141979287791,0.11033614913481099,0.024493151212473592,0.006437248520792335,0.024493151212473592,0.006437248520792335,,,,,,
enron,GSI_MLC_PA,rejection,0.3,,,,,,,,,,,,,0.1820480611733553,0.015092578060993955,0.5219181631599755,0.02577827454272887,0.04677147789786445,0.0009015004661854241,0.04677147789786445,0.0009015004661854241,0.04185930462158503,0.002183671911993665,0.1969467749799332,0.017392834921640073,0.5699024850092829,0.012539669283043252,0.9810054158147127,0.005282268767341614,0.625103944647633,0.1294611941870534,0.018994584185287346,0.00528226876734161,0.018994584185287346,0.00528226876734161,,,,,,
enron,GSI_MLC_PA,rejection,0.35,,,,,,,,,,,,,0.1915266250827203,0.015930841691205923,0.5357608117751892,0.020803783546882563,0.04778566871032517,0.0007511605153328107,0.04778566871032517,0.0007511605153328107,0.04350029576313006,0.0017485375653586354,0.20161321524529452,0.017846053834513986,0.5711235627825426,0.010488087794520547,0.9860346820655934,0.003828754001252281,0.5142877767152998,0.10771200513538744,0.013965317934406446,0.003828754001252312,0.013965317934406446,0.003828754001252312,,,,,,
enron,GSI_MLC_PA,rejection,0.4,,,,,,,,,,,,,0.19461236470397253,0.015893606249954065,0.5459367869149228,0.01889255644302367,0.048852092384502534,0.0005572966713402666,0.048852092384502534,0.0005572966713402666,0.04562183118672356,0.001139783588120555,0.20081523568141452,0.01697149253482021,0.5680309554834155,0.01128807544106414,0.9908910845581043,0.0028513662248240918,0.3751181625066965,0.10458900401926502,0.009108915441895793,0.0028513662248241013,0.009108915441895793,0.0028513662248241013,,,,,,
cal500,BR_MLP,full,,0.16493564798465016,0.0031845655463460373,0.2965537783566081,0.002937102488007901,0.3465020792364138,0.0038093963892386093,0.0,0.0,0.29436764161858664,0.0032644315505087297,0.0589442253112793,0.004369470549060439,,,,,,,,,,,,,,,,,,,,,,,,,,,,
cal500,CC_MLP,full,,0.19057585470197985,0.007903230739941801,0.3694878472802985,0.010823072865265291,0.2600490576419671,0.00307435780693758,0.0,0.0,0.36453874351925875,0.010265060406392235,5.361886024475098,0.2244253995355431,,,,,,,,,,,,,,,,,,,,,,,,,,,,
cal500,MLC_PA,full,,0.07390121531110586,0.0031708394348777553,0.3456262447299476,0.004566307292861881,0.13726895257486454,0.0022638322900152942,0.0,0.0,0.34542813920732807,0.005197756028813486,2.002891254425049,0.22865588668630746,,,,,,,,,,,,,,,,,,,,,,,,,,,,
cal500,MLC_PA,rejection,0.2,,,,,,,,,,,,,0.010722906348939434,0.0011171256355909517,0.08484681786987888,0.0037422064807779536,0.10161754497525828,0.0021346673554952945,0.10161754497525828,0.0021346673554952945,0.06662354095568264,0.0027228606399760844,0.04003161325650026,0.010561199211432072,0.21427346676287176,0.009418199734686798,0.7376168398487738,0.0025354557731527617,1.0,0.0,0.26238316015122626,0.002535455773152767,0.26238316015122626,0.002535455773152767,,,,,,
cal500,MLC_PA,rejection,0.25,,,,,,,,,,,,,0.015943733759537348,0.002022087486370962,0.11217757271995091,0.006555468370586848,0.11451464362974673,0.002178067520416362,0.11451464362974673,0.002178067520416362,0.08007533500395539,0.002437311048544791,0.046429497970755,0.008982060514685893,0.2207304357099205,0.009932599877761806,0.7973146580965402,0.003381304519127414,1.0,0.0,0.20268534190345985,0.003381304519127406,0.20268534190345985,0.003381304519127406,,,,,,
cal500,MLC_PA,rejection,0.3,,,,,,,,,,,,,0.023715315018072676,0.002929591273251547,0.14980090636037363,0.010149502190598982,0.12356498453519257,0.0018982661696876986,0.12356498453519257,0.0018982661696876986,0.09210925996023353,0.0015042497524808327,0.05307507389577426,0.005869386024202135,0.24132272580328498,0.010836304753968993,0.8486776720287581,0.00417148540104097,1.0,0.0,0.15132232797124182,0.0041714854010409756,0.15132232797124182,0.0041714854010409756,,,,,,
cal500,MLC_PA,rejection,0.35,,,,,,,,,,,,,0.03350336696174244,0.003440761211430858,0.19509955436705645,0.009092983722176616,0.13003228521231372,0.0018608795038505216,0.13003228521231372,0.0018608795038505216,0.10370853805448625,0.0015534489148011118,0.05710011180260096,0.0063105571291357,0.26749616245053,0.009223974788873738,0.8931111838521215,0.002575087980462719,1.0,0.0,0.10688881614787855,0.0025750879804627433,0.10688881614787855,0.0025750879804627433,,,,,,
cal500,MLC_PA,rejection,0.4,,,,,,,,,,,,,0.045724698982655236,0.003482617480843542,0.24713202195872555,0.0035438740216789033,0.1345381700151196,0.0020438667696436375,0.1345381700151196,0.0020438667696436375,0.11537551807552068,0.0019189200639222455,0.06175240889511816,0.005387416839563749,0.2966688559169951,0.003725217866409651,0.9326701060378605,0.0017569326553874872,1.0,0.0,0.06732989396213937,0.0017569326553874885,0.06732989396213937,0.0017569326553874885,,,,,,
cal500,GSI_MLC_PA,full,,0.0643715313269432,0.012375627080834032,0.3329463293699061,0.023701805256478473,0.14202079594771436,0.005719748591037939,0.0,0.0,0.3340462542621932,0.02199936484532352,118.16967296600342,9.452330387569255,,,,,,,,,,,,,,,,,,,,,,,10.6,3.646916505762094,163.4,3.6469165057620936,0.10626287603261489,0.005192838233106025
cal500,GSI_MLC_PA,rejection,0.2,,,,,,,,,,,,,0.021867355273625884,0.007134608878489054,0.15160273562205975,0.030368606630932733,0.11414232192896519,0.0010822790693689294,0.11414232192896519,0.0010822790693689294,0.09920207938232571,0.002204273518199432,0.03862277888318797,0.011663418086154283,0.23029489940007788,0.04396739170109357,0.8519963998547319,0.015210348369637396,1.0,0.0,0.14800360014526812,0.015210348369637399,0.14800360014526812,0.015210348369637399,,,,,,
cal500,GSI_MLC_PA,rejection,0.25,,,,,,,,,,,,,0.02685479095407563,0.007136786390200728,0.1814396639195477,0.025500276744202098,0.12373578139316721,0.0016940566973870318,0.12373578139316721,0.0016940566973870318,0.10759813209160936,0.0010199235579576337,0.04114525058064743,0.011366049406954952,0.24681314872473487,0.03251433691246873,0.8867172841619428,0.013905643748467878,1.0,0.0,0.11328271583805724,0.013905643748467887,0.11328271583805724,0.013905643748467887,,,,,,
cal500,GSI_MLC_PA,rejection,0.3,,,,,,,,,,,,,0.03259953648177899,0.007942793989575004,0.20769656704647552,0.025071645161027445,0.1307231561827947,0.0026854362003785465,0.1307231561827947,0.0026854362003785465,0.11485333004627922,0.0015204342326292709,0.046831588052019354,0.012714589764718613,0.26045533732684456,0.029692649877063097,0.9142952055748825,0.013371846876185202,1.0,0.0,0.08570479442511748,0.013371846876185228,0.08570479442511748,0.013371846876185228,,,,,,
cal500,GSI_MLC_PA,rejection,0.35,,,,,,,,,,,,,0.03999064153334779,0.01067116769031915,0.238941909793213,0.0333584673822511,0.1358831533432296,0.0037773479692758106,0.1358831533432296,0.0037773479692758106,0.1214906802545003,0.0030305024979597685,0.05128571738099582,0.011627605054383188,0.27934438549589347,0.03536930843182975,0.9370084068702728,0.010273091907193062,1.0,0.0,0.0629915931297273,0.01027309190719306,0.0629915931297273,0.01027309190719306,,,,,,
cal500,GSI_MLC_PA,rejection,0.4,,,,,,,,,,,,,0.04817061786017757,0.011074114312875142,0.27107603521922535,0.02991574907395248,0.1393949445380923,0.004665848718500271,0.1393949445380923,0.004665848718500271,0.1279203839000601,0.004160666708881827,0.057774670385271606,0.0087090932167339,0.29891270064059844,0.029525453665049176,0.9578184671706869,0.007994006152961766,1.0,0.0,0.04218153282931332,0.007994006152961766,0.04218153282931332,0.007994006152961766,,,,,,
bibtex,BR_MLP,full,,0.101137157127737,0.0020041639250919247,0.09498581929127653,0.0028097692386849296,0.1317383387876931,0.0017071417901876882,0.0,0.0,0.09056894561763897,0.0025134083057664976,0.3870121479034424,0.06621820748813739,,,,,,,,,,,,,,,,,,,,,,,,,,,,
bibtex,CC_MLP,full,,0.15835473239850506,0.002924194733225269,0.3522284289296783,0.005991217917132164,0.018017134469406327,0.0002030868765917993,0.09846548241816358,0.0030128039146103762,0.2942319938264529,0.007565742020315867,8.584382629394531,0.46426560357355046,,,,,,,,,,,,,,,,,,,,,,,,,,,,
bibtex,MLC_PA,full,,0.28319695534616546,0.011721552203978502,0.433595389018486,0.011401056253033764,0.012534225314200603,0.00017153073058831075,0.17151017126757653,0.006974651590928596,0.3789754182161399,0.011866219238644657,17.392474269866945,0.7784659653065729,,,,,,,,,,,,,,,,,,,,,,,,,,,,
bibtex,MLC_PA,rejection,0.2,,,,,,,,,,,,,0.17236775740609675,0.011037664296915304,0.3392133722253766,0.009623976354238409,0.010947892773796796,0.0001508164500136819,0.010947892773796796,0.0001508164500136819,0.009294463026308389,0.0001376970371819964,0.22064440976732178,0.014406179491028098,0.41322207445721587,0.010969587009334626,0.991329897158535,0.00015451109911860435,0.6832693635661051,0.006790356379689534,0.008670102841464876,0.00015451109911860368,0.008670102841464876,0.00015451109911860368,,,,,,
bibtex,MLC_PA,rejection,0.25,,,,,,,,,,,,,0.19228902662651054,0.011094233533944599,0.3595604089468306,0.009929360213691724,0.011499860254597736,0.00012668365671794665,0.011499860254597736,0.00012668365671794665,0.009906932616704623,0.00010369903669442515,0.23149089572670523,0.014281648462623055,0.4174706803595855,0.010948385194024085,0.9933653515057624,0.00019430266345540288,0.5973446990112233,0.008283270437673896,0.006634648494237433,0.00019430266345538347,0.006634648494237433,0.00019430266345538347,,,,,,
bibtex,MLC_PA,rejection,0.3,,,,,,,,,,,,,0.21133824764140421,0.012107626921042206,0.37640366321151486,0.010929522847332642,0.01190335274227162,0.0001324882862468066,0.01190335274227162,0.0001324882862468066,0.010466267561186252,9.62770067888493e-05,0.2413850285974502,0.014319918720149347,0.42034902373275596,0.011893515298236186,0.9950365261964539,0.00017864555065471134,0.5045784201247182,0.008242332376475417,0.004963473803546069,0.0001786455506547306,0.004963473803546069,0.0001786455506547306,,,,,,
bibtex,MLC_PA,rejection,0.35,,,,,,,,,,,,,0.23261416789500816,0.009321704784539031,0.3943989949606982,0.00917456164816338,0.01219869280037814,0.00015547436606400315,0.01219869280037814,0.00015547436606400315,0.01098855297611207,0.00011063478735728661,0.2544055926806722,0.010307876075047207,0.42534729207730615,0.0101115889613664,0.9964303595728273,0.00019342924110223,0.40666591363564386,0.009116831690720108,0.003569640427172642,0.00019342924110221998,0.003569640427172642,0.00019342924110221998,,,,,,
bibtex,MLC_PA,rejection,0.4,,,,,,,,,,,,,0.24937915796667864,0.011667770511215593,0.40696271872748396,0.010635450274030556,0.012389156097040702,0.0001640011943200933,0.012389156097040702,0.0001640011943200933,0.011495274966921898,0.00010318417007204554,0.2639534669446292,0.012435570436601677,0.42727085612782323,0.011385371442467627,0.9976991471944127,0.00019236961360402966,0.2929904019861093,0.017630889208379255,0.002300852805587369,0.00019236961360406186,0.002300852805587369,0.00019236961360406186,,,,,,
bibtex,GSI_MLC_PA,full,,0.2628381896134346,0.014323814883666908,0.4163486955297554,0.011192533893328152,0.012866218333074442,0.00013156090280161138,0.1634406459077194,0.007889491021325834,0.36119777790912233,0.012129166735212587,1478.2140471458436,14.546722348633523,,,,,,,,,,,,,,,,,,,,,,,45.4,6.18869937870632,113.6,6.188699378706321,0.26533179627253134,0.012606519917774103
bibtex,GSI_MLC_PA,rejection,0.2,,,,,,,,,,,,,0.19383834527101013,0.015974887541712734,0.3628745612674211,0.013431126275188264,0.01170455888957016,0.00015095798033611506,0.01170455888957016,0.00015095798033611506,0.01050276986039025,0.00017454224395523687,0.22451034084548085,0.0176095617966127,0.4075959107515077,0.01182606734311395,0.9936581390794815,0.00033283335830796825,0.5628092373041442,0.01357047988360261,0.006341860920518453,0.0003328333583079657,0.006341860920518453,0.0003328333583079657,,,,,,
bibtex,GSI_MLC_PA,rejection,0.25,,,,,,,,,,,,,0.20802272501021615,0.01558059259524991,0.3747074228748951,0.012257868795063208,0.01212654188527706,0.00015067424207824013,0.01212654188527706,0.00015067424207824013,0.010960856137122181,0.00015740786280204572,0.233014350536029,0.0171112268447847,0.4092858810608259,0.011488142639304968,0.9951234819205933,0.0002029018606232668,0.4906813866509312,0.006715701595285483,0.004876518079406525,0.00020290186062328186,0.004876518079406525,0.00020290186062328186,,,,,,
bibtex,GSI_MLC_PA,rejection,0.3,,,,,,,,,,,,,0.22144411437147543,0.01582267820241267,0.3861515641540861,0.011860736097326543,0.012406496872741144,0.00015661616331700542,0.012406496872741144,0.00015661616331700542,0.01135093239545367,0.00015581731600654002,0.2409431307073598,0.016825331654868384,0.4122808501607384,0.011040408703066612,0.996343096565322,0.00016885352781936233,0.4066783910620865,0.009513394861131346,0.0036569034346779737,0.000168853527819366,0.0036569034346779737,0.000168853527819366,,,,,,
bibtex,GSI_MLC_PA,rejection,0.35,,,,,,,,,,,,,0.23204664842578765,0.014448187064651235,0.3949694013482322,0.010414570513772224,0.012605689840682216,0.00014731261605633637,0.012605689840682216,0.00014731261605633637,0.01170552495133473,0.000155037284122285,0.2468182394120808,0.0153126426748118,0.41388442403821085,0.010277963570091956,0.9973391221404482,0.00012118690906843937,0.32043575599267404,0.008668499006384807,0.0026608778595518063,0.00012118690906845649,0.0026608778595518063,0.00012118690906845649,,,,,,
bibtex,GSI_MLC_PA,rejection,0.4,,,,,,,,,,,,,0.24356143885471443,0.01487058030650992,0.40354644112677407,0.01055721960612864,0.012750924318533566,0.00016392380436366667,0.012750924318533566,0.00016392380436366667,0.01209801970506422,0.000164920846818721,0.2530480870236567,0.01531489222071821,0.41526976507747604,0.010434953965709893,0.9983168340903348,7.93482499547419e-05,0.22327574012192164,0.00925072512257192,0.0016831659096653458,7.934824995472058e-05,0.0016831659096653458,7.934824995472058e-05,,,,,,
music,BR_MLP,full,,0.6436121399359854,0.018579659933163187,0.649338685061631,0.016133341517503026,0.28352926568280507,0.012927037302993197,0.17065032010196518,0.01960072921382375,0.6380953047595976,0.014995603734338687,0.06267724037170411,0.004727765376442316,,,,,,,,,,,,,,,,,,,,,,,,,,,,
music,CC_MLP,full,,0.6262021326147759,0.013145852863810538,0.6344219557374591,0.01252760129441232,0.27564049812305047,0.007361872828097533,0.16882575716075218,0.031066417739584854,0.6109780583245902,0.015386685488336011,0.2099918842315674,0.015688976300158863,,,,,,,,,,,,,,,,,,,,,,,,,,,,
music,MLC_PA,full,,0.60674071937973,0.01988872311313569,0.6436328371788422,0.018068591879029032,0.19568317838507268,0.009340892481326421,0.26027034890444656,0.03308885585219683,0.5694772986697214,0.0235624705594577,0.09847683906555176,0.01627094403548978,,,,,,,,,,,,,,,,,,,,,,,,,,,,
music,MLC_PA,rejection,0.2,,,,,,,,,,,,,0.24937433698697048,0.03887731268347963,0.2620082463798116,0.04622154527194431,0.14106817926359302,0.005037151935989957,0.14106817926359302,0.005037151935989957,0.08114436346744855,0.013820488080665074,0.6290967931833683,0.03925181729905243,0.7050393057653253,0.029754559890734368,0.49757000873650925,0.021964794658459963,0.9813262288835569,0.016448279813092714,0.5024299912634909,0.021964794658459956,0.5024299912634909,0.021964794658459956,,,,,,
music,MLC_PA,rejection,0.25,,,,,,,,,,,,,0.34170613027301333,0.015297897363691243,0.3584907757668836,0.02160791844841654,0.1592420591298956,0.007052787276582914,0.1592420591298956,0.007052787276582914,0.09684962193580471,0.015895300924373326,0.6448753677001566,0.02701228256345656,0.7130895263283378,0.03278584561387468,0.5941188846971499,0.018562380818557385,0.9457885196668846,0.02885845907615736,0.40588111530285004,0.01856238081855741,0.40588111530285004,0.01856238081855741,,,,,,
music,MLC_PA,rejection,0.3,,,,,,,,,,,,,0.4166769398480555,0.014004539750642841,0.4394585440967428,0.01269188019731279,0.17557417085333338,0.008186554292023243,0.17557417085333338,0.008186554292023243,0.1191896084954928,0.01476397865966813,0.6378952482005724,0.022657371986591342,0.6961654329876602,0.022915152393338082,0.6889556604910544,0.014363106969588355,0.8935305195524539,0.027880005487863273,0.31104433950894567,0.014363106969588316,0.31104433950894567,0.014363106969588316,,,,,,
music,MLC_PA,rejection,0.35,,,,,,,,,,,,,0.48329973654421854,0.017277079797960858,0.512452883384287,0.022818661887515926,0.1832617136380845,0.009953010933263296,0.1832617136380845,0.009953010933263296,0.13400944911051588,0.015227537181106398,0.6416014039304887,0.022740312121902004,0.6931529856691719,0.025863700815407304,0.7725642161833587,0.01712122593899436,0.8005776321828166,0.03146574184944393,0.22743578381664126,0.01712122593899436,0.22743578381664126,0.01712122593899436,,,,,,
music,MLC_PA,rejection,0.4,,,,,,,,,,,,,0.5310031751478886,0.007196972258432181,0.5665010322730687,0.008568354809112312,0.19026616122328988,0.012796870272251718,0.19026616122328988,0.012796870272251718,0.15463485679335337,0.017086000008104184,0.626228063342894,0.019706768807452354,0.6757266635032556,0.024011503980906172,0.8552993238436907,0.016159611208161763,0.6402399638690766,0.04110654910510745,0.14470067615630927,0.01615961120816177,0.14470067615630927,0.01615961120816177,,,,,,
music,GSI_MLC_PA,full,,0.6700229067196682,0.027579387688195414,0.6856971105673492,0.021154262176533597,0.18587201358886304,0.013659328099991753,0.31248586353272295,0.029450432245478636,0.6507678795116483,0.024530971649614115,3.7055560111999513,0.20814724709452637,,,,,,,,,,,,,,,,,,,,,,,0.0,0.0,6.0,0.0,0.6580300793779957,0.02161935309200806
music,GSI_MLC_PA,rejection,0.2,,,,,,,,,,,,,0.4944007819689545,0.029370387090329943,0.5164685815190534,0.02516468186515564,0.13427948145794608,0.011297500136245572,0.13427948145794608,0.011297500136245572,0.10602727429435517,0.017336149591061816,0.7163018858092447,0.021755510657244938,0.7595473661886569,0.03141239343593241,0.7004399702804489,0.013948446719476136,0.9138422339818153,0.035513415422267,0.2995600297195512,0.013948446719476138,0.2995600297195512,0.013948446719476138,,,,,,
music,GSI_MLC_PA,rejection,0.25,,,,,,,,,,,,,0.5335249668293163,0.03625754756908973,0.5565012959283745,0.03140015262498536,0.1525799027419167,0.013108490011040596,0.1525799027419167,0.013108490011040596,0.12167641882750917,0.01906123506598908,0.7040137592700512,0.0347366142780766,0.7416544926915779,0.03586034173807351,0.7603808233419399,0.021659699241705174,0.8429536786465999,0.06427759710928367,0.23961917665805998,0.021659699241705212,0.23961917665805998,0.021659699241705212,,,,,,
music,GSI_MLC_PA,rejection,0.3,,,,,,,,,,,,,0.5744462002231578,0.027028067843453202,0.5966868147529967,0.024004597162804033,0.16399868566867568,0.012178259951734596,0.16399868566867568,0.012178259951734596,0.13461368186085043,0.014735461610805035,0.7016780405805524,0.030028796677054267,0.7310959386437552,0.024000758929022478,0.8223062396043452,0.012006050353923055,0.7095214965603798,0.05109217268934995,0.1776937603956547,0.012006050353923032,0.1776937603956547,0.012006050353923032,,,,,,
music,GSI_MLC_PA,rejection,0.35,,,,,,,,,,,,,0.6024151739667958,0.024483965637510288,0.6266154450310656,0.023785209555294905,0.1738380138380138,0.012615286561852453,0.1738380138380138,0.012615286561852453,0.14666801900783827,0.014014886284941701,0.695120198739066,0.030822224905310933,0.7224078567096974,0.022951252167765997,0.8662496028398323,0.0056979220660441305,0.5946768972691207,0.030210460335272044,0.13375039716016784,0.005697922066044121,0.13375039716016784,0.005697922066044121,,,,,,
music,GSI_MLC_PA,rejection,0.4,,,,,,,,,,,,,0.6341353042255932,0.01934802229788722,0.6556658657105651,0.01761129870847541,0.17820327377655396,0.010880450426783029,0.17820327377655396,0.010880450426783029,0.1564820580778275,0.011424108994076624,0.6953116680780822,0.023653835949653194,0.7173283234097994,0.016210532909746566,0.910731703952043,0.004925927477407472,0.4545220261072703,0.026299704939649844,0.08926829604795708,0.004925927477407501,0.08926829604795708,0.004925927477407501,,,,,,
reuters-k500,BR_MLP,full,,0.052601283747454854,0.004074641386188872,0.06505493351670574,0.00450453951211646,0.15740079371782018,0.007950791893021598,0.0,0.0,0.06455761195949676,0.004621532466799396,0.16171813011169434,0.023557318923813447,,,,,,,,,,,,,,,,,,,,,,,,,,,,
reuters-k500,CC_MLP,full,,0.10069665236658362,0.0031708223408379514,0.30620036243682514,0.016056635403155023,0.015926363475411185,0.00037474461116839003,0.1638725253268249,0.014944060992135497,0.2551719633626174,0.015479591312930783,4.130529117584229,0.283380447331795,,,,,,,,,,,,,,,,,,,,,,,,,,,,
reuters-k500,MLC_PA,full,,0.16538209264765152,0.008629220739893176,0.3914287283982167,0.014897960480413938,0.01144656741320196,0.00016913759653030164,0.23733719727743868,0.008104612022540314,0.3007916775826346,0.009735145352197948,2.9218875408172607,0.24486204295964784,,,,,,,,,,,,,,,,,,,,,,,,,,,,
reuters-k500,MLC_PA,rejection,0.2,,,,,,,,,,,,,0.0825605577419736,0.00574409839203144,0.21980465759300843,0.008058160390494942,0.00951380378302015,0.00013550729994951742,0.00951380378302015,0.00013550729994951742,0.00763000902996132,0.00014409720503686082,0.12020362979446989,0.009124119479272453,0.31965517975090446,0.012357914414668424,0.9902074743556237,0.00017876828725374853,0.6236617600255538,0.01183856590660067,0.009792525644376333,0.0001787682872537141,0.009792525644376333,0.0001787682872537141,,,,,,
reuters-k500,MLC_PA,rejection,0.25,,,,,,,,,,,,,0.09822553961438367,0.008444934708473028,0.2556642865646154,0.010574406783566772,0.010140063264405091,0.0001312939016227431,0.010140063264405091,0.0001312939016227431,0.0083626363770631,0.00015096031017194092,0.12935512661368778,0.01074826060629164,0.337658495565145,0.014051187293299195,0.9926442784226353,0.00010246797157080603,0.5173317959375038,0.014276699579102485,0.0073557215773646335,0.0001024679715708318,0.0073557215773646335,0.0001024679715708318,,,,,,
reuters-k500,MLC_PA,rejection,0.3,,,,,,,,,,,,,0.11086349619281825,0.005983383324902763,0.28321689853057636,0.00839847655994682,0.010693830503974789,0.00012203712885650244,0.010693830503974789,0.00012203712885650244,0.009131788848115264,0.0001513659133585612,0.13498455774488244,0.008288947851444819,0.34553169182370774,0.00976838837190693,0.994629769691195,0.00011795741493115223,0.41280961654271636,0.015232253729259185,0.00537023030880507,0.00011795741493113425,0.00537023030880507,0.00011795741493113425,,,,,,
reuters-k500,MLC_PA,rejection,0.35,,,,,,,,,,,,,0.1238401493392119,0.007159854535197165,0.3104282063826915,0.00985452594237054,0.011046046549885797,0.00015818305790790904,0.011046046549885797,0.00015818305790790904,0.009747857788649252,0.00019942523881788797,0.14194755275249898,0.00934509278727606,0.3567101132958065,0.01223657889711194,0.9961846831187934,0.00012023027252032417,0.3194687437939677,0.014892165487590264,0.003815316881206681,0.00012023027252032302,0.003815316881206681,0.00012023027252032302,,,,,,
reuters-k500,MLC_PA,rejection,0.4,,,,,,,,,,,,,0.14188036090740394,0.00938785253411972,0.3405157163731884,0.013633615395785718,0.011291784161604179,0.00018707430423160924,0.011291784161604179,0.00018707430423160924,0.010369446746954863,0.0002121673003392786,0.1538684679416668,0.01012280430792372,0.3700176798250457,0.015112159246923334,0.9976328185161275,8.383796060346455e-05,0.21513181713014456,0.011611140892111679,0.0023671814838724437,8.383796060344427e-05,0.0023671814838724437,8.383796060344427e-05,,,,,,
reuters-k500,GSI_MLC_PA,full,,0.27981847745271277,0.015404517472154624,0.4993815998027264,0.008372257720841415,0.011729841750061792,0.0001569944164028329,0.36283938131966514,0.014151683122042225,0.467779703139397,0.0121419105827256,659.3866881370544,23.682298567369568,,,,,,,,,,,,,,,,,,,,,,,7.2,1.7888543819998317,95.8,1.7888543819998317,0.2789005495846212,0.012722252409271178
reuters-k500,GSI_MLC_PA,rejection,0.2,,,,,,,,,,,,,0.22940119377274454,0.017792358449693232,0.4444947106380532,0.016467346509385066,0.010286308474482248,0.0001677321855545148,0.010286308474482248,0.0001677321855545148,0.008865016409360714,0.0001488090096495843,0.2607124175581356,0.018376378766614937,0.5086516799818879,0.013953505099180901,0.9925639201543763,0.00036716174680308846,0.5410244452790971,0.024738533452929153,0.007436079845623772,0.0003671617468030953,0.007436079845623772,0.0003671617468030953,,,,,,
reuters-k500,GSI_MLC_PA,rejection,0.25,,,,,,,,,,,,,0.24127702999372475,0.01507423381693864,0.45913441291731266,0.012768956636998141,0.010735339402245003,0.00018824852056449132,0.010735339402245003,0.00018824852056449132,0.00934496964205345,0.00018234367931575413,0.26626678558859057,0.015571370304352851,0.509136390659221,0.01132769989041907,0.9942225873278167,0.0003315260679863429,0.458030265395038,0.020392489775671017,0.005777412672183235,0.00033152606798632746,0.005777412672183235,0.00033152606798632746,,,,,,
reuters-k500,GSI_MLC_PA,rejection,0.3,,,,,,,,,,,,,0.253565107741863,0.01643861601326331,0.47097331206653764,0.01252936519084628,0.011071177244099794,0.00017041566688265908,0.011071177244099794,0.00017041566688265908,0.00979370858869171,0.00017343341247706327,0.2728201067599497,0.016601378738623534,0.5088601054760117,0.010487505190258465,0.9955980949204314,0.00024565528861187556,0.3715383640057305,0.016110992995384286,0.004401905079568602,0.00024565528861187816,0.004401905079568602,0.00024565528861187816,,,,,,
reuters-k500,GSI_MLC_PA,rejection,0.35,,,,,,,,,,,,,0.2626598194840096,0.020278074525909476,0.48159529699803266,0.00969975344361237,0.011352305854727211,0.0001517453308859096,0.011352305854727211,0.0001517453308859096,0.010275236858982156,0.00016404183397672838,0.27632760428956277,0.02106409240087471,0.5080268887628677,0.009138523684568996,0.9968296091306964,0.0001781450819235956,0.28187129821191004,0.01356124009229138,0.003170390869303562,0.00017814508192359017,0.003170390869303562,0.00017814508192359017,,,,,,
reuters-k500,GSI_MLC_PA,rejection,0.4,,,,,,,,,,,,,0.26805329830494273,0.01931316766890774,0.4882732563471001,0.008687147186334955,0.011535433760246069,0.0001649084873323036,0.011535433760246069,0.0001649084873323036,0.01071514644191213,0.0001773728247520021,0.27717456680088837,0.02066600671568635,0.5056598808120927,0.008240395303987853,0.997892854822825,0.00014681967590853565,0.19319227703791186,0.010695246724459267,0.0021071451771750866,0.0001468196759085214,0.0021071451771750866,0.0001468196759085214,,,,,,
