dataset,learner,model,Selective_Macro_F1_mean,Selective_Macro_F1_std,Full_Macro_F1_mean,Coverage_mean,Hamming_Loss_mean,Selective_Hamming_Loss_mean,train_time_mean,test_time_mean
emotions,Logistic,BR,0.5971886323818217,0.0134199164765626,0.5971886323818217,1.0,0.2013467606130352,0.2013467606130352,0.0260510600000543,0.0119227999999566
emotions,Logistic,CC,0.5931895185035888,0.019587014672553,0.5931895185035888,1.0,0.2239877409010355,0.2239877409010355,0.0285930000000917,0.0115147999999862
emotions,Logistic,MLC_PA,0.6171977123515855,0.0225546104042845,0.5971886323818217,0.6749326120895238,0.2013467606130352,0.1159059024907539,0.023523699999987,0.0325640000000021
emotions,Logistic,GSI_v6_2_Fixed,0.6931117092256346,0.0228077410913587,0.640243265342121,0.690534283395577,0.1940508583998193,0.110975663352816,0.4336179400000219,0.0274726399999508
emotions,Logistic,GSI_v6_2_Decay,0.6882632243771498,0.0183658953376016,0.6398938593323376,0.6910876194841108,0.1943309704446372,0.111303290484853,0.3690418399999998,0.0285096200000225
scene,Logistic,BR,0.6993890885977598,0.0202233417030433,0.6993890885977598,1.0,0.0991959688554073,0.0991959688554073,0.4516874200000075,0.0116267200000038
scene,Logistic,CC,0.7234450058068981,0.0187344257782347,0.7234450058068981,1.0,0.1011406682893421,0.1011406682893421,0.4260100200000579,0.0171980600000097
scene,Logistic,MLC_PA,0.7431341371444697,0.0165661281473714,0.6993890885977598,0.887134221145447,0.0991959688554073,0.060707820679893,0.4398161000000528,0.0269805200000064
scene,Logistic,GSI_v6_2_Fixed,0.7656781509283936,0.0167441183063708,0.7141659659002006,0.8884744238616296,0.0955315584064989,0.0568039232203625,4.538799920000019,0.0331782600000224
scene,Logistic,GSI_v6_2_Decay,0.7642245890155994,0.0150872331632215,0.7140327996927226,0.8884046906706798,0.0953923777456596,0.0571994440181727,4.044926260000056,0.0348464999999123
chd49,Logistic,BR,0.510348231680916,0.0302686983915928,0.510348231680916,1.0,0.2940208629682314,0.2940208629682314,0.0317092000000229,0.0110866400000304
chd49,Logistic,CC,0.5073186200630037,0.0084503852859018,0.5073186200630037,1.0,0.3009182867077604,0.3009182867077604,0.0285906800000702,0.0111749199999394
chd49,Logistic,MLC_PA,0.5241764806764038,0.0140810522661512,0.510348231680916,0.6304495883443252,0.2940208629682314,0.2162783789418538,0.028043660000003,0.0259279199999582
chd49,Logistic,GSI_v6_2_Fixed,0.5203283093176978,0.0104747062552952,0.5123048601084521,0.6331422331422332,0.2904485825538457,0.2155196220224781,0.3900643599999966,0.0244682000000466
chd49,Logistic,GSI_v6_2_Decay,0.5203283093176978,0.0104747062552952,0.5123048601084521,0.6331422331422332,0.2904485825538457,0.2155196220224781,0.3774177799999051,0.0251571000000694
music,Logistic,BR,0.60674071937973,0.017789014746657,0.60674071937973,1.0,0.1956831783850726,0.1956831783850726,0.0282444999998915,0.0108696200000849
music,Logistic,CC,0.60307739342831,0.0131507040795195,0.60307739342831,1.0,0.2165450940625417,0.2165450940625417,0.0265474000000722,0.0106251600000177
music,Logistic,MLC_PA,0.6375244658498123,0.0202937168018703,0.60674071937973,0.6886755484462365,0.1956831783850726,0.119238682228777,0.0236792400000013,0.0242356000001564
music,Logistic,GSI_v6_2_Fixed,0.6668581346032972,0.0235264744909668,0.6366848117710441,0.6917710239245632,0.1909188997922796,0.1130797410548906,0.2804532200001631,0.0196504399999867
music,Logistic,GSI_v6_2_Decay,0.6679445543563837,0.0250111742643439,0.6337564429313451,0.6914885380488572,0.1926138150465169,0.1131246307011769,0.3085576199999195,0.0216519600000538
gpositivepseaac,Logistic,BR,0.5535478988405843,0.0454343013000894,0.5535478988405843,1.0,0.145981142643764,0.145981142643764,0.0432130199998937,0.0083391000000119
gpositivepseaac,Logistic,CC,0.5791179085138392,0.0437536027774985,0.5791179085138392,1.0,0.1445528379387602,0.1445528379387602,0.0409774200001265,0.0082876000000396
gpositivepseaac,Logistic,MLC_PA,0.5370097410853811,0.0449344444529284,0.5535478988405843,0.8584017923823748,0.145981142643764,0.1004137844887795,0.0352825199999642,0.0186721599999145
gpositivepseaac,Logistic,GSI_v6_2_Fixed,0.5414926627045256,0.0453355415634806,0.5337576555864961,0.8617671769977596,0.1455050410754294,0.1011066597565115,0.4715577399999347,0.0209703000000445
gpositivepseaac,Logistic,GSI_v6_2_Decay,0.5414926627045256,0.0453355415634806,0.5337576555864961,0.8622479462285287,0.1455050410754294,0.10106184613317,0.4473088199999438,0.0180123600000115
emotions,SVM,BR,0.572631532924705,0.0165032089316579,0.572631532924705,1.0,0.2038060893135614,0.2038060893135614,0.1240063799998097,0.0134347200000775
emotions,SVM,CC,0.5617977895791684,0.0178060322032885,0.5617977895791684,1.0,0.2269961853102153,0.2269961853102153,0.1050226000000293,0.0169520600000396
emotions,SVM,MLC_PA,0.5670240772996845,0.0433119534830587,0.572631532924705,0.6710466689980482,0.2038060893135614,0.1182946623628788,0.1049312800000734,0.02473375999989
emotions,SVM,GSI_v6_2_Fixed,0.5658546899859244,0.0494159730447655,0.583580357822256,0.6646201641753119,0.200517963854128,0.1146927079161805,1.577479940000012,0.0283698000000185
emotions,SVM,GSI_v6_2_Decay,0.5675029984044925,0.0523523351904815,0.5821480447245947,0.6627231452051221,0.2016019746942364,0.1133380791081356,1.5312163800000236,0.0288351600000169
scene,SVM,BR,0.5967657591356481,0.0056049825598296,0.5967657591356481,1.0,0.1128709643836697,0.1128709643836697,1.451694420000058,0.0199989400000049
scene,SVM,CC,0.6776485878945675,0.0157229514332011,0.6776485878945675,1.0,0.1160182203732705,0.1160182203732705,1.2848187399999005,0.0351984599999923
scene,SVM,MLC_PA,0.5699746042646233,0.0092647178485943,0.5967657591356481,0.8635705198814462,0.1128709643836697,0.0652489506845213,1.4420085599999766,0.0422551600000588
scene,SVM,GSI_v6_2_Fixed,0.6058034809834095,0.0086697357816189,0.6238888796179658,0.8652358516139083,0.1072617444552489,0.0610274435742924,17.27840016,0.0395092599998861
scene,SVM,GSI_v6_2_Decay,0.6076648177803684,0.0102384175235983,0.6252990385839392,0.8651676697860037,0.1069200902175799,0.0609525662163234,18.04964230000005,0.0442964800000481
chd49,SVM,BR,0.3830113149577051,0.0324104456645145,0.3830113149577051,1.0,0.2928041438567754,0.2928041438567754,0.1842536000001928,0.0197859799999605
chd49,SVM,CC,0.4495282009241691,0.0482985175449255,0.4495282009241691,1.0,0.2937238674080779,0.2937238674080779,0.168957760000103,0.0243566399999508
chd49,SVM,MLC_PA,0.3009282847260143,0.0219271971189277,0.3830113149577051,0.4445167176746124,0.2928041438567754,0.1484562463992123,0.1699038599998857,0.0331411200000729
chd49,SVM,GSI_v6_2_Fixed,0.3021349212267684,0.0207188876145988,0.3955008028841793,0.4610385505122346,0.2942685747948905,0.1632705395388171,2.395137839999916,0.038140199999998
chd49,SVM,GSI_v6_2_Decay,0.3021349212267684,0.0207188876145988,0.3955008028841793,0.4610385505122346,0.2942685747948905,0.1632705395388171,2.3444644399998653,0.0394301400000586
music,SVM,BR,0.5664045510529105,0.00956112043049,0.5664045510529105,1.0,0.2019101020098029,0.2019101020098029,0.1519203199999537,0.0162734399999862
music,SVM,CC,0.5668088047332132,0.017342427316318,0.5668088047332132,1.0,0.2213165347263054,0.2213165347263054,0.1571358600001076,0.0247292000000925
music,SVM,MLC_PA,0.5955182765020591,0.013307131356237,0.5664045510529105,0.6647012564260819,0.2019101020098029,0.1158786070010825,0.1672503799999503,0.0348198199999387
music,SVM,GSI_v6_2_Fixed,0.5930913028901341,0.008436262940037,0.5815221396098452,0.6599059557185181,0.1982495736234519,0.1124495976325848,2.1132677599999625,0.0429614600001514
music,SVM,GSI_v6_2_Decay,0.5930913028901341,0.008436262940037,0.5815221396098452,0.6599059557185181,0.1982495736234519,0.1124495976325848,2.224546079999982,0.0432171199997355
gpositivepseaac,SVM,BR,0.474824023647967,0.0715556182250299,0.474824023647967,1.0,0.1590085884988797,0.1590085884988797,0.2332707000001392,0.011189160000049
gpositivepseaac,SVM,CC,0.528267737723928,0.0356453558322779,0.528267737723928,1.0,0.1489124346527259,0.1489124346527259,0.2020786200001566,0.0200417999999444
gpositivepseaac,SVM,MLC_PA,0.4639636717658433,0.0657387813177124,0.474824023647967,0.8097367438386855,0.1590085884988797,0.1017709688703404,0.2258275999997749,0.0277130999998917
gpositivepseaac,SVM,GSI_v6_2_Fixed,0.463951101420044,0.0445003194775086,0.4760517834749322,0.8054004854368932,0.1570668409260642,0.1058721738661797,2.536711560000003,0.0286279999998441
gpositivepseaac,SVM,GSI_v6_2_Decay,0.4671582355982572,0.046152999502673,0.4745938616164606,0.8092559746079164,0.1580283793876027,0.1047348271802746,2.4790924599999924,0.0224461199999495
emotions,MLP,BR,0.441090281026454,0.0304942860815211,0.441090281026454,1.0,0.2334969689644079,0.2334969689644079,0.2149147400000401,0.0113633399999343
emotions,MLP,CC,0.5081871371817002,0.0267303814145208,0.5081871371817002,1.0,0.2422939822606151,0.2422939822606151,0.516613899999993,0.0314336399999774
emotions,MLP,MLC_PA,0.3134126448600132,0.0665827530429612,0.441090281026454,0.5948181333091276,0.2334969689644079,0.1210553965473359,0.2210836599999311,0.0282190400001127
emotions,MLP,GSI_v6_2_Fixed,0.5205007602054506,0.0412255628100549,0.5167033465883147,0.6431712734945597,0.2350421712948208,0.1378833407427953,7.327252400000089,0.0617066199999499
emotions,MLP,GSI_v6_2_Decay,0.5257348627141397,0.035797921809404,0.5084634566141957,0.6346006867899325,0.2367066184944656,0.1380614374527256,8.620589199999994,0.0402207400000406
scene,MLP,BR,0.6458140738662229,0.0206163903585013,0.6458140738662229,1.0,0.1047577531447984,0.1047577531447984,0.1789249400000699,0.0096955199999683
scene,MLP,CC,0.597156185963525,0.0114643366087102,0.597156185963525,1.0,0.1259382024839525,0.1259382024839525,0.4563851599999907,0.0209832399998958
scene,MLP,MLC_PA,0.65987036860331,0.0214942796972451,0.6458140738662229,0.7892349630214107,0.1047577531447984,0.0431403062340423,0.1556241599999339,0.0264703799999551
scene,MLP,GSI_v6_2_Fixed,0.5398648381137396,0.0127505375776342,0.5566210186463699,0.8330456387997953,0.1320298779358794,0.0742140250695532,6.886260300000231,0.0420535399999607
scene,MLP,GSI_v6_2_Decay,0.5398648381137396,0.0127505375776342,0.5566210186463699,0.8330456387997953,0.1320298779358794,0.0742140250695532,6.937217199999941,0.0378740999999536
chd49,MLP,BR,0.4881081463874221,0.0133888273162369,0.4881081463874221,1.0,0.3000201158095895,0.3000201158095895,0.2208874399999331,0.0099498600000515
chd49,MLP,CC,0.4967621412448523,0.0187005178717655,0.4967621412448523,1.0,0.2943402732876417,0.2943402732876417,0.4416042600000764,0.0192191399999501
chd49,MLP,MLC_PA,0.4606241188227204,0.0330724763309493,0.4881081463874221,0.5659982470508786,0.3000201158095895,0.2087391817069695,0.1668981600000734,0.0218783799999073
chd49,MLP,GSI_v6_2_Fixed,0.5055601607504381,0.0163167941461079,0.4961141616083445,0.6431136399557452,0.2925861746914379,0.2138930137506989,6.605257419999998,0.0454631999999946
chd49,MLP,GSI_v6_2_Decay,0.5055601607504381,0.0163167941461079,0.4961141616083445,0.6431136399557452,0.2925861746914379,0.2138930137506989,6.893114679999963,0.0434856199999558
music,MLP,BR,0.4453035575554727,0.0180258596509652,0.4453035575554727,1.0,0.2303228491164683,0.2303228491164683,0.2112363799999911,0.0120938799998839
music,MLP,CC,0.522513129602086,0.0217060218368134,0.522513129602086,1.0,0.2376677253546645,0.2376677253546645,0.5530941399999392,0.0365728000001581
music,MLP,MLC_PA,0.3922893631995799,0.025132267801627,0.4453035575554727,0.5822439275579854,0.2303228491164683,0.1044657158541188,0.1936921400000756,0.0298982799999976
music,MLP,GSI_v6_2_Fixed,0.4855390889447822,0.0308849520161583,0.5002049980948631,0.6480576382370998,0.2353791900651322,0.1499067662681664,8.116201899999941,0.0609376600000359
music,MLP,GSI_v6_2_Decay,0.4950184583480396,0.0376109052793363,0.5049455973801109,0.6441624657975604,0.2379216846814055,0.1468389296495237,8.987229360000129,0.0411253199999919
gpositivepseaac,MLP,BR,0.5282770039062004,0.0544056131824236,0.5282770039062004,1.0,0.1483709858103062,0.1483709858103062,0.199311260000104,0.0095819800000754
gpositivepseaac,MLP,CC,0.5945239094757728,0.0538266181509886,0.5945239094757728,1.0,0.1358709858103062,0.1358709858103062,0.3439950000000863,0.0225513600001249
gpositivepseaac,MLP,MLC_PA,0.574192243236361,0.0570048573170649,0.5282770039062004,0.7206357356235997,0.1483709858103062,0.0785546461967072,0.2040196999998443,0.0227860599999985
gpositivepseaac,MLP,GSI_v6_2_Fixed,0.5685900973404474,0.0613109289249194,0.5770360570619865,0.8704163554891711,0.1353855489171023,0.0986550160861588,4.54622733999995,0.0318345599999702
gpositivepseaac,MLP,GSI_v6_2_Decay,0.5685900973404474,0.0613109289249194,0.5770360570619865,0.8704163554891711,0.1353855489171023,0.0986550160861588,4.295682719999968,0.0322210399999676
genbase,Logistic,BR,0.6782256582866804,0.0293125349472652,0.6782256582866804,1.0,0.00184636675864746,0.00184636675864746,0.1049575800000639,0.03453175999975429
genbase,Logistic,CC,0.6930404731014953,0.023575223821219692,0.6930404731014953,1.0,0.0017345552433271731,0.0017345552433271731,0.12987743999992746,0.04725168000013582
genbase,Logistic,MLC_PA,0.6334303366492535,0.04280785601322632,0.6782256582866804,0.9976481608060557,0.00184636675864746,0.001289387052696132,0.09336704000006649,0.09214066000004095
genbase,Logistic,GSI_v6_2_Fixed,0.6408377440566609,0.05044186107568219,0.6856330656940879,0.997704277528839,0.001790250035864071,0.0012893554110817134,1.5578321599999072,0.1019111000000521
genbase,Logistic,GSI_v6_2_Decay,0.6408377440566609,0.05044186107568219,0.6856330656940879,0.997704277528839,0.001790250035864071,0.0012893554110817134,1.4936952200000633,0.09523090000020602
humanpseaac,Logistic,BR,0.11238528172211378,0.01104429102530425,0.11238528172211378,1.0,0.08604618086663716,0.08604618086663716,1.0320166999998945,0.02959283999998661
humanpseaac,Logistic,CC,0.13966714260729812,0.005708199898572617,0.13966714260729812,1.0,0.09794352239095563,0.09794352239095563,1.1124485800000001,0.044019219999972846
humanpseaac,Logistic,MLC_PA,0.08688669529209199,0.007693915337443364,0.11238528172211378,0.922447895563659,0.08604618086663716,0.05774720948180756,1.013846040000135,0.06152970000002824
humanpseaac,Logistic,GSI_v6_2_Fixed,0.08688669529209199,0.007693915337443364,0.11238528172211378,0.922447895563659,0.08604618086663716,0.05774720948180756,10.102518940000028,0.067225899999994
humanpseaac,Logistic,GSI_v6_2_Decay,0.08688669529209199,0.007693915337443364,0.11238528172211378,0.922447895563659,0.08604618086663716,0.05774720948180756,10.158222079999906,0.060070180000093384
plantpseaac,Logistic,BR,0.14098675297108149,0.02034359720809843,0.14098675297108149,1.0,0.09450345546331414,0.09450345546331414,0.2319537599999421,0.01838127999999415
plantpseaac,Logistic,CC,0.1715098822155169,0.0178995996265322,0.1715098822155169,1.0,0.09875977978954914,0.09875977978954914,0.23982648000001064,0.022506180000164022
plantpseaac,Logistic,MLC_PA,0.09754497660327156,0.031109694607078197,0.14098675297108149,0.9295493869434519,0.09450345546331414,0.07085892815988307,0.23059093999991093,0.043300579999959156
plantpseaac,Logistic,GSI_v6_2_Fixed,0.09512500908739921,0.030368637418460184,0.14348928804103617,0.9292952149482874,0.09475638157054972,0.07069630259785975,2.352598820000094,0.04523248000004969
plantpseaac,Logistic,GSI_v6_2_Decay,0.09512500908739921,0.030368637418460184,0.14348928804103617,0.9292952149482874,0.09475638157054972,0.07069630259785975,2.3594063199998345,0.05760580000005575
viruspseaac,Logistic,BR,0.36923775175528334,0.02269753996375351,0.36923775175528334,1.0,0.19952295766249256,0.19952295766249256,0.025619859999824256,0.008541679999962071
viruspseaac,Logistic,CC,0.3836459734364541,0.034662850313548474,0.3836459734364541,1.0,0.2024730007288147,0.2024730007288147,0.023125699999945938,0.01141778000010163
viruspseaac,Logistic,MLC_PA,0.3542571470397557,0.038418534358122564,0.36923775175528334,0.843355032134102,0.19952295766249256,0.14711546434340353,0.024272459999974672,0.023831379999955972
viruspseaac,Logistic,GSI_v6_2_Fixed,0.3479143428524233,0.04206087685296267,0.37125495716487344,0.8393414165507188,0.20037765851719339,0.14511583371484224,0.41171972000001916,0.023233820000041306
viruspseaac,Logistic,GSI_v6_2_Decay,0.3479143428524233,0.04206087685296267,0.37125495716487344,0.8393414165507188,0.20037765851719339,0.14511583371484224,0.3989128400001391,0.0247476600000482
yeast,Logistic,BR,0.37475132679826995,0.008211760176235717,0.37475132679826995,1.0,0.20189970043729644,0.20189970043729644,0.32278665999992884,0.020809960000133288
yeast,Logistic,CC,0.4017310680094662,0.0065445226523462505,0.4017310680094662,1.0,0.21551998141168904,0.21551998141168904,0.3241675399999622,0.022410259999924166
yeast,Logistic,MLC_PA,0.3584937364691556,0.004885707100736367,0.37475132679826995,0.756282301699738,0.20189970043729644,0.143684532732485,0.3045224600000438,0.05272627999993347
yeast,Logistic,GSI_v6_2_Fixed,0.3540811656283265,0.008271980846279031,0.36148212095886606,0.7536214747490304,0.20202444067025332,0.143535424121713,4.391956120000122,0.060324260000015784
yeast,Logistic,GSI_v6_2_Decay,0.3562023982004813,0.007735559845682171,0.3629404876923043,0.7556337309579586,0.20163361207313302,0.14338756396349828,5.256422120000115,0.05667880000009973
genbase,SVM,BR,0.7616454613556064,0.015238317077154524,0.7616454613556064,1.0,0.0008957579133017729,0.0008957579133017729,0.6206901199999265,0.05674120000012408
genbase,SVM,CC,0.7616454613556064,0.015238317077154524,0.7616454613556064,1.0,0.0008957579133017729,0.0008957579133017729,0.6639447599999585,0.10155581999997594
genbase,SVM,MLC_PA,0.7468306465407915,0.016319583389716116,0.7616454613556064,0.9996649873842858,0.0008957579133017729,0.0008399066214066317,0.6930277999998907,0.1273218799999995
genbase,SVM,GSI_v6_2_Fixed,0.7468306465407915,0.016319583389716116,0.7616454613556064,0.9996649873842858,0.0008957579133017729,0.0008399066214066317,4.860891960000117,0.14812395999997535
genbase,SVM,GSI_v6_2_Decay,0.7468306465407915,0.016319583389716116,0.7616454613556064,0.9996649873842858,0.0008957579133017729,0.0008399066214066317,4.731649959999959,0.11008657999991556
humanpseaac,SVM,BR,0.013833215607378662,0.0039191347224810606,0.013833215607378662,1.0,0.08402069637647808,0.08402069637647808,4.144968340000014,0.049043479999818375
humanpseaac,SVM,CC,0.07901606242324197,0.0063562864170959394,0.07901606242324197,1.0,0.09732874988060367,0.09732874988060367,3.7466858399999183,0.08268295999996553
humanpseaac,SVM,MLC_PA,0.0013921520580788059,0.001155286980394009,0.013833215607378662,0.9370474817292292,0.08402069637647808,0.06286666971641627,4.061715099999856,0.08318161999995936
humanpseaac,SVM,GSI_v6_2_Fixed,0.0009592516251783732,0.0011897889541623344,0.014168211915507923,0.9370702659625397,0.08402028951516896,0.06291361646778121,40.97312348000005,0.0961212399998658
humanpseaac,SVM,GSI_v6_2_Decay,0.0009592516251783732,0.0011897889541623344,0.014168211915507923,0.9370702659625397,0.08402028951516896,0.06291361646778121,40.634878300000125,0.10380217999991145
plantpseaac,SVM,BR,0.05565365559256953,0.03478434844213671,0.05565365559256953,1.0,0.09042713284713308,0.09042713284713308,1.374047319999954,0.04362278000007791
plantpseaac,SVM,CC,0.12609985125658293,0.013423095942741367,0.12609985125658293,1.0,0.10966496064012951,0.10966496064012951,1.3381137400003353,0.05872446000030322
plantpseaac,SVM,MLC_PA,0.014925044091710757,0.018032862866413195,0.05565365559256953,0.9446440104527237,0.09042713284713308,0.07442608594617775,1.3782387400002336,0.08704175999973814
plantpseaac,SVM,GSI_v6_2_Fixed,0.014925044091710757,0.018032862866413195,0.06075591312920285,0.9430273672610422,0.08957936486962817,0.07410474255662211,14.54011115999965,0.09441161999984615
plantpseaac,SVM,GSI_v6_2_Decay,0.014925044091710757,0.018032862866413195,0.06075591312920285,0.9430273672610422,0.08957936486962817,0.07410474255662211,14.373542080000153,0.09095901999990019
viruspseaac,SVM,BR,0.28573014272590797,0.008920190758780918,0.28573014272590797,1.0,0.20402438216391702,0.20402438216391702,0.23839254000013171,0.02175971999986359
viruspseaac,SVM,CC,0.3378379515879516,0.03983233823649276,0.3378379515879516,1.0,0.2126464254952627,0.2126464254952627,0.25717013999965277,0.025452279999990425
viruspseaac,SVM,MLC_PA,0.23526936026936024,0.06529187327601091,0.28573014272590797,0.7020860663883919,0.20402438216391702,0.11008483869034294,0.23306700000011915,0.04524689999998373
viruspseaac,SVM,GSI_v6_2_Fixed,0.23212121212121212,0.06329199752995236,0.28112694432510843,0.7076737560458491,0.20556400318028226,0.11047720463166377,3.4079257600002166,0.050342040000032284
viruspseaac,SVM,GSI_v6_2_Decay,0.23212121212121212,0.06329199752995236,0.28112694432510843,0.7076737560458491,0.20556400318028226,0.11047720463166377,3.435470780000105,0.05471004000009998
yeast,SVM,BR,0.325997252555485,0.0010260728664447695,0.325997252555485,1.0,0.19962566704494608,0.19962566704494608,1.7706890800001929,0.0570038800002294
yeast,SVM,CC,0.38287948564494795,0.0032318912846187216,0.38287948564494795,1.0,0.20715355264778168,0.20715355264778168,1.7441319599996858,0.07890043999996124
yeast,SVM,MLC_PA,0.29235948491356367,0.005610359497166663,0.325997252555485,0.7740276145728114,0.19962566704494608,0.1477873476369794,1.738443379999626,0.07499073999988468
yeast,SVM,GSI_v6_2_Fixed,0.3037047467031237,0.006747028453760877,0.32380521570946,0.7750786143177781,0.20246984238762647,0.15086895611692458,26.121696039999915,0.13939019999961602
yeast,SVM,GSI_v6_2_Decay,0.30593984480632647,0.004513203216204779,0.3249064876028247,0.7734807069842023,0.20166224010378508,0.1496127235091063,29.938188419999825,0.10542390000009619
genbase,MLP,BR,0.0,0.0,0.0,1.0,0.04638068234559463,0.04638068234559463,0.17245569999977306,0.01494933999983914
genbase,MLP,CC,0.4396966219250765,0.013740294431435148,0.4396966219250765,1.0,0.009511151616414774,0.009511151616414774,1.9838579400000527,0.10492034000017156
genbase,MLP,MLC_PA,0.0,0.0,0.0,0.9892584997848155,0.04638068234559463,0.036364406519885144,0.17975154000014298,0.08084001999995963
genbase,MLP,GSI_v6_2_Fixed,0.37786372185065,0.039726040422506874,0.39551484496666567,0.9782933765389906,0.013764208501050607,0.004289693782288109,32.09867748000015,0.14337604000011198
genbase,MLP,GSI_v6_2_Decay,0.379139442015259,0.016813169359115806,0.40202438480953884,0.9783465397500486,0.013708091778267215,0.004230340496799399,31.45800907999965,0.14470261999977083
humanpseaac,MLP,BR,0.006524227182970133,0.003907633955762709,0.006524227182970133,1.0,0.08466724817256319,0.08466724817256319,0.18878551999969204,0.013220920000276238
humanpseaac,MLP,CC,0.11828883300509926,0.0064096493135601855,0.11828883300509926,1.0,0.08527925496132652,0.08527925496132652,1.156799240000146,0.07934060000006866
humanpseaac,MLP,MLC_PA,0.0007936507936507937,0.0015873015873015875,0.006524227182970133,0.9283812776757422,0.08466724817256319,0.062044575800265477,0.18972070000017993,0.05448429999996733
humanpseaac,MLP,GSI_v6_2_Fixed,0.034961199477725635,0.005646493169958341,0.09410483066371973,0.9196449671018637,0.08526791425093214,0.05532833145698544,14.038006719999975,0.07885534000015468
humanpseaac,MLP,GSI_v6_2_Decay,0.034961199477725635,0.005646493169958341,0.09410483066371973,0.9196449671018637,0.08526791425093214,0.05532833145698544,13.907555320000029,0.10779265999990457
plantpseaac,MLP,BR,0.020740935476653954,0.013108581052357873,0.020740935476653954,1.0,0.08948338729121114,0.08948338729121114,0.07317153999993024,0.004387879999922006
plantpseaac,MLP,CC,0.17033079819481486,0.027350826341190057,0.17033079819481486,1.0,0.09331229968970656,0.09331229968970656,0.4207568799996807,0.01728371999997762
plantpseaac,MLP,MLC_PA,0.0,0.0,0.020740935476653954,0.9199479916328903,0.08948338729121114,0.06928763553711008,0.06970799999999144,0.014716699999917182
plantpseaac,MLP,GSI_v6_2_Fixed,0.11754658812685329,0.01936526227923787,0.14885527862818687,0.9347539638600292,0.09195385102989591,0.06828403327388176,5.180317979999927,0.026491119999991496
plantpseaac,MLP,GSI_v6_2_Decay,0.11754658812685329,0.01936526227923787,0.14885527862818687,0.9347539638600292,0.09195385102989591,0.06828403327388176,5.378717519999737,0.02693409999992582
viruspseaac,MLP,BR,0.3940097058068072,0.06560564611098095,0.3940097058068072,1.0,0.18199082356059101,0.18199082356059101,0.07511243999997533,0.004510160000063479
viruspseaac,MLP,CC,0.42363303363303356,0.02489978711731441,0.42363303363303356,1.0,0.19236732259988076,0.19236732259988076,0.20455237999976816,0.00819766000022355
viruspseaac,MLP,MLC_PA,0.3111111111111111,0.07737993487324511,0.3940097058068072,0.6443349566023985,0.18199082356059101,0.07769530584057346,0.07315114000011817,0.010377140000309737
viruspseaac,MLP,GSI_v6_2_Fixed,0.410480800970997,0.03512850389855968,0.4092843582027642,0.8756059100245148,0.19196001457629364,0.1576445119460147,3.2305753599999663,0.016276460000335648
viruspseaac,MLP,GSI_v6_2_Decay,0.410480800970997,0.03512850389855968,0.4092843582027642,0.8756059100245148,0.19196001457629364,0.1576445119460147,3.2190701200001057,0.012984620000315772
yeast,MLP,BR,0.28413810468037787,0.0050524267659433665,0.28413810468037787,1.0,0.21294244878628246,0.21294244878628246,0.07844007999992755,0.005376219999925524
yeast,MLP,CC,0.35677602403420605,0.007601948198319603,0.35677602403420605,1.0,0.21410298289952445,0.21410298289952445,0.5106420600001002,0.020744580000064163
yeast,MLP,MLC_PA,0.2524838728025731,0.00799626133905309,0.28413810468037787,0.7266531006153202,0.21294244878628246,0.14835827455334155,0.07941285999968387,0.01944151999996393
yeast,MLP,GSI_v6_2_Fixed,0.2944255154285888,0.010013415461615669,0.3225341287964277,0.7328156948467311,0.2087527821548326,0.14191743765710965,8.517485240000132,0.04205839999976888
yeast,MLP,GSI_v6_2_Decay,0.2944255154285888,0.010013415461615669,0.3225341287964277,0.7328156948467311,0.2087527821548326,0.14191743765710965,8.347169380000015,0.037792020000415504
