learner,dataset,label_idx,label_name,status,pos_count,neg_count,pos_freq_pct,ir
Logistic,emotions,0,amazed-suprised,DL,173,420,29.17369308600337,2.4277456647398843
Logistic,emotions,1,happy-pleased,DL,166,427,27.99325463743676,2.572289156626506
Logistic,emotions,4,sad-lonely,DL,168,425,28.330522765598655,2.5297619047619047
Logistic,emotions,2,relaxing-calm,IL,264,329,44.51939291736931,1.246212121212121
Logistic,emotions,3,quiet-still,IL,148,445,24.957841483979763,3.0067567567567566
Logistic,emotions,5,angry-aggresive,IL,189,404,31.871838111298484,2.1375661375661377
Logistic,scene,4,mountain,DL,533,1874,22.14374740340673,3.5159474671669795
Logistic,scene,5,urban,DL,431,1976,17.90610718737017,4.5846867749419955
Logistic,scene,0,beach,IL,427,1980,17.739925218113832,4.6370023419203745
Logistic,scene,1,sunset,IL,364,2043,15.122559202326546,5.612637362637362
Logistic,scene,2,foliage,IL,397,2010,16.493560448691316,5.062972292191436
Logistic,scene,3,field,IL,433,1974,17.98919817199834,4.558891454965358
Logistic,chd49,1,L2,DL,174,381,31.351351351351354,2.189655172413793
Logistic,chd49,2,L3,DL,214,341,38.55855855855856,1.5934579439252337
Logistic,chd49,3,L4,DL,16,539,2.8828828828828827,33.6875
Logistic,chd49,4,L5,DL,268,287,48.28828828828829,1.0708955223880596
Logistic,chd49,0,L1,IL,338,217,60.9009009009009,1.5576036866359446
Logistic,chd49,5,L6,IL,422,133,76.03603603603604,3.172932330827068
Logistic,music,0,amazed-suprised,DL,173,419,29.222972972972972,2.421965317919075
Logistic,music,1,happy-pleased,DL,166,426,28.040540540540544,2.566265060240964
Logistic,music,4,sad-lonely,DL,167,425,28.209459459459456,2.5449101796407185
Logistic,music,2,relaxing-clam,IL,264,328,44.5945945945946,1.2424242424242424
Logistic,music,3,quiet-still,IL,148,444,25.0,3.0
Logistic,music,5,angry-aggresive,IL,189,403,31.925675675675674,2.132275132275132
Logistic,gpositivepseaac,1,Cell_wall,DL,18,501,3.4682080924855487,27.833333333333332
Logistic,gpositivepseaac,3,Extracell,DL,123,396,23.699421965317917,3.2195121951219514
Logistic,gpositivepseaac,0,Cell_membrane,IL,174,345,33.52601156069364,1.9827586206896552
Logistic,gpositivepseaac,2,Cytoplasm,IL,208,311,40.07707129094412,1.4951923076923077
Logistic,genbase,8,PDOC00100,DL,6,656,0.906344410876133,109.33333333333333
Logistic,genbase,15,PDOC50006,DL,4,658,0.6042296072507553,164.5
Logistic,genbase,20,PDOC00014,DL,2,660,0.3021148036253776,330.0
Logistic,genbase,21,PDOC00750,DL,3,659,0.4531722054380665,219.66666666666666
Logistic,genbase,22,PDOC50196,DL,2,660,0.3021148036253776,330.0
Logistic,genbase,23,PDOC50199,DL,1,661,0.1510574018126888,661.0
Logistic,genbase,24,PDOC00660,DL,1,661,0.1510574018126888,661.0
Logistic,genbase,25,PDOC00653,DL,1,661,0.1510574018126888,661.0
Logistic,genbase,26,PDOC00030,DL,3,659,0.4531722054380665,219.66666666666666
Logistic,genbase,0,PDOC00154,IL,79,583,11.933534743202417,7.379746835443038
Logistic,genbase,1,PDOC00343,IL,76,586,11.48036253776435,7.7105263157894735
Logistic,genbase,2,PDOC00271,IL,62,600,9.365558912386707,9.67741935483871
Logistic,genbase,3,PDOC00064,IL,49,613,7.401812688821751,12.510204081632653
Logistic,genbase,4,PDOC00791,IL,171,491,25.83081570996979,2.871345029239766
Logistic,genbase,5,PDOC00380,IL,23,639,3.474320241691843,27.782608695652176
Logistic,genbase,6,PDOC50007,IL,31,631,4.682779456193353,20.35483870967742
Logistic,genbase,7,PDOC00224,IL,51,611,7.7039274924471295,11.980392156862745
Logistic,genbase,9,PDOC00670,IL,66,596,9.969788519637463,9.030303030303031
Logistic,genbase,10,PDOC50002,IL,33,629,4.984894259818732,19.060606060606062
Logistic,genbase,11,PDOC50106,IL,29,633,4.380664652567976,21.82758620689655
Logistic,genbase,12,PDOC00561,IL,36,626,5.438066465256798,17.38888888888889
Logistic,genbase,13,PDOC50017,IL,14,648,2.1148036253776437,46.285714285714285
Logistic,genbase,14,PDOC50003,IL,14,648,2.1148036253776437,46.285714285714285
Logistic,genbase,16,PDOC50156,IL,17,645,2.56797583081571,37.94117647058823
Logistic,genbase,17,PDOC00662,IL,41,621,6.193353474320242,15.146341463414634
Logistic,genbase,18,PDOC00018,IL,9,653,1.3595166163141994,72.55555555555556
Logistic,genbase,19,PDOC50001,IL,5,657,0.7552870090634441,131.4
Logistic,humanpseaac,0,Centriole,DL,77,3029,2.4790727623953637,39.33766233766234
Logistic,humanpseaac,1,Cytoplasm,DL,817,2289,26.30392788151964,2.8017135862913096
Logistic,humanpseaac,2,Cytoskeleton,DL,79,3027,2.5434642627173214,38.31645569620253
Logistic,humanpseaac,3,Endosome,DL,24,3082,0.7726980038634901,128.41666666666666
Logistic,humanpseaac,4,Endoplasmic_reticulum,DL,229,2877,7.372826786864134,12.563318777292576
Logistic,humanpseaac,5,Extracell,DL,385,2721,12.395363811976818,7.067532467532468
Logistic,humanpseaac,6,Golgi_apparatus,DL,161,2945,5.183515775917579,18.29192546583851
Logistic,humanpseaac,7,Lysosome,DL,77,3029,2.4790727623953637,39.33766233766234
Logistic,humanpseaac,8,Microsome,DL,24,3082,0.7726980038634901,128.41666666666666
Logistic,humanpseaac,9,Mitochondrion,DL,364,2742,11.719253058596266,7.532967032967033
Logistic,humanpseaac,10,Nucleus,DL,1021,2085,32.8718609143593,2.0421155729676785
Logistic,humanpseaac,11,Peroxisome,DL,47,3059,1.5132002575660013,65.08510638297872
Logistic,humanpseaac,12,Plasma_membrane,DL,354,2752,11.397295556986478,7.7740112994350286
Logistic,humanpseaac,13,Synapse,DL,22,3084,0.7083065035415326,140.1818181818182
Logistic,plantpseaac,0,Cell_membrane,DL,56,922,5.725971370143149,16.464285714285715
Logistic,plantpseaac,1,Cell_wall,DL,32,946,3.2719836400818,29.5625
Logistic,plantpseaac,2,Chloroplast,DL,286,692,29.243353783231086,2.4195804195804196
Logistic,plantpseaac,3,Cytoplasm,DL,182,796,18.609406952965234,4.373626373626373
Logistic,plantpseaac,4,Endoplasmic_reticulum,DL,42,936,4.294478527607362,22.285714285714285
Logistic,plantpseaac,5,Extracell,DL,22,956,2.2494887525562373,43.45454545454545
Logistic,plantpseaac,6,Golgi_apparatus,DL,21,957,2.147239263803681,45.57142857142857
Logistic,plantpseaac,7,Mitochondrion,DL,150,828,15.337423312883436,5.52
Logistic,plantpseaac,8,Nucleus,DL,152,826,15.541922290388548,5.434210526315789
Logistic,plantpseaac,9,Peroxisome,DL,21,957,2.147239263803681,45.57142857142857
Logistic,plantpseaac,10,Plastid,DL,39,939,3.9877300613496933,24.076923076923077
Logistic,plantpseaac,11,Vacuole,DL,52,926,5.316973415132924,17.807692307692307
Logistic,viruspseaac,1,Host_cell_membrane,DL,33,174,15.942028985507244,5.2727272727272725
Logistic,viruspseaac,2,Host_endoplasm_reticulum,DL,20,187,9.66183574879227,9.35
Logistic,viruspseaac,3,Host_cytoplasm,DL,87,120,42.028985507246375,1.3793103448275863
Logistic,viruspseaac,4,Host_nucleus,DL,84,123,40.57971014492754,1.4642857142857142
Logistic,viruspseaac,5,Secreted,DL,20,187,9.66183574879227,9.35
Logistic,viruspseaac,0,Viral_capsid,IL,8,199,3.864734299516908,24.875
Logistic,yeast,0,Class1,DL,762,1655,31.526685974348368,2.1719160104986877
Logistic,yeast,1,Class2,DL,1038,1379,42.94580057923045,1.3285163776493256
Logistic,yeast,2,Class3,DL,983,1434,40.670252378982205,1.4587995930824007
Logistic,yeast,3,Class4,DL,862,1555,35.66404633843608,1.8039443155452437
Logistic,yeast,4,Class5,DL,722,1695,29.871741828713283,2.347645429362881
Logistic,yeast,5,Class6,DL,597,1820,24.70004137360364,3.0485762144053603
Logistic,yeast,6,Class7,DL,428,1989,17.707902358295406,4.647196261682243
Logistic,yeast,7,Class8,DL,480,1937,19.859329747621018,4.035416666666666
Logistic,yeast,8,Class9,DL,178,2239,7.364501448076127,12.57865168539326
Logistic,yeast,9,Class10,DL,253,2164,10.467521721141912,8.553359683794467
Logistic,yeast,10,Class11,DL,289,2128,11.95697145221349,7.3633217993079585
Logistic,yeast,13,Class14,DL,34,2383,1.406702523789822,70.08823529411765
Logistic,yeast,11,Class12,IL,1816,601,75.13446421183285,3.021630615640599
Logistic,yeast,12,Class13,IL,1799,618,74.43111294993794,2.911003236245955
SVM,emotions,0,amazed-suprised,DL,173,420,29.17369308600337,2.4277456647398843
SVM,emotions,1,happy-pleased,DL,166,427,27.99325463743676,2.572289156626506
SVM,emotions,4,sad-lonely,DL,168,425,28.330522765598655,2.5297619047619047
SVM,emotions,2,relaxing-calm,IL,264,329,44.51939291736931,1.246212121212121
SVM,emotions,3,quiet-still,IL,148,445,24.957841483979763,3.0067567567567566
SVM,emotions,5,angry-aggresive,IL,189,404,31.871838111298484,2.1375661375661377
SVM,scene,4,mountain,DL,533,1874,22.14374740340673,3.5159474671669795
SVM,scene,5,urban,DL,431,1976,17.90610718737017,4.5846867749419955
SVM,scene,0,beach,IL,427,1980,17.739925218113832,4.6370023419203745
SVM,scene,1,sunset,IL,364,2043,15.122559202326546,5.612637362637362
SVM,scene,2,foliage,IL,397,2010,16.493560448691316,5.062972292191436
SVM,scene,3,field,IL,433,1974,17.98919817199834,4.558891454965358
SVM,chd49,1,L2,DL,174,381,31.351351351351354,2.189655172413793
SVM,chd49,2,L3,DL,214,341,38.55855855855856,1.5934579439252337
SVM,chd49,3,L4,DL,16,539,2.8828828828828827,33.6875
SVM,chd49,4,L5,DL,268,287,48.28828828828829,1.0708955223880596
SVM,chd49,0,L1,IL,338,217,60.9009009009009,1.5576036866359446
SVM,chd49,5,L6,IL,422,133,76.03603603603604,3.172932330827068
SVM,music,0,amazed-suprised,DL,173,419,29.222972972972972,2.421965317919075
SVM,music,1,happy-pleased,DL,166,426,28.040540540540544,2.566265060240964
SVM,music,4,sad-lonely,DL,167,425,28.209459459459456,2.5449101796407185
SVM,music,2,relaxing-clam,IL,264,328,44.5945945945946,1.2424242424242424
SVM,music,3,quiet-still,IL,148,444,25.0,3.0
SVM,music,5,angry-aggresive,IL,189,403,31.925675675675674,2.132275132275132
SVM,gpositivepseaac,0,Cell_membrane,DL,174,345,33.52601156069364,1.9827586206896552
SVM,gpositivepseaac,1,Cell_wall,DL,18,501,3.4682080924855487,27.833333333333332
SVM,gpositivepseaac,3,Extracell,DL,123,396,23.699421965317917,3.2195121951219514
SVM,gpositivepseaac,2,Cytoplasm,IL,208,311,40.07707129094412,1.4951923076923077
SVM,genbase,20,PDOC00014,DL,2,660,0.3021148036253776,330.0
SVM,genbase,22,PDOC50196,DL,2,660,0.3021148036253776,330.0
SVM,genbase,23,PDOC50199,DL,1,661,0.1510574018126888,661.0
SVM,genbase,24,PDOC00660,DL,1,661,0.1510574018126888,661.0
SVM,genbase,25,PDOC00653,DL,1,661,0.1510574018126888,661.0
SVM,genbase,0,PDOC00154,IL,79,583,11.933534743202417,7.379746835443038
SVM,genbase,1,PDOC00343,IL,76,586,11.48036253776435,7.7105263157894735
SVM,genbase,2,PDOC00271,IL,62,600,9.365558912386707,9.67741935483871
SVM,genbase,3,PDOC00064,IL,49,613,7.401812688821751,12.510204081632653
SVM,genbase,4,PDOC00791,IL,171,491,25.83081570996979,2.871345029239766
SVM,genbase,5,PDOC00380,IL,23,639,3.474320241691843,27.782608695652176
SVM,genbase,6,PDOC50007,IL,31,631,4.682779456193353,20.35483870967742
SVM,genbase,7,PDOC00224,IL,51,611,7.7039274924471295,11.980392156862745
SVM,genbase,8,PDOC00100,IL,6,656,0.906344410876133,109.33333333333333
SVM,genbase,9,PDOC00670,IL,66,596,9.969788519637463,9.030303030303031
SVM,genbase,10,PDOC50002,IL,33,629,4.984894259818732,19.060606060606062
SVM,genbase,11,PDOC50106,IL,29,633,4.380664652567976,21.82758620689655
SVM,genbase,12,PDOC00561,IL,36,626,5.438066465256798,17.38888888888889
SVM,genbase,13,PDOC50017,IL,14,648,2.1148036253776437,46.285714285714285
SVM,genbase,14,PDOC50003,IL,14,648,2.1148036253776437,46.285714285714285
SVM,genbase,15,PDOC50006,IL,4,658,0.6042296072507553,164.5
SVM,genbase,16,PDOC50156,IL,17,645,2.56797583081571,37.94117647058823
SVM,genbase,17,PDOC00662,IL,41,621,6.193353474320242,15.146341463414634
SVM,genbase,18,PDOC00018,IL,9,653,1.3595166163141994,72.55555555555556
SVM,genbase,19,PDOC50001,IL,5,657,0.7552870090634441,131.4
SVM,genbase,21,PDOC00750,IL,3,659,0.4531722054380665,219.66666666666666
SVM,genbase,26,PDOC00030,IL,3,659,0.4531722054380665,219.66666666666666
SVM,humanpseaac,0,Centriole,DL,77,3029,2.4790727623953637,39.33766233766234
SVM,humanpseaac,1,Cytoplasm,DL,817,2289,26.30392788151964,2.8017135862913096
SVM,humanpseaac,2,Cytoskeleton,DL,79,3027,2.5434642627173214,38.31645569620253
SVM,humanpseaac,3,Endosome,DL,24,3082,0.7726980038634901,128.41666666666666
SVM,humanpseaac,4,Endoplasmic_reticulum,DL,229,2877,7.372826786864134,12.563318777292576
SVM,humanpseaac,5,Extracell,DL,385,2721,12.395363811976818,7.067532467532468
SVM,humanpseaac,6,Golgi_apparatus,DL,161,2945,5.183515775917579,18.29192546583851
SVM,humanpseaac,7,Lysosome,DL,77,3029,2.4790727623953637,39.33766233766234
SVM,humanpseaac,8,Microsome,DL,24,3082,0.7726980038634901,128.41666666666666
SVM,humanpseaac,9,Mitochondrion,DL,364,2742,11.719253058596266,7.532967032967033
SVM,humanpseaac,10,Nucleus,DL,1021,2085,32.8718609143593,2.0421155729676785
SVM,humanpseaac,11,Peroxisome,DL,47,3059,1.5132002575660013,65.08510638297872
SVM,humanpseaac,12,Plasma_membrane,DL,354,2752,11.397295556986478,7.7740112994350286
SVM,humanpseaac,13,Synapse,DL,22,3084,0.7083065035415326,140.1818181818182
SVM,plantpseaac,0,Cell_membrane,DL,56,922,5.725971370143149,16.464285714285715
SVM,plantpseaac,1,Cell_wall,DL,32,946,3.2719836400818,29.5625
SVM,plantpseaac,2,Chloroplast,DL,286,692,29.243353783231086,2.4195804195804196
SVM,plantpseaac,3,Cytoplasm,DL,182,796,18.609406952965234,4.373626373626373
SVM,plantpseaac,4,Endoplasmic_reticulum,DL,42,936,4.294478527607362,22.285714285714285
SVM,plantpseaac,5,Extracell,DL,22,956,2.2494887525562373,43.45454545454545
SVM,plantpseaac,6,Golgi_apparatus,DL,21,957,2.147239263803681,45.57142857142857
SVM,plantpseaac,7,Mitochondrion,DL,150,828,15.337423312883436,5.52
SVM,plantpseaac,8,Nucleus,DL,152,826,15.541922290388548,5.434210526315789
SVM,plantpseaac,9,Peroxisome,DL,21,957,2.147239263803681,45.57142857142857
SVM,plantpseaac,10,Plastid,DL,39,939,3.9877300613496933,24.076923076923077
SVM,plantpseaac,11,Vacuole,DL,52,926,5.316973415132924,17.807692307692307
SVM,viruspseaac,1,Host_cell_membrane,DL,33,174,15.942028985507244,5.2727272727272725
SVM,viruspseaac,2,Host_endoplasm_reticulum,DL,20,187,9.66183574879227,9.35
SVM,viruspseaac,3,Host_cytoplasm,DL,87,120,42.028985507246375,1.3793103448275863
SVM,viruspseaac,4,Host_nucleus,DL,84,123,40.57971014492754,1.4642857142857142
SVM,viruspseaac,5,Secreted,DL,20,187,9.66183574879227,9.35
SVM,viruspseaac,0,Viral_capsid,IL,8,199,3.864734299516908,24.875
SVM,yeast,0,Class1,DL,762,1655,31.526685974348368,2.1719160104986877
SVM,yeast,1,Class2,DL,1038,1379,42.94580057923045,1.3285163776493256
SVM,yeast,2,Class3,DL,983,1434,40.670252378982205,1.4587995930824007
SVM,yeast,3,Class4,DL,862,1555,35.66404633843608,1.8039443155452437
SVM,yeast,4,Class5,DL,722,1695,29.871741828713283,2.347645429362881
SVM,yeast,5,Class6,DL,597,1820,24.70004137360364,3.0485762144053603
SVM,yeast,6,Class7,DL,428,1989,17.707902358295406,4.647196261682243
SVM,yeast,7,Class8,DL,480,1937,19.859329747621018,4.035416666666666
SVM,yeast,8,Class9,DL,178,2239,7.364501448076127,12.57865168539326
SVM,yeast,9,Class10,DL,253,2164,10.467521721141912,8.553359683794467
SVM,yeast,10,Class11,DL,289,2128,11.95697145221349,7.3633217993079585
SVM,yeast,13,Class14,DL,34,2383,1.406702523789822,70.08823529411765
SVM,yeast,11,Class12,IL,1816,601,75.13446421183285,3.021630615640599
SVM,yeast,12,Class13,IL,1799,618,74.43111294993794,2.911003236245955
MLP,emotions,0,amazed-suprised,DL,173,420,29.17369308600337,2.4277456647398843
MLP,emotions,1,happy-pleased,DL,166,427,27.99325463743676,2.572289156626506
MLP,emotions,2,relaxing-calm,DL,264,329,44.51939291736931,1.246212121212121
MLP,emotions,4,sad-lonely,DL,168,425,28.330522765598655,2.5297619047619047
MLP,emotions,5,angry-aggresive,DL,189,404,31.871838111298484,2.1375661375661377
MLP,emotions,3,quiet-still,IL,148,445,24.957841483979763,3.0067567567567566
MLP,scene,0,beach,DL,427,1980,17.739925218113832,4.6370023419203745
MLP,scene,2,foliage,DL,397,2010,16.493560448691316,5.062972292191436
MLP,scene,4,mountain,DL,533,1874,22.14374740340673,3.5159474671669795
MLP,scene,5,urban,DL,431,1976,17.90610718737017,4.5846867749419955
MLP,scene,1,sunset,IL,364,2043,15.122559202326546,5.612637362637362
MLP,scene,3,field,IL,433,1974,17.98919817199834,4.558891454965358
MLP,chd49,1,L2,DL,174,381,31.351351351351354,2.189655172413793
MLP,chd49,2,L3,DL,214,341,38.55855855855856,1.5934579439252337
MLP,chd49,3,L4,DL,16,539,2.8828828828828827,33.6875
MLP,chd49,4,L5,DL,268,287,48.28828828828829,1.0708955223880596
MLP,chd49,0,L1,IL,338,217,60.9009009009009,1.5576036866359446
MLP,chd49,5,L6,IL,422,133,76.03603603603604,3.172932330827068
MLP,music,0,amazed-suprised,DL,173,419,29.222972972972972,2.421965317919075
MLP,music,1,happy-pleased,DL,166,426,28.040540540540544,2.566265060240964
MLP,music,2,relaxing-clam,DL,264,328,44.5945945945946,1.2424242424242424
MLP,music,3,quiet-still,DL,148,444,25.0,3.0
MLP,music,4,sad-lonely,DL,167,425,28.209459459459456,2.5449101796407185
MLP,music,5,angry-aggresive,DL,189,403,31.925675675675674,2.132275132275132
MLP,gpositivepseaac,1,Cell_wall,DL,18,501,3.4682080924855487,27.833333333333332
MLP,gpositivepseaac,3,Extracell,DL,123,396,23.699421965317917,3.2195121951219514
MLP,gpositivepseaac,0,Cell_membrane,IL,174,345,33.52601156069364,1.9827586206896552
MLP,gpositivepseaac,2,Cytoplasm,IL,208,311,40.07707129094412,1.4951923076923077
MLP,genbase,8,PDOC00100,DL,6,656,0.906344410876133,109.33333333333333
MLP,genbase,13,PDOC50017,DL,14,648,2.1148036253776437,46.285714285714285
MLP,genbase,14,PDOC50003,DL,14,648,2.1148036253776437,46.285714285714285
MLP,genbase,15,PDOC50006,DL,4,658,0.6042296072507553,164.5
MLP,genbase,16,PDOC50156,DL,17,645,2.56797583081571,37.94117647058823
MLP,genbase,17,PDOC00662,DL,41,621,6.193353474320242,15.146341463414634
MLP,genbase,18,PDOC00018,DL,9,653,1.3595166163141994,72.55555555555556
MLP,genbase,19,PDOC50001,DL,5,657,0.7552870090634441,131.4
MLP,genbase,20,PDOC00014,DL,2,660,0.3021148036253776,330.0
MLP,genbase,21,PDOC00750,DL,3,659,0.4531722054380665,219.66666666666666
MLP,genbase,22,PDOC50196,DL,2,660,0.3021148036253776,330.0
MLP,genbase,23,PDOC50199,DL,1,661,0.1510574018126888,661.0
MLP,genbase,24,PDOC00660,DL,1,661,0.1510574018126888,661.0
MLP,genbase,25,PDOC00653,DL,1,661,0.1510574018126888,661.0
MLP,genbase,26,PDOC00030,DL,3,659,0.4531722054380665,219.66666666666666
MLP,genbase,0,PDOC00154,IL,79,583,11.933534743202417,7.379746835443038
MLP,genbase,1,PDOC00343,IL,76,586,11.48036253776435,7.7105263157894735
MLP,genbase,2,PDOC00271,IL,62,600,9.365558912386707,9.67741935483871
MLP,genbase,3,PDOC00064,IL,49,613,7.401812688821751,12.510204081632653
MLP,genbase,4,PDOC00791,IL,171,491,25.83081570996979,2.871345029239766
MLP,genbase,5,PDOC00380,IL,23,639,3.474320241691843,27.782608695652176
MLP,genbase,6,PDOC50007,IL,31,631,4.682779456193353,20.35483870967742
MLP,genbase,7,PDOC00224,IL,51,611,7.7039274924471295,11.980392156862745
MLP,genbase,9,PDOC00670,IL,66,596,9.969788519637463,9.030303030303031
MLP,genbase,10,PDOC50002,IL,33,629,4.984894259818732,19.060606060606062
MLP,genbase,11,PDOC50106,IL,29,633,4.380664652567976,21.82758620689655
MLP,genbase,12,PDOC00561,IL,36,626,5.438066465256798,17.38888888888889
MLP,humanpseaac,0,Centriole,DL,77,3029,2.4790727623953637,39.33766233766234
MLP,humanpseaac,1,Cytoplasm,DL,817,2289,26.30392788151964,2.8017135862913096
MLP,humanpseaac,2,Cytoskeleton,DL,79,3027,2.5434642627173214,38.31645569620253
MLP,humanpseaac,3,Endosome,DL,24,3082,0.7726980038634901,128.41666666666666
MLP,humanpseaac,4,Endoplasmic_reticulum,DL,229,2877,7.372826786864134,12.563318777292576
MLP,humanpseaac,5,Extracell,DL,385,2721,12.395363811976818,7.067532467532468
MLP,humanpseaac,6,Golgi_apparatus,DL,161,2945,5.183515775917579,18.29192546583851
MLP,humanpseaac,7,Lysosome,DL,77,3029,2.4790727623953637,39.33766233766234
MLP,humanpseaac,8,Microsome,DL,24,3082,0.7726980038634901,128.41666666666666
MLP,humanpseaac,9,Mitochondrion,DL,364,2742,11.719253058596266,7.532967032967033
MLP,humanpseaac,10,Nucleus,DL,1021,2085,32.8718609143593,2.0421155729676785
MLP,humanpseaac,11,Peroxisome,DL,47,3059,1.5132002575660013,65.08510638297872
MLP,humanpseaac,12,Plasma_membrane,DL,354,2752,11.397295556986478,7.7740112994350286
MLP,humanpseaac,13,Synapse,DL,22,3084,0.7083065035415326,140.1818181818182
MLP,plantpseaac,0,Cell_membrane,DL,56,922,5.725971370143149,16.464285714285715
MLP,plantpseaac,1,Cell_wall,DL,32,946,3.2719836400818,29.5625
MLP,plantpseaac,2,Chloroplast,DL,286,692,29.243353783231086,2.4195804195804196
MLP,plantpseaac,3,Cytoplasm,DL,182,796,18.609406952965234,4.373626373626373
MLP,plantpseaac,4,Endoplasmic_reticulum,DL,42,936,4.294478527607362,22.285714285714285
MLP,plantpseaac,5,Extracell,DL,22,956,2.2494887525562373,43.45454545454545
MLP,plantpseaac,6,Golgi_apparatus,DL,21,957,2.147239263803681,45.57142857142857
MLP,plantpseaac,7,Mitochondrion,DL,150,828,15.337423312883436,5.52
MLP,plantpseaac,8,Nucleus,DL,152,826,15.541922290388548,5.434210526315789
MLP,plantpseaac,9,Peroxisome,DL,21,957,2.147239263803681,45.57142857142857
MLP,plantpseaac,10,Plastid,DL,39,939,3.9877300613496933,24.076923076923077
MLP,plantpseaac,11,Vacuole,DL,52,926,5.316973415132924,17.807692307692307
MLP,viruspseaac,1,Host_cell_membrane,DL,33,174,15.942028985507244,5.2727272727272725
MLP,viruspseaac,2,Host_endoplasm_reticulum,DL,20,187,9.66183574879227,9.35
MLP,viruspseaac,3,Host_cytoplasm,DL,87,120,42.028985507246375,1.3793103448275863
MLP,viruspseaac,4,Host_nucleus,DL,84,123,40.57971014492754,1.4642857142857142
MLP,viruspseaac,5,Secreted,DL,20,187,9.66183574879227,9.35
MLP,viruspseaac,0,Viral_capsid,IL,8,199,3.864734299516908,24.875
MLP,yeast,0,Class1,DL,762,1655,31.526685974348368,2.1719160104986877
MLP,yeast,1,Class2,DL,1038,1379,42.94580057923045,1.3285163776493256
MLP,yeast,2,Class3,DL,983,1434,40.670252378982205,1.4587995930824007
MLP,yeast,3,Class4,DL,862,1555,35.66404633843608,1.8039443155452437
MLP,yeast,4,Class5,DL,722,1695,29.871741828713283,2.347645429362881
MLP,yeast,5,Class6,DL,597,1820,24.70004137360364,3.0485762144053603
MLP,yeast,6,Class7,DL,428,1989,17.707902358295406,4.647196261682243
MLP,yeast,7,Class8,DL,480,1937,19.859329747621018,4.035416666666666
MLP,yeast,8,Class9,DL,178,2239,7.364501448076127,12.57865168539326
MLP,yeast,9,Class10,DL,253,2164,10.467521721141912,8.553359683794467
MLP,yeast,10,Class11,DL,289,2128,11.95697145221349,7.3633217993079585
MLP,yeast,13,Class14,DL,34,2383,1.406702523789822,70.08823529411765
MLP,yeast,11,Class12,IL,1816,601,75.13446421183285,3.021630615640599
MLP,yeast,12,Class13,IL,1799,618,74.43111294993794,2.911003236245955
