Dataset,Model,Cost,Fold,Scope,Reviewer Accuracy,AURC,Captured Error Count,Cost-Sensitive Utility,Coverage,Error Capture Lift,Error Capture Rate,Full Error Count,Generalized Loss,Immediate Hamming Accuracy,Immediate Instance-F1,Immediate Macro-F1,Optimistic Gain Hamming Accuracy,Optimistic Gain Macro-F1,Optimistic Hamming Accuracy,Optimistic Macro-F1,Random-Rejection Expected Capture,Rejected Error Rate,Review Load Case,Review Load Position,Reviewed Position Count,Risk at Coverage,Selective Hamming Accuracy,Selective Risk
emotions,MLC_PA_Logistic,0.20,1,Operating Point,,0.09918327797138865,98,,0.4972677595628415,1.412570888468809,0.7101449275362319,138,0.15519125683060106,0.8114754098360656,0.5685792349726776,0.6111172188011763,0.13387978142076506,0.29045429826943325,0.9453551912568307,0.9015715170706096,0.5027322404371585,0.266304347826087,0.9836065573770492,0.5027322404371585,368,0.10989010989010994,0.8901098901098901,0.10989010989010994
emotions,MLC_PA_Logistic,0.20,2,Operating Point,,0.08176419246389666,119,,0.4733893557422969,1.5584372707263388,0.8206896551724138,145,0.14173669467787112,0.7969187675070029,0.5142857142857142,0.5903093203093203,0.16666666666666663,0.347584623542619,0.9635854341736695,0.9378939438519392,0.5266106442577031,0.31648936170212766,0.9831932773109243,0.5266106442577031,376,0.07692307692307687,0.9230769230769231,0.07692307692307687
emotions,MLC_PA_Logistic,0.20,3,Operating Point,,0.09321133655128853,119,,0.483739837398374,1.5065616797900263,0.7777777777777778,153,0.14932249322493224,0.7926829268292683,0.5363143631436316,0.5742504226103112,0.1612466124661246,0.33431644227040147,0.9539295392953929,0.9085668648807127,0.516260162601626,0.3123359580052493,0.983739837398374,0.516260162601626,381,0.09523809523809523,0.9047619047619048,0.09523809523809523
emotions,MLC_PA_Logistic,0.20,4,Operating Point,,0.08396164582477526,124,,0.4791666666666667,1.6419310344827587,0.8551724137931035,145,0.13333333333333333,0.7986111111111112,0.5438888888888889,0.6032960188532944,0.17222222222222217,0.3465494971617138,0.9708333333333333,0.9498455160150082,0.5208333333333334,0.33066666666666666,1.0,0.5208333333333334,375,0.060869565217391286,0.9391304347826087,0.060869565217391286
emotions,MLC_PA_Logistic,0.20,5,Operating Point,,0.08933963791229649,106,,0.518348623853211,1.630194003527337,0.7851851851851852,135,0.14067278287461776,0.7935779816513762,0.5642201834862385,0.6069701813350067,0.1620795107033639,0.3229107966552198,0.9556574923547401,0.9298809779902265,0.481651376146789,0.33650793650793653,0.963302752293578,0.481651376146789,315,0.08554572271386429,0.9144542772861357,0.08554572271386429
emotions,MLC_PA_Logistic,0.25,1,Operating Point,,0.09918327797138865,85,,0.5969945355191257,1.5283714075165806,0.6159420289855072,138,0.17315573770491804,0.8114754098360656,0.5685792349726776,0.6111172188011763,0.11612021857923494,0.2531998167048548,0.9275956284153005,0.8643170355060311,0.4030054644808743,0.288135593220339,0.9262295081967213,0.4030054644808743,295,0.12128146453089239,0.8787185354691076,0.12128146453089239
emotions,MLC_PA_Logistic,0.25,2,Operating Point,,0.08176419246389666,109,,0.5770308123249299,1.777255081068737,0.7517241379310344,145,0.1561624649859944,0.7969187675070029,0.5142857142857142,0.5903093203093203,0.1526610644257702,0.322941335028085,0.9495798319327731,0.9132506553374052,0.42296918767507,0.3609271523178808,0.9663865546218487,0.42296918767507,302,0.08737864077669899,0.912621359223301,0.08737864077669899
emotions,MLC_PA_Logistic,0.25,3,Operating Point,,0.09321133655128853,109,,0.5867208672086721,1.7238187078109934,0.7124183006535948,153,0.16294037940379405,0.7926829268292683,0.5363143631436316,0.5742504226103112,0.14769647696476962,0.3058291920875913,0.940379403794038,0.8800796146979025,0.4132791327913279,0.35737704918032787,0.975609756097561,0.4132791327913279,305,0.10161662817551964,0.8983833718244804,0.10161662817551964
emotions,MLC_PA_Logistic,0.25,4,Operating Point,,0.08396164582477526,114,,0.5722222222222222,1.8378862516793553,0.7862068965517242,145,0.15,0.7986111111111112,0.5438888888888889,0.6032960188532944,0.15833333333333333,0.3205717938560422,0.9569444444444445,0.9238678127093366,0.42777777777777776,0.37012987012987014,0.9916666666666667,0.42777777777777776,308,0.07524271844660191,0.9247572815533981,0.07524271844660191
emotions,MLC_PA_Logistic,0.25,5,Operating Point,,0.08933963791229649,93,,0.6085626911314985,1.7598958333333332,0.6888888888888889,135,0.1620795107033639,0.7935779816513762,0.5642201834862385,0.6069701813350067,0.14220183486238525,0.28745929276228965,0.9357798165137614,0.8944294740972963,0.39143730886850153,0.36328125,0.9357798165137615,0.39143730886850153,256,0.10552763819095479,0.8944723618090452,0.10552763819095479
emotions,MLC_PA_Logistic,0.30,1,Operating Point,,0.09918327797138865,72,,0.6953551912568307,1.7126145447455643,0.5217391304347826,138,0.1815573770491803,0.8114754098360656,0.5685792349726776,0.6111172188011763,0.09836065573770492,0.21517832251531543,0.9098360655737705,0.8262955413164917,0.3046448087431694,0.32286995515695066,0.8852459016393442,0.3046448087431694,223,0.12966601178781922,0.8703339882121808,0.12966601178781922
emotions,MLC_PA_Logistic,0.30,2,Operating Point,,0.08176419246389666,96,,0.6498599439775911,1.8908689655172415,0.6620689655172414,145,0.17366946778711484,0.7969187675070029,0.5142857142857142,0.5903093203093203,0.134453781512605,0.289760425243897,0.9313725490196079,0.8800697455532173,0.35014005602240894,0.384,0.9243697478991597,0.35014005602240894,250,0.1056034482758621,0.8943965517241379,0.1056034482758621
emotions,MLC_PA_Logistic,0.30,3,Operating Point,,0.09321133655128853,91,,0.6788617886178862,1.852072474559444,0.5947712418300654,153,0.18035230352303522,0.7926829268292683,0.5363143631436316,0.5742504226103112,0.12330623306233057,0.25108716297023226,0.9159891598915989,0.8253375855805435,0.32113821138211385,0.38396624472573837,0.9349593495934959,0.32113821138211385,237,0.12375249500997998,0.87624750499002,0.12375249500997998
emotions,MLC_PA_Logistic,0.30,4,Operating Point,,0.08396164582477526,101,,0.6472222222222223,1.974477328265001,0.696551724137931,145,0.16694444444444442,0.7986111111111112,0.5438888888888889,0.6032960188532944,0.14027777777777772,0.28882189310586326,0.9388888888888889,0.8921179119591577,0.3527777777777778,0.39763779527559057,0.975,0.3527777777777778,254,0.09442060085836912,0.9055793991416309,0.09442060085836912
emotions,MLC_PA_Logistic,0.30,5,Operating Point,,0.08933963791229649,77,,0.7033639143730887,1.9227949599083622,0.5703703703703704,135,0.1776758409785933,0.7935779816513762,0.5642201834862385,0.6069701813350067,0.11773700305810397,0.24130696869981205,0.9113149847094801,0.8482771500348187,0.2966360856269113,0.39690721649484534,0.8990825688073395,0.2966360856269113,194,0.12608695652173907,0.8739130434782609,0.12608695652173907
emotions,MLC_PA_Logistic,0.35,1,Operating Point,,0.09918327797138865,55,,0.7800546448087432,1.812044288414799,0.39855072463768115,138,0.19036885245901636,0.8114754098360656,0.5685792349726776,0.6111172188011763,0.07513661202185795,0.16304329762455272,0.8866120218579235,0.774160516425729,0.21994535519125682,0.3416149068322981,0.7622950819672131,0.21994535519125682,161,0.14535901926444827,0.8546409807355517,0.14535901926444827
emotions,MLC_PA_Logistic,0.35,2,Operating Point,,0.08176419246389666,74,,0.7521008403361344,2.058679135008767,0.5103448275862069,145,0.18620448179271706,0.7969187675070029,0.5142857142857142,0.5903093203093203,0.10364145658263302,0.22851621706869296,0.9005602240896359,0.8188255373780132,0.24789915966386555,0.4180790960451977,0.865546218487395,0.24789915966386555,177,0.13221601489757917,0.8677839851024208,0.13221601489757917
emotions,MLC_PA_Logistic,0.35,3,Operating Point,,0.09321133655128853,68,,0.7750677506775068,1.9759036144578312,0.4444444444444444,153,0.1939024390243902,0.7926829268292683,0.5363143631436316,0.5742504226103112,0.09214092140921404,0.17593910067960872,0.8848238482384824,0.75018952328992,0.22493224932249323,0.40963855421686746,0.8292682926829268,0.22493224932249323,166,0.14860139860139854,0.8513986013986015,0.14860139860139854
emotions,MLC_PA_Logistic,0.35,4,Operating Point,,0.08396164582477526,78,,0.7444444444444445,2.1049475262368817,0.5379310344827586,145,0.18249999999999997,0.7986111111111112,0.5438888888888889,0.6032960188532944,0.10833333333333328,0.22072043413828535,0.9069444444444444,0.8240164529915798,0.25555555555555554,0.42391304347826086,0.8833333333333333,0.25555555555555554,184,0.125,0.875,0.125
emotions,MLC_PA_Logistic,0.35,5,Operating Point,,0.08933963791229649,57,,0.7798165137614679,1.9175925925925925,0.4222222222222222,135,0.19633027522935775,0.7935779816513762,0.5642201834862385,0.6069701813350067,0.08715596330275233,0.18118032150420804,0.8807339449541285,0.7881505028392147,0.22018348623853212,0.3958333333333333,0.7981651376146789,0.22018348623853212,144,0.15294117647058825,0.8470588235294118,0.15294117647058825
emotions,MLC_PA_Logistic,0.40,1,Operating Point,,0.09918327797138865,38,,0.8456284153005464,1.7837629857637551,0.2753623188405797,138,0.19836065573770495,0.8114754098360656,0.5685792349726776,0.6111172188011763,0.051912568306010876,0.10571657072575436,0.8633879781420765,0.7168337895269307,0.15437158469945356,0.336283185840708,0.639344262295082,0.15437158469945356,113,0.16155088852988686,0.8384491114701131,0.16155088852988686
emotions,MLC_PA_Logistic,0.40,2,Operating Point,,0.08176419246389666,52,,0.8375350140056023,2.207372175980975,0.3586206896551724,145,0.1952380952380953,0.7969187675070029,0.5142857142857142,0.5903093203093203,0.07282913165266103,0.15791720921880215,0.8697478991596639,0.7482265295281224,0.16246498599439776,0.4482758620689655,0.6722689075630253,0.16246498599439776,116,0.15551839464882944,0.8444816053511706,0.15551839464882944
emotions,MLC_PA_Logistic,0.40,3,Operating Point,,0.09321133655128853,52,,0.8468834688346883,2.219677251431546,0.33986928104575165,153,0.19810298102981036,0.7926829268292683,0.5363143631436316,0.5742504226103112,0.07046070460704601,0.12385055314964966,0.8631436314363143,0.6981009757599609,0.15311653116531165,0.46017699115044247,0.6910569105691057,0.15311653116531165,113,0.16159999999999997,0.8384,0.16159999999999997
emotions,MLC_PA_Logistic,0.40,4,Operating Point,,0.08396164582477526,46,,0.8611111111111112,2.2841379310344827,0.31724137931034485,145,0.19305555555555556,0.7986111111111112,0.5438888888888889,0.6032960188532944,0.06388888888888888,0.1309326349145089,0.8625,0.7342286537678033,0.1388888888888889,0.46,0.6,0.1388888888888889,100,0.1596774193548387,0.8403225806451613,0.1596774193548387
emotions,MLC_PA_Logistic,0.40,5,Operating Point,,0.08933963791229649,38,,0.8486238532110092,1.859483726150393,0.2814814814814815,135,0.20886850152905198,0.7935779816513762,0.5642201834862385,0.6069701813350067,0.05810397553516822,0.11901665723871169,0.8516819571865444,0.7259868385737184,0.15137614678899083,0.3838383838383838,0.6422018348623854,0.15137614678899083,99,0.17477477477477477,0.8252252252252252,0.17477477477477477
emotions,MLC_PA_Logistic,0.50,1,Operating Point,,0.09918327797138865,0,,1.0,,0.0,138,0.1885245901639344,0.8114754098360656,0.5685792349726776,0.6111172188011763,0.0,0.0,0.8114754098360656,0.6111172188011763,0.0,,0.0,0.0,0,0.1885245901639344,0.8114754098360656,0.1885245901639344
emotions,MLC_PA_Logistic,0.50,2,Operating Point,,0.08176419246389666,0,,1.0,,0.0,145,0.2030812324929972,0.7969187675070029,0.5142857142857142,0.5903093203093203,0.0,0.0,0.7969187675070029,0.5903093203093203,0.0,,0.0,0.0,0,0.20308123249299714,0.7969187675070029,0.20308123249299714
emotions,MLC_PA_Logistic,0.50,3,Operating Point,,0.09321133655128853,0,,1.0,,0.0,153,0.2073170731707317,0.7926829268292683,0.5363143631436316,0.5742504226103112,0.0,0.0,0.7926829268292683,0.5742504226103112,0.0,,0.0,0.0,0,0.20731707317073167,0.7926829268292683,0.20731707317073167
emotions,MLC_PA_Logistic,0.50,4,Operating Point,,0.08396164582477526,0,,1.0,,0.0,145,0.2013888888888889,0.7986111111111112,0.5438888888888889,0.6032960188532944,0.0,0.0,0.7986111111111112,0.6032960188532944,0.0,,0.0,0.0,0,0.20138888888888884,0.7986111111111112,0.20138888888888884
emotions,MLC_PA_Logistic,0.50,5,Operating Point,,0.08933963791229649,0,,1.0,,0.0,135,0.20642201834862386,0.7935779816513762,0.5642201834862385,0.6069701813350067,0.0,0.0,0.7935779816513762,0.6069701813350067,0.0,,0.0,0.0,0,0.20642201834862384,0.7935779816513762,0.20642201834862384
emotions,MLC_PA_MLP,0.20,1,Operating Point,,0.18041669886265319,217,,0.001366120218579235,1.0013679890560876,1.0,217,0.19972677595628405,0.7035519125683061,0.6032006245120999,0.6184258283840555,0.29644808743169393,0.38157417161594454,1.0,1.0,0.9986338797814208,0.2968536251709986,1.0,0.9986338797814208,731,0.0,1.0,0.0
emotions,MLC_PA_MLP,0.20,2,Operating Point,,0.14952307989235247,187,,0.0,1.0,1.0,187,0.19999999999999984,0.7380952380952381,0.619607843137255,0.6464928858477245,0.26190476190476186,0.35350711415227554,1.0,1.0,1.0,0.2619047619047619,1.0,1.0,714,,,
emotions,MLC_PA_MLP,0.20,3,Operating Point,,0.15153367508051271,197,,0.0,1.0,1.0,197,0.19999999999999993,0.7330623306233062,0.6139372822299652,0.6204836267779792,0.26693766937669383,0.3795163732220208,1.0,1.0,1.0,0.2669376693766938,1.0,1.0,738,,,
emotions,MLC_PA_MLP,0.20,4,Operating Point,,0.1445517228493241,178,,0.0,1.0,1.0,178,0.19999999999999996,0.7527777777777778,0.6678174603174604,0.6829624072591506,0.24722222222222223,0.3170375927408494,1.0,1.0,1.0,0.24722222222222223,1.0,1.0,720,,,
emotions,MLC_PA_MLP,0.20,5,Operating Point,,0.1503124663314044,164,,0.0,1.0,1.0,164,0.19999999999999993,0.7492354740061162,0.6805591961555265,0.6920664096228006,0.25076452599388377,0.30793359037719936,1.0,1.0,1.0,0.25076452599388377,1.0,1.0,654,,,
emotions,MLC_PA_MLP,0.25,1,Operating Point,,0.18041669886265319,217,,0.00273224043715847,1.0027397260273974,1.0,217,0.24931693989071038,0.7035519125683061,0.6032006245120999,0.6184258283840555,0.29644808743169393,0.38157417161594454,1.0,1.0,0.9972677595628415,0.29726027397260274,1.0,0.9972677595628415,730,0.0,1.0,0.0
emotions,MLC_PA_MLP,0.25,2,Operating Point,,0.14952307989235247,187,,0.0,1.0,1.0,187,0.25,0.7380952380952381,0.619607843137255,0.6464928858477245,0.26190476190476186,0.35350711415227554,1.0,1.0,1.0,0.2619047619047619,1.0,1.0,714,,,
emotions,MLC_PA_MLP,0.25,3,Operating Point,,0.15153367508051271,197,,0.0,1.0,1.0,197,0.25,0.7330623306233062,0.6139372822299652,0.6204836267779792,0.26693766937669383,0.3795163732220208,1.0,1.0,1.0,0.2669376693766938,1.0,1.0,738,,,
emotions,MLC_PA_MLP,0.25,4,Operating Point,,0.1445517228493241,178,,0.0,1.0,1.0,178,0.25,0.7527777777777778,0.6678174603174604,0.6829624072591506,0.24722222222222223,0.3170375927408494,1.0,1.0,1.0,0.24722222222222223,1.0,1.0,720,,,
emotions,MLC_PA_MLP,0.25,5,Operating Point,,0.1503124663314044,164,,0.00764525993883792,1.007704160246533,1.0,164,0.24808868501529052,0.7492354740061162,0.6805591961555265,0.6920664096228006,0.25076452599388377,0.30793359037719936,1.0,1.0,0.9923547400611621,0.2526964560862866,1.0,0.9923547400611621,649,0.0,1.0,0.0
emotions,MLC_PA_MLP,0.30,1,Operating Point,,0.18041669886265319,217,,0.01912568306010929,1.0194986072423398,1.0,217,0.29426229508196733,0.7035519125683061,0.6032006245120999,0.6184258283840555,0.29644808743169393,0.38157417161594454,1.0,1.0,0.9808743169398907,0.3022284122562674,1.0,0.9808743169398907,718,0.0,1.0,0.0
emotions,MLC_PA_MLP,0.30,2,Operating Point,,0.14952307989235247,187,,0.01680672268907563,1.0170940170940173,1.0,187,0.29495798319327743,0.7380952380952381,0.619607843137255,0.6464928858477245,0.26190476190476186,0.35350711415227554,1.0,1.0,0.9831932773109243,0.26638176638176636,1.0,0.9831932773109243,702,0.0,1.0,0.0
emotions,MLC_PA_MLP,0.30,3,Operating Point,,0.15153367508051271,197,,0.01084010840108401,1.010958904109589,1.0,197,0.2967479674796749,0.7330623306233062,0.6139372822299652,0.6204836267779792,0.26693766937669383,0.3795163732220208,1.0,1.0,0.989159891598916,0.26986301369863014,1.0,0.989159891598916,730,0.0,1.0,0.0
emotions,MLC_PA_MLP,0.30,4,Operating Point,,0.1445517228493241,178,,0.001388888888888889,1.0013908205841446,1.0,178,0.2995833333333334,0.7527777777777778,0.6678174603174604,0.6829624072591506,0.24722222222222223,0.3170375927408494,1.0,1.0,0.9986111111111111,0.24756606397774686,1.0,0.9986111111111111,719,0.0,1.0,0.0
emotions,MLC_PA_MLP,0.30,5,Operating Point,,0.1503124663314044,164,,0.02599388379204893,1.0266875981161696,1.0,164,0.29220183486238543,0.7492354740061162,0.6805591961555265,0.6920664096228006,0.25076452599388377,0.30793359037719936,1.0,1.0,0.9740061162079511,0.25745682888540034,1.0,0.9740061162079511,637,0.0,1.0,0.0
emotions,MLC_PA_MLP,0.35,1,Operating Point,,0.18041669886265319,214,,0.07377049180327869,1.0647200358876066,0.9861751152073732,217,0.3282786885245902,0.7035519125683061,0.6032006245120999,0.6184258283840555,0.2923497267759563,0.3739389100525332,0.9959016393442623,0.9923647384365887,0.9262295081967213,0.31563421828908556,1.0,0.9262295081967213,678,0.05555555555555558,0.9444444444444444,0.05555555555555558
emotions,MLC_PA_MLP,0.35,2,Operating Point,,0.14952307989235247,185,,0.058823529411764705,1.0511363636363635,0.9893048128342246,187,0.33221288515406167,0.7380952380952381,0.619607843137255,0.6464928858477245,0.2591036414565826,0.34845660910177045,0.9971988795518207,0.9949494949494949,0.9411764705882353,0.27529761904761907,1.0,0.9411764705882353,672,0.04761904761904767,0.9523809523809523,0.04761904761904767
emotions,MLC_PA_MLP,0.35,3,Operating Point,,0.15153367508051271,196,,0.07181571815718157,1.0719033680388306,0.9949238578680203,197,0.32621951219512196,0.7330623306233062,0.6139372822299652,0.6204836267779792,0.2655826558265584,0.37729415099979857,0.9986449864498645,0.9977777777777778,0.9281842818428184,0.28613138686131384,1.0,0.9281842818428184,685,0.018867924528301883,0.9811320754716981,0.018867924528301883
emotions,MLC_PA_MLP,0.35,4,Operating Point,,0.1445517228493241,175,,0.058333333333333334,1.0440489211494481,0.9831460674157303,178,0.33375,0.7527777777777778,0.6678174603174604,0.6829624072591506,0.24305555555555558,0.3100524937410536,0.9958333333333333,0.9930149010002042,0.9416666666666667,0.2581120943952802,1.0,0.9416666666666667,678,0.0714285714285714,0.9285714285714286,0.0714285714285714
emotions,MLC_PA_MLP,0.35,5,Operating Point,,0.1503124663314044,161,,0.07186544342507645,1.057720898461044,0.9817073170731707,164,0.3294342507645259,0.7492354740061162,0.6805591961555265,0.6920664096228006,0.24617737003058104,0.30037043206564473,0.9954128440366973,0.9924368416884454,0.9281345565749235,0.2652388797364086,1.0,0.9281345565749235,607,0.06382978723404253,0.9361702127659575,0.06382978723404253
emotions,MLC_PA_MLP,0.40,1,Operating Point,,0.18041669886265319,194,,0.21994535519125682,1.1460853704794725,0.8940092165898618,217,0.3434426229508197,0.7035519125683061,0.6032006245120999,0.6184258283840555,0.26502732240437155,0.3323712472547923,0.9685792349726776,0.9507970756388477,0.7800546448087432,0.3397548161120841,0.9918032786885246,0.7800546448087432,571,0.1428571428571428,0.8571428571428572,0.1428571428571428
emotions,MLC_PA_MLP,0.40,2,Operating Point,,0.14952307989235247,179,,0.19467787114845939,1.188616600790514,0.9572192513368984,187,0.3333333333333333,0.7380952380952381,0.619607843137255,0.6464928858477245,0.2507002801120448,0.33435010971042756,0.988795518207283,0.980842995558152,0.8053221288515406,0.31130434782608696,1.0,0.8053221288515406,575,0.05755395683453235,0.9424460431654677,0.05755395683453235
emotions,MLC_PA_MLP,0.40,3,Operating Point,,0.15153367508051271,176,,0.24661246612466126,1.185845232443487,0.8934010152284264,197,0.329810298102981,0.7330623306233062,0.6139372822299652,0.6204836267779792,0.23848238482384831,0.3321209089030315,0.9715447154471545,0.9526045356810107,0.7533875338753387,0.31654676258992803,0.991869918699187,0.7533875338753387,556,0.11538461538461542,0.8846153846153846,0.11538461538461542
emotions,MLC_PA_MLP,0.40,4,Operating Point,,0.1445517228493241,165,,0.19305555555555556,1.148736196793595,0.9269662921348315,178,0.3408333333333333,0.7527777777777778,0.6678174603174604,0.6829624072591506,0.22916666666666663,0.2889329693747953,0.9819444444444444,0.9718953766339459,0.8069444444444445,0.28399311531841653,1.0,0.8069444444444445,581,0.09352517985611508,0.9064748201438849,0.09352517985611508
emotions,MLC_PA_MLP,0.40,5,Operating Point,,0.1503124663314044,146,,0.25382262996941896,1.1930727708916433,0.8902439024390244,164,0.32599388379204897,0.7492354740061162,0.6805591961555265,0.6920664096228006,0.2232415902140672,0.267688251654432,0.9724770642201834,0.9597546612772326,0.746177370030581,0.29918032786885246,0.981651376146789,0.746177370030581,488,0.10843373493975905,0.891566265060241,0.10843373493975905
emotions,MLC_PA_MLP,0.50,1,Operating Point,,0.18041669886265319,0,,1.0,,0.0,217,0.296448087431694,0.7035519125683061,0.6032006245120999,0.6184258283840555,0.0,0.0,0.7035519125683061,0.6184258283840555,0.0,,0.0,0.0,0,0.29644808743169393,0.7035519125683061,0.29644808743169393
emotions,MLC_PA_MLP,0.50,2,Operating Point,,0.14952307989235247,0,,1.0,,0.0,187,0.2619047619047619,0.7380952380952381,0.619607843137255,0.6464928858477245,0.0,0.0,0.7380952380952381,0.6464928858477245,0.0,,0.0,0.0,0,0.26190476190476186,0.7380952380952381,0.26190476190476186
emotions,MLC_PA_MLP,0.50,3,Operating Point,,0.15153367508051271,0,,1.0,,0.0,197,0.2669376693766938,0.7330623306233062,0.6139372822299652,0.6204836267779792,0.0,0.0,0.7330623306233062,0.6204836267779792,0.0,,0.0,0.0,0,0.26693766937669383,0.7330623306233062,0.26693766937669383
emotions,MLC_PA_MLP,0.50,4,Operating Point,,0.1445517228493241,0,,1.0,,0.0,178,0.24722222222222223,0.7527777777777778,0.6678174603174604,0.6829624072591506,0.0,0.0,0.7527777777777778,0.6829624072591506,0.0,,0.0,0.0,0,0.24722222222222223,0.7527777777777778,0.24722222222222223
emotions,MLC_PA_MLP,0.50,5,Operating Point,,0.1503124663314044,0,,1.0,,0.0,164,0.25076452599388377,0.7492354740061162,0.6805591961555265,0.6920664096228006,0.0,0.0,0.7492354740061162,0.6920664096228006,0.0,,0.0,0.0,0,0.25076452599388377,0.7492354740061162,0.25076452599388377
emotions,GSI_MLC_PA_Logistic,0.20,1,Operating Point,,0.09560462843519942,94,,0.5655737704918032,1.5793967773034019,0.6861313868613139,137,0.14562841530054643,0.8128415300546448,0.5726775956284152,0.6159443663680951,0.12841530054644812,0.27479999605587624,0.9412568306010929,0.8907443624239714,0.4344262295081967,0.29559748427672955,0.9836065573770492,0.4344262295081967,318,0.10386473429951693,0.8961352657004831,0.10386473429951693
emotions,GSI_MLC_PA_Logistic,0.20,2,Operating Point,,0.07871821327807783,116,,0.5238095238095238,1.6916666666666669,0.8055555555555556,144,0.134453781512605,0.7983193277310925,0.5198879551820728,0.5993733517310752,0.16246498599439774,0.33199276359815066,0.9607843137254902,0.9313661153292259,0.47619047619047616,0.3411764705882353,0.9831932773109243,0.47619047619047616,340,0.07486631016042777,0.9251336898395722,0.07486631016042777
emotions,GSI_MLC_PA_Logistic,0.20,3,Operating Point,,0.08973832816545323,113,,0.5311653116531165,1.6285346039681299,0.7635135135135135,148,0.14119241192411922,0.7994579945799458,0.5262872628726287,0.5751188053074846,0.15311653116531165,0.3246115597705067,0.9525745257452575,0.8997303650779913,0.46883468834688347,0.3265895953757225,0.983739837398374,0.46883468834688347,346,0.0892857142857143,0.9107142857142857,0.0892857142857143
emotions,GSI_MLC_PA_Logistic,0.20,4,Operating Point,,0.08058472741703561,122,,0.5444444444444444,1.8218018914883027,0.8299319727891157,147,0.12583333333333335,0.7958333333333334,0.5330555555555556,0.5880736987611576,0.1694444444444444,0.3511332183799576,0.9652777777777778,0.9392069171411151,0.45555555555555555,0.3719512195121951,1.0,0.45555555555555555,328,0.06377551020408168,0.9362244897959183,0.06377551020408168
emotions,GSI_MLC_PA_Logistic,0.20,5,Operating Point,,0.09238640949357338,96,,0.5871559633027523,1.660952380952381,0.6857142857142857,140,0.1498470948012232,0.7859327217125383,0.5391437308868502,0.5865376050446162,0.14678899082568808,0.29849951766449045,0.9327217125382263,0.8850371227091066,0.41284403669724773,0.35555555555555557,0.9724770642201835,0.41284403669724773,270,0.11458333333333337,0.8854166666666666,0.11458333333333337
emotions,GSI_MLC_PA_Logistic,0.25,1,Operating Point,,0.09560462843519942,77,,0.6584699453551912,1.6456642335766423,0.5620437956204379,137,0.16734972677595628,0.8128415300546448,0.5726775956284152,0.6159443663680951,0.10519125683060115,0.22398705570957367,0.9180327868852459,0.8399314220776688,0.34153005464480873,0.308,0.9098360655737705,0.34153005464480873,250,0.12448132780082988,0.8755186721991701,0.12448132780082988
emotions,GSI_MLC_PA_Logistic,0.25,2,Operating Point,,0.07871821327807783,101,,0.6204481792717087,1.847939729397294,0.7013888888888888,144,0.15511204481792717,0.7983193277310925,0.5198879551820728,0.5993733517310752,0.14145658263305316,0.2925686934098257,0.9397759103641457,0.8919420451409009,0.3795518207282913,0.3726937269372694,0.957983193277311,0.3795518207282913,271,0.09706546275395034,0.9029345372460497,0.09706546275395034
emotions,GSI_MLC_PA_Logistic,0.25,3,Operating Point,,0.08973832816545323,100,,0.6246612466124661,1.8001756268904283,0.6756756756756757,148,0.15887533875338752,0.7994579945799458,0.5262872628726287,0.5751188053074846,0.1355013550135501,0.2787112075166407,0.9349593495934959,0.8538300128241253,0.37533875338753386,0.36101083032490977,0.983739837398374,0.37533875338753386,277,0.10412147505422997,0.89587852494577,0.10412147505422997
emotions,GSI_MLC_PA_Logistic,0.25,4,Operating Point,,0.08058472741703561,107,,0.625,1.9410430839002268,0.7278911564625851,147,0.14930555555555555,0.7958333333333334,0.5330555555555556,0.5880736987611576,0.14861111111111103,0.30840604569146535,0.9444444444444444,0.8964797444526229,0.375,0.3962962962962963,0.9833333333333333,0.375,270,0.0888888888888889,0.9111111111111111,0.0888888888888889
emotions,GSI_MLC_PA_Logistic,0.25,5,Operating Point,,0.09238640949357338,88,,0.6666666666666666,1.8857142857142857,0.6285714285714286,140,0.1628440366972477,0.7859327217125383,0.5391437308868502,0.5865376050446162,0.13455657492354733,0.27275326545990497,0.9204892966360856,0.8592908705045211,0.3333333333333333,0.4036697247706422,0.944954128440367,0.3333333333333333,218,0.11926605504587151,0.8807339449541285,0.11926605504587151
emotions,GSI_MLC_PA_Logistic,0.30,1,Operating Point,,0.09560462843519942,62,,0.7336065573770492,1.698820887142055,0.45255474452554745,137,0.18237704918032788,0.8128415300546448,0.5726775956284152,0.6159443663680951,0.08469945355191255,0.18046923158935102,0.8975409836065573,0.7964135979574462,0.26639344262295084,0.31794871794871793,0.860655737704918,0.26639344262295084,195,0.13966480446927376,0.8603351955307262,0.13966480446927376
emotions,GSI_MLC_PA_Logistic,0.30,2,Operating Point,,0.07871821327807783,86,,0.7030812324929971,2.0113993710691824,0.5972222222222222,144,0.17030812324929973,0.7983193277310925,0.5198879551820728,0.5993733517310752,0.12044817927170859,0.2505033156808034,0.9187675070028011,0.8498766674118786,0.2969187675070028,0.4056603773584906,0.9159663865546218,0.2969187675070028,212,0.1155378486055777,0.8844621513944223,0.1155378486055777
emotions,GSI_MLC_PA_Logistic,0.30,3,Operating Point,,0.08973832816545323,80,,0.7086720867208672,1.8554368321810184,0.5405405405405406,148,0.17953929539295393,0.7994579945799458,0.5262872628726287,0.5751188053074846,0.10840108401084003,0.22093065258407862,0.9078590785907859,0.7960494578915632,0.29132791327913277,0.37209302325581395,0.926829268292683,0.29132791327913277,215,0.13001912045889097,0.869980879541109,0.13001912045889097
emotions,GSI_MLC_PA_Logistic,0.30,4,Operating Point,,0.08058472741703561,94,,0.6888888888888889,2.055393586005831,0.6394557823129252,147,0.16694444444444448,0.7958333333333334,0.5330555555555556,0.5880736987611576,0.13055555555555554,0.2728802262500052,0.9263888888888889,0.8609539250111627,0.3111111111111111,0.41964285714285715,0.95,0.3111111111111111,224,0.10685483870967738,0.8931451612903226,0.10685483870967738
emotions,GSI_MLC_PA_Logistic,0.30,5,Operating Point,,0.09238640949357338,71,,0.7385321100917431,1.9395989974937344,0.5071428571428571,140,0.1839449541284404,0.7859327217125383,0.5391437308868502,0.5865376050446162,0.10856269113149841,0.21799651231242156,0.8944954128440367,0.8045341173570377,0.26146788990825687,0.4152046783625731,0.8715596330275229,0.26146788990825687,171,0.1428571428571428,0.8571428571428572,0.1428571428571428
emotions,GSI_MLC_PA_Logistic,0.35,1,Operating Point,,0.09560462843519942,49,,0.8087431693989071,1.87007299270073,0.35766423357664234,137,0.18715846994535515,0.8128415300546448,0.5726775956284152,0.6159443663680951,0.06693989071038253,0.13475897402451076,0.8797814207650273,0.7507033403926059,0.1912568306010929,0.35,0.7540983606557377,0.1912568306010929,140,0.14864864864864868,0.8513513513513513,0.14864864864864868
emotions,GSI_MLC_PA_Logistic,0.35,2,Operating Point,,0.07871821327807783,70,,0.7703081232492998,2.116361788617886,0.4861111111111111,144,0.1840336134453781,0.7983193277310925,0.5198879551820728,0.5993733517310752,0.0980392156862745,0.20711907079648118,0.896358543417367,0.8064924225275564,0.22969187675070027,0.4268292682926829,0.8235294117647058,0.22969187675070027,164,0.13454545454545452,0.8654545454545455,0.13454545454545452
emotions,GSI_MLC_PA_Logistic,0.35,3,Operating Point,,0.08973832816545323,58,,0.7913279132791328,1.878027378027378,0.3918918918918919,148,0.19498644986449856,0.7994579945799458,0.5262872628726287,0.5751188053074846,0.07859078590785906,0.1571410790850546,0.8780487804878049,0.7322598843925392,0.2086720867208672,0.37662337662337664,0.8048780487804879,0.2086720867208672,154,0.15410958904109595,0.845890410958904,0.15410958904109595
emotions,GSI_MLC_PA_Logistic,0.35,4,Operating Point,,0.08058472741703561,72,,0.7805555555555556,2.2319814001549987,0.4897959183673469,147,0.1809722222222222,0.7958333333333334,0.5330555555555556,0.5880736987611576,0.09999999999999998,0.20428895954054838,0.8958333333333334,0.7923626583017059,0.21944444444444444,0.45569620253164556,0.8166666666666667,0.21944444444444444,158,0.13345195729537362,0.8665480427046264,0.13345195729537362
emotions,GSI_MLC_PA_Logistic,0.35,5,Operating Point,,0.09238640949357338,56,,0.7981651376146789,1.981818181818182,0.4,140,0.19908256880733943,0.7859327217125383,0.5391437308868502,0.5865376050446162,0.08562691131498468,0.16425449362883837,0.8715596330275229,0.7507920986734545,0.2018348623853211,0.42424242424242425,0.7706422018348624,0.2018348623853211,132,0.16091954022988508,0.8390804597701149,0.16091954022988508
emotions,GSI_MLC_PA_Logistic,0.40,1,Operating Point,,0.09560462843519942,32,,0.8756830601092896,1.8788802438437475,0.23357664233576642,137,0.19316939890710383,0.8128415300546448,0.5726775956284152,0.6159443663680951,0.04371584699453557,0.08976738451909427,0.8565573770491803,0.7057117508871894,0.12431693989071038,0.3516483516483517,0.5737704918032787,0.12431693989071038,91,0.1638065522620905,0.8361934477379095,0.1638065522620905
emotions,GSI_MLC_PA_Logistic,0.40,2,Operating Point,,0.07871821327807783,54,,0.8389355742296919,2.3282608695652174,0.375,144,0.19047619047619052,0.7983193277310925,0.5198879551820728,0.5993733517310752,0.07563025210084029,0.15880799626360065,0.8739495798319328,0.7581813479946758,0.16106442577030813,0.46956521739130436,0.6890756302521008,0.16106442577030813,115,0.15025041736227052,0.8497495826377295,0.15025041736227052
emotions,GSI_MLC_PA_Logistic,0.40,3,Operating Point,,0.08973832816545323,43,,0.8658536585365854,2.1658476658476657,0.2905405405405405,148,0.19593495934959354,0.7994579945799458,0.5262872628726287,0.5751188053074846,0.05826558265582649,0.10877240646232778,0.8577235772357723,0.6838912117698124,0.13414634146341464,0.43434343434343436,0.6260162601626016,0.13414634146341464,99,0.16431924882629112,0.8356807511737089,0.16431924882629112
emotions,GSI_MLC_PA_Logistic,0.40,4,Operating Point,,0.08058472741703561,44,,0.8722222222222222,2.342502218278616,0.29931972789115646,147,0.19416666666666668,0.7958333333333334,0.5330555555555556,0.5880736987611576,0.061111111111111116,0.12785118172321952,0.8569444444444445,0.7159248804843771,0.12777777777777777,0.4782608695652174,0.575,0.12777777777777777,92,0.1640127388535032,0.8359872611464968,0.1640127388535032
emotions,GSI_MLC_PA_Logistic,0.40,5,Operating Point,,0.09238640949357338,40,,0.8623853211009175,2.076190476190476,0.2857142857142857,140,0.20795107033639149,0.7859327217125383,0.5391437308868502,0.5865376050446162,0.06116207951070329,0.11905720922345586,0.8470948012232415,0.705594814268072,0.13761467889908258,0.4444444444444444,0.6146788990825688,0.13761467889908258,90,0.17730496453900713,0.8226950354609929,0.17730496453900713
emotions,GSI_MLC_PA_Logistic,0.50,1,Operating Point,,0.09560462843519942,0,,1.0,,0.0,137,0.1871584699453552,0.8128415300546448,0.5726775956284152,0.6159443663680951,0.0,0.0,0.8128415300546448,0.6159443663680951,0.0,,0.0,0.0,0,0.18715846994535523,0.8128415300546448,0.18715846994535523
emotions,GSI_MLC_PA_Logistic,0.50,2,Operating Point,,0.07871821327807783,0,,1.0,,0.0,144,0.20168067226890757,0.7983193277310925,0.5198879551820728,0.5993733517310752,0.0,0.0,0.7983193277310925,0.5993733517310752,0.0,,0.0,0.0,0,0.2016806722689075,0.7983193277310925,0.2016806722689075
emotions,GSI_MLC_PA_Logistic,0.50,3,Operating Point,,0.08973832816545323,0,,1.0,,0.0,148,0.2005420054200542,0.7994579945799458,0.5262872628726287,0.5751188053074846,0.0,0.0,0.7994579945799458,0.5751188053074846,0.0,,0.0,0.0,0,0.20054200542005418,0.7994579945799458,0.20054200542005418
emotions,GSI_MLC_PA_Logistic,0.50,4,Operating Point,,0.08058472741703561,0,,1.0,,0.0,147,0.20416666666666666,0.7958333333333334,0.5330555555555556,0.5880736987611576,0.0,0.0,0.7958333333333334,0.5880736987611576,0.0,,0.0,0.0,0,0.2041666666666666,0.7958333333333334,0.2041666666666666
emotions,GSI_MLC_PA_Logistic,0.50,5,Operating Point,,0.09238640949357338,0,,1.0,,0.0,140,0.21406727828746178,0.7859327217125383,0.5391437308868502,0.5865376050446162,0.0,0.0,0.7859327217125383,0.5865376050446162,0.0,,0.0,0.0,0,0.21406727828746175,0.7859327217125383,0.21406727828746175
emotions,GSI_MLC_PA_MLP,0.20,1,Operating Point,,0.15268672028485147,194,,0.0,1.0,1.0,194,0.19999999999999993,0.7349726775956285,0.5927400468384076,0.6289174778713248,0.26502732240437155,0.3710825221286752,1.0,1.0,1.0,0.2650273224043716,1.0,1.0,732,,,
emotions,GSI_MLC_PA_MLP,0.20,2,Operating Point,,0.13980248834476997,159,,0.0,1.0,1.0,159,0.19999999999999984,0.7773109243697479,0.6235694277711085,0.6594727273234656,0.2226890756302521,0.3405272726765344,1.0,1.0,1.0,0.22268907563025211,1.0,1.0,714,,,
emotions,GSI_MLC_PA_MLP,0.20,3,Operating Point,,0.13848735864844627,180,,0.0,1.0,1.0,180,0.19999999999999993,0.7560975609756098,0.6075106465350367,0.5956883051405523,0.24390243902439024,0.40431169485944773,1.0,1.0,1.0,0.24390243902439024,1.0,1.0,738,,,
emotions,GSI_MLC_PA_MLP,0.20,4,Operating Point,,0.12990116986340408,175,,0.0,1.0,1.0,175,0.19999999999999996,0.7569444444444444,0.6643253968253968,0.6788791079533114,0.24305555555555558,0.3211208920466886,1.0,1.0,1.0,0.24305555555555555,1.0,1.0,720,,,
emotions,GSI_MLC_PA_MLP,0.20,5,Operating Point,,0.12176390762747982,153,,0.0,1.0,1.0,153,0.19999999999999993,0.7660550458715596,0.6487549148099607,0.6408670402212228,0.2339449541284404,0.35913295977877724,1.0,1.0,1.0,0.23394495412844038,1.0,1.0,654,,,
emotions,GSI_MLC_PA_MLP,0.25,1,Operating Point,,0.15268672028485147,194,,0.00273224043715847,1.0027397260273974,1.0,194,0.24931693989071038,0.7349726775956285,0.5927400468384076,0.6289174778713248,0.26502732240437155,0.3710825221286752,1.0,1.0,0.9972677595628415,0.26575342465753427,1.0,0.9972677595628415,730,0.0,1.0,0.0
emotions,GSI_MLC_PA_MLP,0.25,2,Operating Point,,0.13980248834476997,159,,0.004201680672268907,1.0042194092827004,1.0,159,0.24894957983193278,0.7773109243697479,0.6235694277711085,0.6594727273234656,0.2226890756302521,0.3405272726765344,1.0,1.0,0.9957983193277311,0.22362869198312235,1.0,0.9957983193277311,711,0.0,1.0,0.0
emotions,GSI_MLC_PA_MLP,0.25,3,Operating Point,,0.13848735864844627,180,,0.009485094850948509,1.009575923392613,1.0,180,0.24762872628726287,0.7560975609756098,0.6075106465350367,0.5956883051405523,0.24390243902439024,0.40431169485944773,1.0,1.0,0.9905149051490515,0.24623803009575923,1.0,0.9905149051490515,731,0.0,1.0,0.0
emotions,GSI_MLC_PA_MLP,0.25,4,Operating Point,,0.12990116986340408,175,,0.0,1.0,1.0,175,0.25,0.7569444444444444,0.6643253968253968,0.6788791079533114,0.24305555555555558,0.3211208920466886,1.0,1.0,1.0,0.24305555555555555,1.0,1.0,720,,,
emotions,GSI_MLC_PA_MLP,0.25,5,Operating Point,,0.12176390762747982,153,,0.0061162079510703364,1.0061538461538462,1.0,153,0.2484709480122324,0.7660550458715596,0.6487549148099607,0.6408670402212228,0.2339449541284404,0.35913295977877724,1.0,1.0,0.9938837920489296,0.2353846153846154,1.0,0.9938837920489296,650,0.0,1.0,0.0
emotions,GSI_MLC_PA_MLP,0.30,1,Operating Point,,0.15268672028485147,194,,0.020491803278688523,1.0209205020920502,1.0,194,0.29385245901639356,0.7349726775956285,0.5927400468384076,0.6289174778713248,0.26502732240437155,0.3710825221286752,1.0,1.0,0.9795081967213115,0.2705718270571827,1.0,0.9795081967213115,717,0.0,1.0,0.0
emotions,GSI_MLC_PA_MLP,0.30,2,Operating Point,,0.13980248834476997,159,,0.0196078431372549,1.02,1.0,159,0.2941176470588237,0.7773109243697479,0.6235694277711085,0.6594727273234656,0.2226890756302521,0.3405272726765344,1.0,1.0,0.9803921568627451,0.22714285714285715,1.0,0.9803921568627451,700,0.0,1.0,0.0
emotions,GSI_MLC_PA_MLP,0.30,3,Operating Point,,0.13848735864844627,180,,0.03387533875338753,1.035063113604488,1.0,180,0.28983739837398387,0.7560975609756098,0.6075106465350367,0.5956883051405523,0.24390243902439024,0.40431169485944773,1.0,1.0,0.9661246612466124,0.25245441795231416,1.0,0.9661246612466124,713,0.0,1.0,0.0
emotions,GSI_MLC_PA_MLP,0.30,4,Operating Point,,0.12990116986340408,175,,0.009722222222222222,1.0098176718092566,1.0,175,0.2970833333333334,0.7569444444444444,0.6643253968253968,0.6788791079533114,0.24305555555555558,0.3211208920466886,1.0,1.0,0.9902777777777778,0.24544179523141654,1.0,0.9902777777777778,713,0.0,1.0,0.0
emotions,GSI_MLC_PA_MLP,0.30,5,Operating Point,,0.12176390762747982,153,,0.021406727828746176,1.021875,1.0,153,0.29357798165137633,0.7660550458715596,0.6487549148099607,0.6408670402212228,0.2339449541284404,0.35913295977877724,1.0,1.0,0.9785932721712538,0.2390625,1.0,0.9785932721712538,640,0.0,1.0,0.0
emotions,GSI_MLC_PA_MLP,0.35,1,Operating Point,,0.15268672028485147,190,,0.08469945355191257,1.0700107708878288,0.979381443298969,194,0.32581967213114754,0.7349726775956285,0.5927400468384076,0.6289174778713248,0.2595628415300546,0.36268368142947194,0.994535519125683,0.9916011593007967,0.9153005464480874,0.2835820895522388,1.0,0.9153005464480874,670,0.06451612903225801,0.935483870967742,0.06451612903225801
emotions,GSI_MLC_PA_MLP,0.35,2,Operating Point,,0.13980248834476997,153,,0.0742296918767507,1.0394199754517168,0.9622641509433962,159,0.3324229691876751,0.7773109243697479,0.6235694277711085,0.6594727273234656,0.2142857142857143,0.3259856499157334,0.9915966386554622,0.985458377239199,0.9257703081232493,0.2314674735249622,1.0,0.9257703081232493,661,0.1132075471698113,0.8867924528301887,0.1132075471698113
emotions,GSI_MLC_PA_MLP,0.35,3,Operating Point,,0.13848735864844627,175,,0.10975609756097561,1.0920852359208524,0.9722222222222222,180,0.318360433604336,0.7560975609756098,0.6075106465350367,0.5956883051405523,0.23712737127371275,0.3928302133779662,0.9932249322493225,0.9885185185185185,0.8902439024390244,0.2663622526636225,1.0,0.8902439024390244,657,0.06172839506172845,0.9382716049382716,0.06172839506172845
emotions,GSI_MLC_PA_MLP,0.35,4,Operating Point,,0.12990116986340408,172,,0.0625,1.0483809523809524,0.9828571428571429,175,0.33229166666666665,0.7569444444444444,0.6643253968253968,0.6788791079533114,0.23888888888888893,0.31413579304689276,0.9958333333333333,0.9930149010002042,0.9375,0.2548148148148148,1.0,0.9375,675,0.06666666666666665,0.9333333333333333,0.06666666666666665
emotions,GSI_MLC_PA_MLP,0.35,5,Operating Point,,0.12176390762747982,152,,0.07951070336391437,1.0792782229170739,0.9934640522875817,153,0.3237003058103975,0.7660550458715596,0.6487549148099607,0.6408670402212228,0.23241590214067287,0.3567855419384016,0.9984709480122325,0.9976525821596244,0.9204892966360856,0.25249169435215946,1.0,0.9204892966360856,602,0.019230769230769273,0.9807692307692307,0.019230769230769273
emotions,GSI_MLC_PA_MLP,0.40,1,Operating Point,,0.15268672028485147,173,,0.2609289617486339,1.2065857423252093,0.8917525773195877,194,0.32431693989071037,0.7349726775956285,0.5927400468384076,0.6289174778713248,0.23633879781420764,0.33057606550625707,0.9713114754098361,0.9594935433775819,0.7390710382513661,0.3197781885397412,0.9836065573770492,0.7390710382513661,541,0.10994764397905765,0.8900523560209423,0.10994764397905765
emotions,GSI_MLC_PA_MLP,0.40,2,Operating Point,,0.13980248834476997,148,,0.19327731092436976,1.153825995807128,0.9308176100628931,159,0.3380952380952381,0.7773109243697479,0.6235694277711085,0.6594727273234656,0.20728291316526615,0.31356473749482106,0.9845938375350141,0.9730374648182867,0.8067226890756303,0.2569444444444444,1.0,0.8067226890756303,576,0.07971014492753625,0.9202898550724637,0.07971014492753625
emotions,GSI_MLC_PA_MLP,0.40,3,Operating Point,,0.13848735864844627,161,,0.2682926829268293,1.2224074074074074,0.8944444444444445,180,0.31842818428184283,0.7560975609756098,0.6075106465350367,0.5956883051405523,0.21815718157181574,0.36302342720302083,0.9742547425474255,0.9587117323435731,0.7317073170731707,0.29814814814814816,1.0,0.7317073170731707,540,0.09595959595959591,0.9040404040404041,0.09595959595959591
emotions,GSI_MLC_PA_MLP,0.40,4,Operating Point,,0.12990116986340408,163,,0.19444444444444445,1.156256157635468,0.9314285714285714,175,0.3388888888888889,0.7569444444444444,0.6643253968253968,0.6788791079533114,0.22638888888888886,0.29574850911779293,0.9833333333333333,0.9746276170711043,0.8055555555555556,0.2810344827586207,1.0,0.8055555555555556,580,0.08571428571428574,0.9142857142857143,0.08571428571428574
emotions,GSI_MLC_PA_MLP,0.40,5,Operating Point,,0.12176390762747982,141,,0.23700305810397554,1.207827419544972,0.9215686274509803,153,0.32354740061162085,0.7660550458715596,0.6487549148099607,0.6408670402212228,0.2155963302752294,0.33319377276195095,0.981651376146789,0.9740608129831737,0.7629969418960245,0.28256513026052105,1.0,0.7629969418960245,499,0.07741935483870965,0.9225806451612903,0.07741935483870965
emotions,GSI_MLC_PA_MLP,0.50,1,Operating Point,,0.15268672028485147,0,,1.0,,0.0,194,0.2650273224043716,0.7349726775956285,0.5927400468384076,0.6289174778713248,0.0,0.0,0.7349726775956285,0.6289174778713248,0.0,,0.0,0.0,0,0.26502732240437155,0.7349726775956285,0.26502732240437155
emotions,GSI_MLC_PA_MLP,0.50,2,Operating Point,,0.13980248834476997,0,,1.0,,0.0,159,0.22268907563025211,0.7773109243697479,0.6235694277711085,0.6594727273234656,0.0,0.0,0.7773109243697479,0.6594727273234656,0.0,,0.0,0.0,0,0.2226890756302521,0.7773109243697479,0.2226890756302521
emotions,GSI_MLC_PA_MLP,0.50,3,Operating Point,,0.13848735864844627,0,,1.0,,0.0,180,0.24390243902439024,0.7560975609756098,0.6075106465350367,0.5956883051405523,0.0,0.0,0.7560975609756098,0.5956883051405523,0.0,,0.0,0.0,0,0.24390243902439024,0.7560975609756098,0.24390243902439024
emotions,GSI_MLC_PA_MLP,0.50,4,Operating Point,,0.12990116986340408,0,,1.0,,0.0,175,0.24305555555555555,0.7569444444444444,0.6643253968253968,0.6788791079533114,0.0,0.0,0.7569444444444444,0.6788791079533114,0.0,,0.0,0.0,0,0.24305555555555558,0.7569444444444444,0.24305555555555558
emotions,GSI_MLC_PA_MLP,0.50,5,Operating Point,,0.12176390762747982,0,,1.0,,0.0,153,0.23394495412844038,0.7660550458715596,0.6487549148099607,0.6408670402212228,0.0,0.0,0.7660550458715596,0.6408670402212228,0.0,,0.0,0.0,0,0.2339449541284404,0.7660550458715596,0.2339449541284404
emotions,MLC_PA_SVM,0.20,1,Operating Point,,0.09869910183307241,99,,0.5,1.434782608695652,0.717391304347826,138,0.15327868852459015,0.8114754098360656,0.5890710382513661,0.597602612390748,0.13524590163934425,0.3064971965184984,0.9467213114754098,0.9040998089092463,0.5,0.27049180327868855,0.9754098360655737,0.5,366,0.10655737704918034,0.8934426229508197,0.10655737704918034
emotions,MLC_PA_SVM,0.20,2,Operating Point,,0.08167872796655715,131,,0.4579831932773109,1.6330400167609471,0.8851351351351351,148,0.1322128851540616,0.7927170868347339,0.5131652661064425,0.5472967449301249,0.1834733893557423,0.411689329195268,0.9761904761904762,0.9589860741253929,0.542016806722689,0.3385012919896641,1.0,0.542016806722689,387,0.051987767584097844,0.9480122324159022,0.051987767584097844
emotions,MLC_PA_SVM,0.20,3,Operating Point,,0.09667829602159318,119,,0.45121951219512196,1.4651651651651652,0.8040540540540541,148,0.14905149051490515,0.7994579945799458,0.5628726287262873,0.5754488038510298,0.1612466124661246,0.3448715974791591,0.9607046070460704,0.9203204013301889,0.5487804878048781,0.2938271604938272,1.0,0.5487804878048781,405,0.08708708708708712,0.9129129129129129,0.08708708708708712
emotions,MLC_PA_SVM,0.20,4,Operating Point,,0.08864818952113279,127,,0.45416666666666666,1.572106457602641,0.8581081081081081,148,0.13833333333333334,0.7944444444444445,0.5433333333333333,0.5779402789841044,0.17638888888888882,0.37113332489252715,0.9708333333333333,0.9490736038766315,0.5458333333333333,0.3231552162849873,1.0,0.5458333333333333,393,0.06422018348623859,0.9357798165137614,0.06422018348623859
emotions,MLC_PA_SVM,0.20,5,Operating Point,,0.0954592700204653,117,,0.4541284403669725,1.509409397561842,0.823943661971831,142,0.14740061162079512,0.7828746177370031,0.5324159021406728,0.5648692244675182,0.17889908256880738,0.37256964389485747,0.9617737003058104,0.9374388683623757,0.5458715596330275,0.3277310924369748,1.0,0.5458715596330275,357,0.08417508417508412,0.9158249158249159,0.08417508417508412
emotions,MLC_PA_SVM,0.25,1,Operating Point,,0.09869910183307241,89,,0.5806010928961749,1.5377425293867724,0.644927536231884,138,0.1717896174863388,0.8114754098360656,0.5890710382513661,0.597602612390748,0.12158469945355188,0.28124451849812515,0.9330601092896175,0.8788471308888731,0.41939890710382516,0.2899022801302932,0.9508196721311475,0.41939890710382516,307,0.11529411764705877,0.8847058823529412,0.11529411764705877
emotions,MLC_PA_SVM,0.25,2,Operating Point,,0.08167872796655715,116,,0.5504201680672269,1.743369537762061,0.7837837837837838,148,0.15721288515406162,0.7927170868347339,0.5131652661064425,0.5472967449301249,0.16246498599439785,0.37552070892537914,0.9551820728291317,0.9228174538555041,0.4495798319327731,0.3613707165109034,0.957983193277311,0.4495798319327731,321,0.08142493638676851,0.9185750636132315,0.08142493638676851
emotions,MLC_PA_SVM,0.25,3,Operating Point,,0.09667829602159318,108,,0.55420054200542,1.6369013390289986,0.7297297297297297,148,0.16565040650406504,0.7994579945799458,0.5628726287262873,0.5754488038510298,0.14634146341463417,0.3127325770410009,0.94579945799458,0.8881813808920307,0.44579945799457993,0.3282674772036474,0.975609756097561,0.44579945799457993,329,0.097799511002445,0.902200488997555,0.097799511002445
emotions,MLC_PA_SVM,0.25,4,Operating Point,,0.08864818952113279,113,,0.5541666666666667,1.7125536751704975,0.7635135135135135,148,0.16006944444444443,0.7944444444444445,0.5433333333333333,0.5779402789841044,0.15694444444444433,0.3341187216077056,0.9513888888888888,0.91205900059181,0.44583333333333336,0.35202492211838005,0.9916666666666667,0.44583333333333336,321,0.08771929824561409,0.9122807017543859,0.08771929824561409
emotions,MLC_PA_SVM,0.25,5,Operating Point,,0.0954592700204653,105,,0.5642201834862385,1.6968124536693847,0.7394366197183099,142,0.16551987767584098,0.7828746177370031,0.5324159021406728,0.5648692244675182,0.16055045871559637,0.3418873666251322,0.9434250764525994,0.9067565910926504,0.43577981651376146,0.3684210526315789,0.9724770642201835,0.43577981651376146,285,0.10027100271002709,0.8997289972899729,0.10027100271002709
emotions,MLC_PA_SVM,0.30,1,Operating Point,,0.09869910183307241,71,,0.6967213114754098,1.6964355660007833,0.5144927536231884,138,0.18251366120218582,0.8114754098360656,0.5890710382513661,0.597602612390748,0.09699453551912562,0.22479095239187397,0.9084699453551912,0.8223935647826219,0.30327868852459017,0.31981981981981983,0.8852459016393442,0.30327868852459017,222,0.13137254901960782,0.8686274509803922,0.13137254901960782
emotions,MLC_PA_SVM,0.30,2,Operating Point,,0.08167872796655715,94,,0.6666666666666666,1.9054054054054053,0.6351351351351351,148,0.17563025210084032,0.7927170868347339,0.5131652661064425,0.5472967449301249,0.13165266106442586,0.31523338561474346,0.9243697478991597,0.8625301305448684,0.3333333333333333,0.3949579831932773,0.9243697478991597,0.3333333333333333,238,0.11344537815126055,0.8865546218487395,0.11344537815126055
emotions,MLC_PA_SVM,0.30,3,Operating Point,,0.09667829602159318,89,,0.6707317073170732,1.826326326326326,0.6013513513513513,148,0.17872628726287262,0.7994579945799458,0.5628726287262873,0.5754488038510298,0.12059620596205956,0.25309055802166536,0.9200542005420054,0.8285393618726952,0.32926829268292684,0.3662551440329218,0.9349593495934959,0.32926829268292684,243,0.11919191919191918,0.8808080808080808,0.11919191919191918
emotions,MLC_PA_SVM,0.30,4,Operating Point,,0.08864818952113279,97,,0.6513888888888889,1.8800473780553462,0.6554054054054054,148,0.1754166666666667,0.7944444444444445,0.5433333333333333,0.5779402789841044,0.1347222222222222,0.2898849591801168,0.9291666666666667,0.8678252381642212,0.3486111111111111,0.38645418326693226,0.9583333333333334,0.3486111111111111,251,0.10874200426439229,0.8912579957356077,0.10874200426439229
emotions,MLC_PA_SVM,0.30,5,Operating Point,,0.0954592700204653,90,,0.6697247706422018,1.9190140845070423,0.6338028169014085,142,0.17859327217125387,0.7828746177370031,0.5324159021406728,0.5648692244675182,0.13761467889908252,0.29756614696263195,0.9204892966360856,0.8624353714301501,0.3302752293577982,0.4166666666666667,0.926605504587156,0.3302752293577982,216,0.1187214611872146,0.8812785388127854,0.1187214611872146
emotions,MLC_PA_SVM,0.35,1,Operating Point,,0.09869910183307241,51,,0.7759562841530054,1.6495227995758217,0.3695652173913043,138,0.19726775956284154,0.8114754098360656,0.5890710382513661,0.597602612390748,0.069672131147541,0.16209273173082572,0.8811475409836066,0.7596953441215737,0.22404371584699453,0.31097560975609756,0.7704918032786885,0.22404371584699453,164,0.153169014084507,0.846830985915493,0.153169014084507
emotions,MLC_PA_SVM,0.35,2,Operating Point,,0.08167872796655715,65,,0.7661064425770309,1.8777310244376113,0.4391891891891892,148,0.1981092436974789,0.7927170868347339,0.5131652661064425,0.5472967449301249,0.09103641456582634,0.2233241959738349,0.8837535014005602,0.7706209409039598,0.2338935574229692,0.38922155688622756,0.8319327731092437,0.2338935574229692,167,0.15173674588665453,0.8482632541133455,0.15173674588665453
emotions,MLC_PA_SVM,0.35,3,Operating Point,,0.09667829602159318,70,,0.7750677506775068,2.102735265385868,0.47297297297297297,148,0.1844173441734417,0.7994579945799458,0.5628726287262873,0.5754488038510298,0.09485094850948506,0.18448297856034923,0.8943089430894309,0.759931782411379,0.22493224932249323,0.42168674698795183,0.8536585365853658,0.22493224932249323,166,0.13636363636363635,0.8636363636363636,0.13636363636363635
emotions,MLC_PA_SVM,0.35,4,Operating Point,,0.08864818952113279,78,,0.7513888888888889,2.1198852483768684,0.527027027027027,148,0.18423611111111107,0.7944444444444445,0.5433333333333333,0.5779402789841044,0.10833333333333328,0.22995699810741999,0.9027777777777778,0.8078972770915244,0.24861111111111112,0.43575418994413406,0.85,0.24861111111111112,179,0.12939001848428833,0.8706099815157117,0.12939001848428833
emotions,MLC_PA_SVM,0.35,5,Operating Point,,0.0954592700204653,71,,0.7599388379204893,2.082802547770701,0.5,142,0.19258409785932717,0.7828746177370031,0.5324159021406728,0.5648692244675182,0.10856269113149841,0.22443702481753902,0.8914373088685015,0.7893062492850572,0.2400611620795107,0.45222929936305734,0.8348623853211009,0.2400611620795107,157,0.1428571428571428,0.8571428571428572,0.1428571428571428
emotions,MLC_PA_SVM,0.40,1,Operating Point,,0.09869910183307241,34,,0.8688524590163934,1.8786231884057971,0.2463768115942029,138,0.1945355191256831,0.8114754098360656,0.5890710382513661,0.597602612390748,0.04644808743169404,0.09107251195415833,0.8579234972677596,0.6886751243449063,0.13114754098360656,0.3541666666666667,0.5901639344262295,0.13114754098360656,96,0.16352201257861632,0.8364779874213837,0.16352201257861632
emotions,MLC_PA_SVM,0.40,2,Operating Point,,0.08167872796655715,44,,0.8529411764705882,2.021621621621622,0.2972972972972973,148,0.20448179271708689,0.7927170868347339,0.5131652661064425,0.5472967449301249,0.06162464985994398,0.1591581834780239,0.8543417366946778,0.7064549284081488,0.14705882352941177,0.41904761904761906,0.6554621848739496,0.14705882352941177,105,0.17077175697865354,0.8292282430213465,0.17077175697865354
emotions,MLC_PA_SVM,0.40,3,Operating Point,,0.09667829602159318,53,,0.8509485094850948,2.4025798525798527,0.3581081081081081,148,0.18834688346883469,0.7994579945799458,0.5628726287262873,0.5754488038510298,0.07181571815718157,0.1283811244136286,0.8712737127371274,0.7038299282646584,0.14905149051490515,0.4818181818181818,0.6666666666666666,0.14905149051490515,110,0.1512738853503185,0.8487261146496815,0.1512738853503185
emotions,MLC_PA_SVM,0.40,4,Operating Point,,0.08864818952113279,51,,0.8430555555555556,2.1956469744080365,0.34459459459459457,148,0.19749999999999998,0.7944444444444445,0.5433333333333333,0.5779402789841044,0.0708333333333333,0.15355244083989084,0.8652777777777778,0.7314927198239952,0.15694444444444444,0.45132743362831856,0.7083333333333334,0.15694444444444444,113,0.15980230642504112,0.8401976935749589,0.15980230642504112
emotions,MLC_PA_SVM,0.40,5,Operating Point,,0.0954592700204653,46,,0.8562691131498471,2.253820797123165,0.323943661971831,142,0.20428134556574928,0.7828746177370031,0.5324159021406728,0.5648692244675182,0.07033639143730885,0.13448098594442282,0.8532110091743119,0.699350210411941,0.1437308868501529,0.48936170212765956,0.6513761467889908,0.1437308868501529,94,0.17142857142857149,0.8285714285714285,0.17142857142857149
emotions,MLC_PA_SVM,0.50,1,Operating Point,,0.09869910183307241,0,,1.0,,0.0,138,0.1885245901639344,0.8114754098360656,0.5890710382513661,0.597602612390748,0.0,0.0,0.8114754098360656,0.597602612390748,0.0,,0.0,0.0,0,0.1885245901639344,0.8114754098360656,0.1885245901639344
emotions,MLC_PA_SVM,0.50,2,Operating Point,,0.08167872796655715,0,,1.0,,0.0,148,0.20728291316526612,0.7927170868347339,0.5131652661064425,0.5472967449301249,0.0,0.0,0.7927170868347339,0.5472967449301249,0.0,,0.0,0.0,0,0.20728291316526615,0.7927170868347339,0.20728291316526615
emotions,MLC_PA_SVM,0.50,3,Operating Point,,0.09667829602159318,0,,1.0,,0.0,148,0.2005420054200542,0.7994579945799458,0.5628726287262873,0.5754488038510298,0.0,0.0,0.7994579945799458,0.5754488038510298,0.0,,0.0,0.0,0,0.20054200542005418,0.7994579945799458,0.20054200542005418
emotions,MLC_PA_SVM,0.50,4,Operating Point,,0.08864818952113279,0,,1.0,,0.0,148,0.20555555555555555,0.7944444444444445,0.5433333333333333,0.5779402789841044,0.0,0.0,0.7944444444444445,0.5779402789841044,0.0,,0.0,0.0,0,0.2055555555555555,0.7944444444444445,0.2055555555555555
emotions,MLC_PA_SVM,0.50,5,Operating Point,,0.0954592700204653,0,,1.0,,0.0,142,0.21712538226299694,0.7828746177370031,0.5324159021406728,0.5648692244675182,0.0,0.0,0.7828746177370031,0.5648692244675182,0.0,,0.0,0.0,0,0.21712538226299694,0.7828746177370031,0.21712538226299694
emotions,GSI_MLC_PA_SVM,0.20,1,Operating Point,,0.09713223452028678,105,,0.5314207650273224,1.5140650854936568,0.7094594594594594,148,0.15245901639344261,0.7978142076502732,0.542896174863388,0.5755224297673475,0.14344262295081966,0.3154850370651101,0.9412568306010929,0.8910074668324576,0.4685792349726776,0.30612244897959184,0.9836065573770492,0.4685792349726776,343,0.11053984575835474,0.8894601542416453,0.11053984575835474
emotions,GSI_MLC_PA_SVM,0.20,2,Operating Point,,0.07669467877504775,122,,0.511204481792717,1.757698050768796,0.8591549295774648,142,0.12577030812324927,0.8011204481792717,0.5669467787114846,0.6132266689058673,0.17086834733893552,0.341100239067996,0.9719887955182073,0.9543269079738633,0.4887955182072829,0.3495702005730659,1.0,0.4887955182072829,349,0.0547945205479452,0.9452054794520548,0.0547945205479452
emotions,GSI_MLC_PA_SVM,0.20,3,Operating Point,,0.09599328643865956,111,,0.516260162601626,1.5824978267168934,0.7655172413793103,145,0.14281842818428184,0.8035230352303523,0.550948509485095,0.5916959688146128,0.15040650406504064,0.31224552227701674,0.9539295392953929,0.9039414910916296,0.483739837398374,0.31092436974789917,0.983739837398374,0.483739837398374,357,0.08923884514435698,0.910761154855643,0.08923884514435698
emotions,GSI_MLC_PA_SVM,0.20,4,Operating Point,,0.08745075096953983,126,,0.4638888888888889,1.5988156920799408,0.8571428571428571,147,0.13638888888888892,0.7958333333333334,0.5544444444444444,0.5828422397684181,0.17499999999999993,0.3658708478489301,0.9708333333333333,0.9487130876173482,0.5361111111111111,0.32642487046632124,1.0,0.5361111111111111,386,0.06287425149700598,0.937125748502994,0.06287425149700598
emotions,GSI_MLC_PA_SVM,0.20,5,Operating Point,,0.09632678912100055,115,,0.5152905198776758,1.6139831326852507,0.782312925170068,147,0.14587155963302753,0.7752293577981652,0.5437308868501529,0.5677191523174459,0.1758409785932722,0.3518591903741044,0.9510703363914373,0.9195783426915503,0.4847094801223242,0.3627760252365931,0.9908256880733946,0.4847094801223242,317,0.09495548961424327,0.9050445103857567,0.09495548961424327
emotions,GSI_MLC_PA_SVM,0.25,1,Operating Point,,0.09713223452028678,90,,0.6297814207650273,1.6425650742993916,0.6081081081081081,148,0.1717896174863388,0.7978142076502732,0.542896174863388,0.5755224297673475,0.12295081967213117,0.2672152757597639,0.9207650273224044,0.8427377055271114,0.3702185792349727,0.33210332103321033,0.9344262295081968,0.3702185792349727,271,0.12581344902386116,0.8741865509761388,0.12581344902386116
emotions,GSI_MLC_PA_SVM,0.25,2,Operating Point,,0.07669467877504775,108,,0.5896358543417367,1.8533865307888286,0.7605633802816901,142,0.15021008403361344,0.8011204481792717,0.5669467787114846,0.6132266689058673,0.15126050420168058,0.30297688681891133,0.9523809523809523,0.9162035557247786,0.4103641456582633,0.36860068259385664,0.9747899159663865,0.4103641456582633,293,0.08076009501187653,0.9192399049881235,0.08076009501187653
emotions,GSI_MLC_PA_SVM,0.25,3,Operating Point,,0.09599328643865956,97,,0.5934959349593496,1.645655172413793,0.6689655172413793,145,0.16666666666666666,0.8035230352303523,0.550948509485095,0.5916959688146128,0.13143631436314362,0.26937918497119073,0.9349593495934959,0.8610751537858036,0.4065040650406504,0.3233333333333333,0.983739837398374,0.4065040650406504,300,0.1095890410958904,0.8904109589041096,0.1095890410958904
emotions,GSI_MLC_PA_SVM,0.25,4,Operating Point,,0.08745075096953983,113,,0.5527777777777778,1.7188490302953479,0.7687074829931972,147,0.15902777777777777,0.7958333333333334,0.5544444444444444,0.5828422397684181,0.15694444444444433,0.3314781809952597,0.9527777777777777,0.9143204207636778,0.44722222222222224,0.35093167701863354,0.9916666666666667,0.44722222222222224,322,0.085427135678392,0.914572864321608,0.085427135678392
emotions,GSI_MLC_PA_SVM,0.25,5,Operating Point,,0.09632678912100055,106,,0.5978593272171254,1.7931248545045395,0.7210884353741497,147,0.1632262996941896,0.7752293577981652,0.5437308868501529,0.5677191523174459,0.1620795107033639,0.3286291039373467,0.9373088685015291,0.8963482562547925,0.40214067278287463,0.40304182509505704,0.9724770642201835,0.40214067278287463,263,0.1048593350383632,0.8951406649616368,0.1048593350383632
emotions,GSI_MLC_PA_SVM,0.30,1,Operating Point,,0.09713223452028678,76,,0.7158469945355191,1.8071725571725572,0.5135135135135135,148,0.1836065573770492,0.7978142076502732,0.542896174863388,0.5755224297673475,0.10382513661202186,0.23029854136998118,0.9016393442622951,0.8058209711373286,0.28415300546448086,0.36538461538461536,0.8770491803278688,0.28415300546448086,208,0.13740458015267176,0.8625954198473282,0.13740458015267176
emotions,GSI_MLC_PA_SVM,0.30,2,Operating Point,,0.07669467877504775,85,,0.6708683473389355,1.8186994306263111,0.5985915492957746,142,0.17857142857142858,0.8011204481792717,0.5669467787114846,0.6132266689058673,0.11904761904761907,0.24246021779080684,0.9201680672268908,0.8556868866966741,0.3291316526610644,0.3617021276595745,0.9411764705882353,0.3291316526610644,235,0.11899791231732781,0.8810020876826722,0.11899791231732781
emotions,GSI_MLC_PA_SVM,0.30,3,Operating Point,,0.09599328643865956,85,,0.6829268292682927,1.8488063660477452,0.5862068965517241,145,0.1764227642276423,0.8035230352303523,0.550948509485095,0.5916959688146128,0.11517615176151763,0.22932668688066193,0.9186991869918699,0.8210226556952748,0.3170731707317073,0.36324786324786323,0.943089430894309,0.3170731707317073,234,0.11904761904761907,0.8809523809523809,0.11904761904761907
emotions,GSI_MLC_PA_SVM,0.30,4,Operating Point,,0.08745075096953983,93,,0.6555555555555556,1.836734693877551,0.6326530612244898,147,0.17833333333333334,0.7958333333333334,0.5544444444444444,0.5828422397684181,0.12916666666666665,0.2758018569565973,0.925,0.8586440967250154,0.34444444444444444,0.375,0.9583333333333334,0.34444444444444444,248,0.11440677966101698,0.885593220338983,0.11440677966101698
emotions,GSI_MLC_PA_SVM,0.30,5,Operating Point,,0.09632678912100055,87,,0.6926605504587156,1.9256777337800792,0.5918367346938775,147,0.1839449541284404,0.7752293577981652,0.5437308868501529,0.5677191523174459,0.1330275229357798,0.2739068457808689,0.908256880733945,0.8416259980983147,0.3073394495412844,0.43283582089552236,0.908256880733945,0.3073394495412844,201,0.13245033112582782,0.8675496688741722,0.13245033112582782
emotions,GSI_MLC_PA_SVM,0.35,1,Operating Point,,0.09713223452028678,61,,0.8032786885245902,2.0951576576576576,0.41216216216216217,148,0.18770491803278688,0.7978142076502732,0.542896174863388,0.5755224297673475,0.08333333333333337,0.18471920850319523,0.8811475409836066,0.7602416382705427,0.19672131147540983,0.4236111111111111,0.7704918032786885,0.19672131147540983,144,0.14795918367346939,0.8520408163265306,0.14795918367346939
emotions,GSI_MLC_PA_SVM,0.35,2,Operating Point,,0.07669467877504775,65,,0.7619047619047619,1.9225352112676057,0.45774647887323944,142,0.19117647058823528,0.8011204481792717,0.5669467787114846,0.6132266689058673,0.09103641456582623,0.1861046502803887,0.892156862745098,0.799331319186256,0.23809523809523808,0.38235294117647056,0.8235294117647058,0.23809523809523808,170,0.14154411764705888,0.8584558823529411,0.14154411764705888
emotions,GSI_MLC_PA_SVM,0.35,3,Operating Point,,0.09599328643865956,70,,0.7588075880758808,2.0015497869043006,0.4827586206896552,145,0.18604336043360428,0.8035230352303523,0.550948509485095,0.5916959688146128,0.09485094850948517,0.18991342397235855,0.8983739837398375,0.7816093927869714,0.24119241192411925,0.39325842696629215,0.8536585365853658,0.24119241192411925,178,0.1339285714285714,0.8660714285714286,0.1339285714285714
emotions,GSI_MLC_PA_SVM,0.35,4,Operating Point,,0.08745075096953983,75,,0.7541666666666667,2.075406433759945,0.5102040816326531,147,0.18604166666666666,0.7958333333333334,0.5544444444444444,0.5828422397684181,0.10416666666666663,0.2184242129503463,0.9,0.8012664527187644,0.24583333333333332,0.423728813559322,0.8583333333333333,0.24583333333333332,177,0.13259668508287292,0.8674033149171271,0.13259668508287292
emotions,GSI_MLC_PA_SVM,0.35,5,Operating Point,,0.09632678912100055,70,,0.7737003058103975,2.1042471042471043,0.47619047619047616,147,0.19694189602446485,0.7752293577981652,0.5437308868501529,0.5677191523174459,0.10703363914373087,0.2210479261890017,0.882262996941896,0.7887670785064476,0.22629969418960244,0.47297297297297297,0.8073394495412844,0.22629969418960244,148,0.15217391304347827,0.8478260869565217,0.15217391304347827
emotions,GSI_MLC_PA_SVM,0.40,1,Operating Point,,0.09713223452028678,41,,0.8729508196721312,2.180470793374019,0.27702702702702703,148,0.1969945355191257,0.7978142076502732,0.542896174863388,0.5755224297673475,0.05601092896174864,0.12624436055802124,0.8538251366120219,0.7017667903253687,0.12704918032786885,0.44086021505376344,0.5491803278688525,0.12704918032786885,93,0.16744913928012517,0.8325508607198748,0.16744913928012517
emotions,GSI_MLC_PA_SVM,0.40,2,Operating Point,,0.07669467877504775,48,,0.8361344537815126,2.062838569880823,0.3380281690140845,142,0.19719887955182078,0.8011204481792717,0.5669467787114846,0.6132266689058673,0.0672268907563025,0.13919077467277519,0.8683473389355743,0.7524174435786425,0.1638655462184874,0.41025641025641024,0.6638655462184874,0.1638655462184874,117,0.15745393634840865,0.8425460636515913,0.15745393634840865
emotions,GSI_MLC_PA_SVM,0.40,3,Operating Point,,0.09599328643865956,52,,0.8401084010840109,2.2428988895382815,0.3586206896551724,145,0.18997289972899736,0.8035230352303523,0.550948509485095,0.5916959688146128,0.07046070460704612,0.12977450226066023,0.8739837398373984,0.7214704710752731,0.15989159891598917,0.4406779661016949,0.7154471544715447,0.15989159891598917,118,0.15000000000000002,0.85,0.15000000000000002
emotions,GSI_MLC_PA_SVM,0.40,4,Operating Point,,0.08745075096953983,45,,0.8527777777777777,2.079322294955718,0.30612244897959184,147,0.20055555555555551,0.7958333333333334,0.5544444444444444,0.5828422397684181,0.0625,0.13099112791346645,0.8583333333333334,0.7138333676818845,0.14722222222222223,0.42452830188679247,0.6583333333333333,0.14722222222222223,106,0.16612377850162863,0.8338762214983714,0.16612377850162863
emotions,GSI_MLC_PA_SVM,0.40,5,Operating Point,,0.09632678912100055,51,,0.8440366972477065,2.2244897959183674,0.3469387755102041,147,0.20917431192660552,0.7752293577981652,0.5437308868501529,0.5677191523174459,0.07798165137614677,0.15629436276634145,0.8532110091743119,0.7240135150837873,0.1559633027522936,0.5,0.6513761467889908,0.1559633027522936,102,0.17391304347826086,0.8260869565217391,0.17391304347826086
emotions,GSI_MLC_PA_SVM,0.50,1,Operating Point,,0.09713223452028678,0,,1.0,,0.0,148,0.20218579234972678,0.7978142076502732,0.542896174863388,0.5755224297673475,0.0,0.0,0.7978142076502732,0.5755224297673475,0.0,,0.0,0.0,0,0.20218579234972678,0.7978142076502732,0.20218579234972678
emotions,GSI_MLC_PA_SVM,0.50,2,Operating Point,,0.07669467877504775,0,,1.0,,0.0,142,0.19887955182072828,0.8011204481792717,0.5669467787114846,0.6132266689058673,0.0,0.0,0.8011204481792717,0.6132266689058673,0.0,,0.0,0.0,0,0.19887955182072825,0.8011204481792717,0.19887955182072825
emotions,GSI_MLC_PA_SVM,0.50,3,Operating Point,,0.09599328643865956,0,,1.0,,0.0,145,0.19647696476964768,0.8035230352303523,0.550948509485095,0.5916959688146128,0.0,0.0,0.8035230352303523,0.5916959688146128,0.0,,0.0,0.0,0,0.1964769647696477,0.8035230352303523,0.1964769647696477
emotions,GSI_MLC_PA_SVM,0.50,4,Operating Point,,0.08745075096953983,0,,1.0,,0.0,147,0.20416666666666666,0.7958333333333334,0.5544444444444444,0.5828422397684181,0.0,0.0,0.7958333333333334,0.5828422397684181,0.0,,0.0,0.0,0,0.2041666666666666,0.7958333333333334,0.2041666666666666
emotions,GSI_MLC_PA_SVM,0.50,5,Operating Point,,0.09632678912100055,0,,1.0,,0.0,147,0.22477064220183487,0.7752293577981652,0.5437308868501529,0.5677191523174459,0.0,0.0,0.7752293577981652,0.5677191523174459,0.0,,0.0,0.0,0,0.22477064220183485,0.7752293577981652,0.22477064220183485
