Dataset,Model,Fold,Bin,Absolute Gap,Count,Lower Bound,Mean Predicted Probability,Observed Positive Rate,Upper Bound
emotions,BR_Logistic,1,0,0.003887865159612147,192,0.0,0.04555453182627881,0.041666666666666664,0.1
emotions,BR_Logistic,1,1,0.021724043975746815,126,0.1,0.15287913062742778,0.1746031746031746,0.2
emotions,BR_Logistic,1,2,0.09125959858298302,100,0.2,0.251259598582983,0.16,0.3
emotions,BR_Logistic,1,3,0.019037270624386593,76,0.3,0.34798463904543925,0.32894736842105265,0.4
emotions,BR_Logistic,1,4,0.09578305132248821,68,0.4,0.44872422779307647,0.35294117647058826,0.5
emotions,BR_Logistic,1,5,0.14778302510579422,45,0.5,0.5411058637830947,0.6888888888888889,0.6
emotions,BR_Logistic,1,6,0.08213729016921101,34,0.6,0.6531568274778479,0.7352941176470589,0.7
emotions,BR_Logistic,1,7,0.025089866585201737,45,0.7,0.752687911192576,0.7777777777777778,0.8
emotions,BR_Logistic,1,8,0.10339826922262862,31,0.8,0.8453337530935964,0.7419354838709677,0.9
emotions,BR_Logistic,1,9,0.08631619215011599,15,0.9,0.9529828588167827,0.8666666666666667,1.0
emotions,BR_Logistic,2,0,0.022841079435552115,174,0.0,0.04582958518267855,0.022988505747126436,0.1
emotions,BR_Logistic,2,1,0.034363390607688254,131,0.1,0.14886720740158138,0.11450381679389313,0.2
emotions,BR_Logistic,2,2,0.027646343118136685,97,0.2,0.24414118847896144,0.21649484536082475,0.3
emotions,BR_Logistic,2,3,0.04164768959346571,95,0.3,0.3478259946170606,0.3894736842105263,0.4
emotions,BR_Logistic,2,4,0.00673075721544375,68,0.4,0.4491515957257327,0.45588235294117646,0.5
emotions,BR_Logistic,2,5,0.012229767938454983,48,0.5,0.550270232061545,0.5625,0.6
emotions,BR_Logistic,2,6,0.17218301235101163,39,0.6,0.6483298081618089,0.8205128205128205,0.7
emotions,BR_Logistic,2,7,0.18351823091506958,29,0.7,0.7475162518435511,0.9310344827586207,0.8
emotions,BR_Logistic,2,8,0.1334763595036098,21,0.8,0.8477620737893241,0.7142857142857143,0.9
emotions,BR_Logistic,2,9,0.013781234622001648,12,0.9,0.9304479012886683,0.9166666666666666,1.0
emotions,BR_Logistic,3,0,0.003573690536004988,190,0.0,0.045678953693899724,0.042105263157894736,0.1
emotions,BR_Logistic,3,1,0.003027000231668353,128,0.1,0.14365200023166835,0.140625,0.2
emotions,BR_Logistic,3,2,0.07533609502493066,94,0.2,0.24554886098237746,0.1702127659574468,0.3
emotions,BR_Logistic,3,3,0.021967237070202816,80,0.3,0.3469672370702028,0.325,0.4
emotions,BR_Logistic,3,4,0.02745255222544074,64,0.4,0.44932755222544074,0.421875,0.5
emotions,BR_Logistic,3,5,0.06171482801437378,49,0.5,0.5515107463817207,0.4897959183673469,0.6
emotions,BR_Logistic,3,6,0.0470555912364613,44,0.6,0.6574898633089933,0.7045454545454546,0.7
emotions,BR_Logistic,3,7,0.01010920166969298,50,0.7,0.749890798330307,0.76,0.8
emotions,BR_Logistic,3,8,0.1526616785837257,23,0.8,0.8483138524967692,0.6956521739130435,0.9
emotions,BR_Logistic,3,9,0.0003445558249950409,16,0.9,0.937155444175005,0.9375,1.0
emotions,BR_Logistic,4,0,0.011846265172477749,168,0.0,0.04160816993438251,0.02976190476190476,0.1
emotions,BR_Logistic,4,1,0.07087954380352733,142,0.1,0.1483443325359217,0.07746478873239436,0.2
emotions,BR_Logistic,4,2,0.06302539216375899,87,0.2,0.24693343814077048,0.1839080459770115,0.3
emotions,BR_Logistic,4,3,0.029439308171002376,106,0.3,0.3479191823950354,0.37735849056603776,0.4
emotions,BR_Logistic,4,4,0.11823321232255896,53,0.4,0.44780452352649763,0.5660377358490566,0.5
emotions,BR_Logistic,4,5,0.10651349640907115,47,0.5,0.5530609716760352,0.6595744680851063,0.6
emotions,BR_Logistic,4,6,0.048338284095128414,48,0.6,0.6391617159048716,0.6875,0.7
emotions,BR_Logistic,4,7,0.0470744774622075,34,0.7,0.747043169596616,0.7941176470588235,0.8
emotions,BR_Logistic,4,8,0.06503468480977137,22,0.8,0.8440562242811377,0.9090909090909091,0.9
emotions,BR_Logistic,4,9,0.15496850930727446,13,0.9,0.9241992785380437,0.7692307692307693,1.0
emotions,BR_Logistic,5,0,0.010022740895261187,175,0.0,0.044308455180975474,0.03428571428571429,0.1
emotions,BR_Logistic,5,1,0.019928453206005753,118,0.1,0.14704709727380236,0.1271186440677966,0.2
emotions,BR_Logistic,5,2,0.045275092124938965,91,0.2,0.25142820457835774,0.2967032967032967,0.3
emotions,BR_Logistic,5,3,0.17127902912242077,56,0.3,0.34657811373472214,0.5178571428571429,0.4
emotions,BR_Logistic,5,4,0.029065205339799893,57,0.4,0.45011783691874724,0.42105263157894735,0.5
emotions,BR_Logistic,5,5,0.11711939601671129,42,0.5,0.5495472706499553,0.6666666666666666,0.6
emotions,BR_Logistic,5,6,0.0901001432003119,39,0.6,0.6534896003894317,0.7435897435897436,0.7
emotions,BR_Logistic,5,7,0.18532555699348452,30,0.7,0.7480077763398488,0.9333333333333333,0.8
emotions,BR_Logistic,5,8,0.07621233117195869,31,0.8,0.8504058795590554,0.7741935483870968,0.9
emotions,BR_Logistic,5,9,0.018616235256195046,15,0.9,0.9519495685895284,0.9333333333333333,1.0
emotions,BR_MLP,1,0,,0,0.0,,,0.1
emotions,BR_MLP,1,1,,0,0.1,,,0.2
emotions,BR_MLP,1,2,0.2751525491476059,7,0.2,0.2751525491476059,0.0,0.3
emotions,BR_MLP,1,3,0.3179052880122548,84,0.3,0.36552433563130243,0.047619047619047616,0.4
emotions,BR_MLP,1,4,0.32087093498557806,288,0.4,0.45628760165224475,0.13541666666666666,0.5
emotions,BR_MLP,1,5,0.08990769419990241,283,0.5,0.5422045139878883,0.45229681978798586,0.6
emotions,BR_MLP,1,6,0.062305980258517746,63,0.6,0.6361067181541806,0.6984126984126984,0.7
emotions,BR_MLP,1,7,0.285929004351298,6,0.7,0.714070995648702,1.0,0.8
emotions,BR_MLP,1,8,0.16244840621948242,1,0.8,0.8375515937805176,1.0,0.9
emotions,BR_MLP,1,9,,0,0.9,,,1.0
emotions,BR_MLP,2,0,,0,0.0,,,0.1
emotions,BR_MLP,2,1,,0,0.1,,,0.2
emotions,BR_MLP,2,2,0.2877672697816576,7,0.2,0.2877672697816576,0.0,0.3
emotions,BR_MLP,2,3,0.34244895706305634,74,0.3,0.36947598409008336,0.02702702702702703,0.4
emotions,BR_MLP,2,4,0.31548606147989633,320,0.4,0.45611106147989633,0.140625,0.5
emotions,BR_MLP,2,5,0.0669276625502343,255,0.5,0.5414374664718029,0.4745098039215686,0.6
emotions,BR_MLP,2,6,0.252706194823643,53,0.6,0.6340862580065457,0.8867924528301887,0.7
emotions,BR_MLP,2,7,0.2869867324829102,5,0.7,0.7130132675170898,1.0,0.8
emotions,BR_MLP,2,8,,0,0.8,,,0.9
emotions,BR_MLP,2,9,,0,0.9,,,1.0
emotions,BR_MLP,3,0,,0,0.0,,,0.1
emotions,BR_MLP,3,1,,0,0.1,,,0.2
emotions,BR_MLP,3,2,0.26718940734863283,5,0.2,0.26718940734863283,0.0,0.3
emotions,BR_MLP,3,3,0.3549538943916559,96,0.3,0.3653705610583226,0.010416666666666666,0.4
emotions,BR_MLP,3,4,0.3120659439318433,311,0.4,0.4535450436102999,0.1414790996784566,0.5
emotions,BR_MLP,3,5,0.08126706347173573,245,0.5,0.5424915532676541,0.46122448979591835,0.6
emotions,BR_MLP,3,6,0.10831337097363591,78,0.6,0.6352763726161077,0.7435897435897436,0.7
emotions,BR_MLP,3,7,0.2761308948198954,3,0.7,0.7238691051801046,1.0,0.8
emotions,BR_MLP,3,8,,0,0.8,,,0.9
emotions,BR_MLP,3,9,,0,0.9,,,1.0
emotions,BR_MLP,4,0,,0,0.0,,,0.1
emotions,BR_MLP,4,1,,0,0.1,,,0.2
emotions,BR_MLP,4,2,,0,0.2,,,0.3
emotions,BR_MLP,4,3,0.3376810175401193,81,0.3,0.36237237556481067,0.024691358024691357,0.4
emotions,BR_MLP,4,4,0.3568758053692761,302,0.4,0.45621355371364697,0.09933774834437085,0.5
emotions,BR_MLP,4,5,0.02429324666231769,279,0.5,0.5404222789203822,0.5161290322580645,0.6
emotions,BR_MLP,4,6,0.1751097963567365,57,0.6,0.6319077475029126,0.8070175438596491,0.7
emotions,BR_MLP,4,7,0.26865434646606445,1,0.7,0.7313456535339355,1.0,0.8
emotions,BR_MLP,4,8,,0,0.8,,,0.9
emotions,BR_MLP,4,9,,0,0.9,,,1.0
emotions,BR_MLP,5,0,,0,0.0,,,0.1
emotions,BR_MLP,5,1,,0,0.1,,,0.2
emotions,BR_MLP,5,2,0.2785380532344182,3,0.2,0.2785380532344182,0.0,0.3
emotions,BR_MLP,5,3,0.32469850260278454,92,0.3,0.36817676347234973,0.043478260869565216,0.4
emotions,BR_MLP,5,4,0.32294483820106756,243,0.4,0.4546320809994215,0.13168724279835392,0.5
emotions,BR_MLP,5,5,0.009071037477376587,245,0.5,0.543764915028397,0.5346938775510204,0.6
emotions,BR_MLP,5,6,0.1261677260984454,57,0.6,0.6282182388138353,0.7543859649122807,0.7
emotions,BR_MLP,5,7,0.2649500327450889,14,0.7,0.7350499672549111,1.0,0.8
emotions,BR_MLP,5,8,,0,0.8,,,0.9
emotions,BR_MLP,5,9,,0,0.9,,,1.0
emotions,CC_Logistic,1,0,0.018157269326410805,183,0.0,0.031023058542441653,0.04918032786885246,0.1
emotions,CC_Logistic,1,1,0.007673023252383532,115,0.1,0.14884871587805126,0.1565217391304348,0.2
emotions,CC_Logistic,1,2,0.0858363634749745,89,0.2,0.2543756893176711,0.16853932584269662,0.3
emotions,CC_Logistic,1,3,0.023611610973036157,77,0.3,0.34828693564836083,0.3246753246753247,0.4
emotions,CC_Logistic,1,4,0.13422192868433502,57,0.4,0.45001140236854553,0.3157894736842105,0.5
emotions,CC_Logistic,1,5,0.05550012395188608,37,0.5,0.5419866104383726,0.4864864864864865,0.6
emotions,CC_Logistic,1,6,0.09929498774664747,35,0.6,0.6421521306037903,0.5428571428571428,0.7
emotions,CC_Logistic,1,7,0.11102542848814101,42,0.7,0.7538825713452839,0.6428571428571429,0.8
emotions,CC_Logistic,1,8,0.19886337717374158,60,0.8,0.8488633771737416,0.65,0.9
emotions,CC_Logistic,1,9,0.02207774568248433,37,0.9,0.9409966646014033,0.918918918918919,1.0
emotions,CC_Logistic,2,0,0.010825790075594473,183,0.0,0.03268371357286223,0.02185792349726776,0.1
emotions,CC_Logistic,2,1,0.02199561707675457,104,0.1,0.14699561707675457,0.125,0.2
emotions,CC_Logistic,2,2,0.0492225272314889,70,0.2,0.2492225272314889,0.2,0.3
emotions,CC_Logistic,2,3,0.004767470061779022,88,0.3,0.3456765609708699,0.3409090909090909,0.4
emotions,CC_Logistic,2,4,0.06029380212227503,60,0.4,0.4436271354556084,0.38333333333333336,0.5
emotions,CC_Logistic,2,5,0.038100029907974564,51,0.5,0.547903951476602,0.5098039215686274,0.6
emotions,CC_Logistic,2,6,0.0935456665853659,48,0.6,0.6560456665853659,0.5625,0.7
emotions,CC_Logistic,2,7,0.021902109516991564,45,0.7,0.7558756682607862,0.7777777777777778,0.8
emotions,CC_Logistic,2,8,0.16677173294804315,44,0.8,0.8485899147662249,0.6818181818181818,0.9
emotions,CC_Logistic,2,9,0.07398017247517907,21,0.9,0.9311230296180362,0.8571428571428571,1.0
emotions,CC_Logistic,3,0,0.0010893596152660723,205,0.0,0.033056981848148564,0.03414634146341464,0.1
emotions,CC_Logistic,3,1,0.006434971846423082,103,0.1,0.14890483397881962,0.1553398058252427,0.2
emotions,CC_Logistic,3,2,0.002097943904756122,87,0.2,0.24347725424958372,0.2413793103448276,0.3
emotions,CC_Logistic,3,3,0.08860483284919496,62,0.3,0.3466693489782272,0.25806451612903225,0.4
emotions,CC_Logistic,3,4,0.00694689154624939,60,0.4,0.4569468915462494,0.45,0.5
emotions,CC_Logistic,3,5,0.1052970844645833,43,0.5,0.5471575495808624,0.4418604651162791,0.6
emotions,CC_Logistic,3,6,0.1031470611691474,40,0.6,0.6531470611691474,0.55,0.7
emotions,CC_Logistic,3,7,0.11939005103222156,43,0.7,0.7472970277764076,0.627906976744186,0.8
emotions,CC_Logistic,3,8,0.28153386327528174,62,0.8,0.8460499923075399,0.5645161290322581,0.9
emotions,CC_Logistic,3,9,0.05382169737960352,33,0.9,0.9326095761674823,0.8787878787878788,1.0
emotions,CC_Logistic,4,0,0.0031842336605212504,174,0.0,0.031919865844429296,0.028735632183908046,0.1
emotions,CC_Logistic,4,1,0.06882279878482221,112,0.1,0.14917994164196507,0.08035714285714286,0.2
emotions,CC_Logistic,4,2,0.08552975122901527,88,0.2,0.24462066031992435,0.1590909090909091,0.3
emotions,CC_Logistic,4,3,0.024076910263084506,83,0.3,0.3493781150823616,0.3253012048192771,0.4
emotions,CC_Logistic,4,4,0.11652921393232524,53,0.4,0.44950852191673135,0.5660377358490566,0.5
emotions,CC_Logistic,4,5,0.1216755285859108,40,0.5,0.5533244714140892,0.675,0.6
emotions,CC_Logistic,4,6,0.13295024327742755,39,0.6,0.6457707560979403,0.5128205128205128,0.7
emotions,CC_Logistic,4,7,0.11637721955776215,44,0.7,0.7527408559213985,0.6363636363636364,0.8
emotions,CC_Logistic,4,8,0.2096505441047527,54,0.8,0.8392801737343824,0.6296296296296297,0.9
emotions,CC_Logistic,4,9,0.053353506507295534,33,0.9,0.9321413852951743,0.8787878787878788,1.0
emotions,CC_Logistic,5,0,0.015861184661108828,188,0.0,0.03201115576442309,0.047872340425531915,0.1
emotions,CC_Logistic,5,1,0.0045599672724219165,85,0.1,0.14838120919816633,0.15294117647058825,0.2
emotions,CC_Logistic,5,2,0.03305522911250591,80,0.2,0.25444477088749407,0.2875,0.3
emotions,CC_Logistic,5,3,0.027955078652926846,56,0.3,0.34704492134707315,0.375,0.4
emotions,CC_Logistic,5,4,0.004127662711673363,45,0.4,0.4485721071561178,0.4444444444444444,0.5
emotions,CC_Logistic,5,5,0.0018863512410057792,54,0.5,0.5574419067965614,0.5555555555555556,0.6
emotions,CC_Logistic,5,6,0.059304891313825325,35,0.6,0.6593048913138253,0.6,0.7
emotions,CC_Logistic,5,7,0.03791489203770959,39,0.7,0.7558636099864275,0.717948717948718,0.8
emotions,CC_Logistic,5,8,0.10542821468308916,43,0.8,0.8496142611947171,0.7441860465116279,0.9
emotions,CC_Logistic,5,9,0.017816079073938895,29,0.9,0.9488505618325596,0.9310344827586207,1.0
emotions,CC_MLP,1,0,,0,0.0,,,0.1
emotions,CC_MLP,1,1,0.1857970729470253,2,0.1,0.1857970729470253,0.0,0.2
emotions,CC_MLP,1,2,0.2405837121463957,42,0.2,0.2643932359559195,0.023809523809523808,0.3
emotions,CC_MLP,1,3,0.27603589737114786,119,0.3,0.3516661494719882,0.07563025210084033,0.4
emotions,CC_MLP,1,4,0.24909437398115794,270,0.4,0.46020548509226905,0.2111111111111111,0.5
emotions,CC_MLP,1,5,0.07878582563596903,194,0.5,0.5427033514091649,0.4639175257731959,0.6
emotions,CC_MLP,1,6,0.03726005867907878,95,0.6,0.6372600586790788,0.6,0.7
emotions,CC_MLP,1,7,0.08265351057052617,10,0.7,0.7173464894294739,0.8,0.8
emotions,CC_MLP,1,8,,0,0.8,,,0.9
emotions,CC_MLP,1,9,,0,0.9,,,1.0
emotions,CC_MLP,2,0,,0,0.0,,,0.1
emotions,CC_MLP,2,1,0.17424775660037994,1,0.1,0.17424775660037994,0.0,0.2
emotions,CC_MLP,2,2,0.22437273790227608,47,0.2,0.2669259293916378,0.0425531914893617,0.3
emotions,CC_MLP,2,3,0.308212781110696,113,0.3,0.3524605687213155,0.04424778761061947,0.4
emotions,CC_MLP,2,4,0.28679942624355714,246,0.4,0.45753113356063035,0.17073170731707318,0.5
emotions,CC_MLP,2,5,0.056179790231916604,225,0.5,0.5450686791208055,0.4888888888888889,0.6
emotions,CC_MLP,2,6,0.07657546122868852,75,0.6,0.6434245387713114,0.72,0.7
emotions,CC_MLP,2,7,0.28809110607419697,7,0.7,0.711908893925803,1.0,0.8
emotions,CC_MLP,2,8,,0,0.8,,,0.9
emotions,CC_MLP,2,9,,0,0.9,,,1.0
emotions,CC_MLP,3,0,,0,0.0,,,0.1
emotions,CC_MLP,3,1,0.18825453519821167,5,0.1,0.18825453519821167,0.0,0.2
emotions,CC_MLP,3,2,0.21527673984351367,46,0.2,0.2587550007130789,0.043478260869565216,0.3
emotions,CC_MLP,3,3,0.3279362819812916,135,0.3,0.3575659116109212,0.02962962962962963,0.4
emotions,CC_MLP,3,4,0.24264650930792597,236,0.4,0.454510916087587,0.211864406779661,0.5
emotions,CC_MLP,3,5,0.10944155320315296,213,0.5,0.5460612715130121,0.43661971830985913,0.6
emotions,CC_MLP,3,6,0.045810051178664324,89,0.6,0.639583207248302,0.6853932584269663,0.7
emotions,CC_MLP,3,7,0.08763270292963299,14,0.7,0.7304898457867759,0.6428571428571429,0.8
emotions,CC_MLP,3,8,,0,0.8,,,0.9
emotions,CC_MLP,3,9,,0,0.9,,,1.0
emotions,CC_MLP,4,0,,0,0.0,,,0.1
emotions,CC_MLP,4,1,0.19559121131896973,1,0.1,0.19559121131896973,0.0,0.2
emotions,CC_MLP,4,2,0.2442362341284752,50,0.2,0.2642362341284752,0.02,0.3
emotions,CC_MLP,4,3,0.2862585715034552,114,0.3,0.3564340100999464,0.07017543859649122,0.4
emotions,CC_MLP,4,4,0.27109623049932813,252,0.4,0.4615724209755186,0.19047619047619047,0.5
emotions,CC_MLP,4,5,0.06665242361910467,213,0.5,0.5455256630557244,0.4788732394366197,0.6
emotions,CC_MLP,4,6,0.09492368499437975,84,0.6,0.6431715531008584,0.7380952380952381,0.7
emotions,CC_MLP,4,7,0.38171761234601337,6,0.7,0.7150509456793467,0.3333333333333333,0.8
emotions,CC_MLP,4,8,,0,0.8,,,0.9
emotions,CC_MLP,4,9,,0,0.9,,,1.0
emotions,CC_MLP,5,0,,0,0.0,,,0.1
emotions,CC_MLP,5,1,0.18767006695270538,2,0.1,0.18767006695270538,0.0,0.2
emotions,CC_MLP,5,2,0.24087491211218712,39,0.2,0.26651593775321275,0.02564102564102564,0.3
emotions,CC_MLP,5,3,0.27645622051897506,126,0.3,0.3558212998840544,0.07936507936507936,0.4
emotions,CC_MLP,5,4,0.2474320628173611,193,0.4,0.4546859488277238,0.20725388601036268,0.5
emotions,CC_MLP,5,5,0.02397142113118933,207,0.5,0.5457105515659719,0.5217391304347826,0.6
emotions,CC_MLP,5,6,0.07797910987514334,73,0.6,0.6343496572481443,0.7123287671232876,0.7
emotions,CC_MLP,5,7,0.2113892010280064,14,0.7,0.7171822275434222,0.9285714285714286,0.8
emotions,CC_MLP,5,8,,0,0.8,,,0.9
emotions,CC_MLP,5,9,,0,0.9,,,1.0
emotions,MLC_PA_Logistic,1,0,0.003887865159612147,192,0.0,0.04555453182627881,0.041666666666666664,0.1
emotions,MLC_PA_Logistic,1,1,0.021724043975746815,126,0.1,0.15287913062742778,0.1746031746031746,0.2
emotions,MLC_PA_Logistic,1,2,0.09125959858298302,100,0.2,0.251259598582983,0.16,0.3
emotions,MLC_PA_Logistic,1,3,0.019037270624386593,76,0.3,0.34798463904543925,0.32894736842105265,0.4
emotions,MLC_PA_Logistic,1,4,0.09578305132248821,68,0.4,0.44872422779307647,0.35294117647058826,0.5
emotions,MLC_PA_Logistic,1,5,0.14778302510579422,45,0.5,0.5411058637830947,0.6888888888888889,0.6
emotions,MLC_PA_Logistic,1,6,0.08213729016921101,34,0.6,0.6531568274778479,0.7352941176470589,0.7
emotions,MLC_PA_Logistic,1,7,0.025089866585201737,45,0.7,0.752687911192576,0.7777777777777778,0.8
emotions,MLC_PA_Logistic,1,8,0.10339826922262862,31,0.8,0.8453337530935964,0.7419354838709677,0.9
emotions,MLC_PA_Logistic,1,9,0.08631619215011599,15,0.9,0.9529828588167827,0.8666666666666667,1.0
emotions,MLC_PA_Logistic,2,0,0.022841079435552115,174,0.0,0.04582958518267855,0.022988505747126436,0.1
emotions,MLC_PA_Logistic,2,1,0.034363390607688254,131,0.1,0.14886720740158138,0.11450381679389313,0.2
emotions,MLC_PA_Logistic,2,2,0.027646343118136685,97,0.2,0.24414118847896144,0.21649484536082475,0.3
emotions,MLC_PA_Logistic,2,3,0.04164768959346571,95,0.3,0.3478259946170606,0.3894736842105263,0.4
emotions,MLC_PA_Logistic,2,4,0.00673075721544375,68,0.4,0.4491515957257327,0.45588235294117646,0.5
emotions,MLC_PA_Logistic,2,5,0.012229767938454983,48,0.5,0.550270232061545,0.5625,0.6
emotions,MLC_PA_Logistic,2,6,0.17218301235101163,39,0.6,0.6483298081618089,0.8205128205128205,0.7
emotions,MLC_PA_Logistic,2,7,0.18351823091506958,29,0.7,0.7475162518435511,0.9310344827586207,0.8
emotions,MLC_PA_Logistic,2,8,0.1334763595036098,21,0.8,0.8477620737893241,0.7142857142857143,0.9
emotions,MLC_PA_Logistic,2,9,0.013781234622001648,12,0.9,0.9304479012886683,0.9166666666666666,1.0
emotions,MLC_PA_Logistic,3,0,0.003573690536004988,190,0.0,0.045678953693899724,0.042105263157894736,0.1
emotions,MLC_PA_Logistic,3,1,0.003027000231668353,128,0.1,0.14365200023166835,0.140625,0.2
emotions,MLC_PA_Logistic,3,2,0.07533609502493066,94,0.2,0.24554886098237746,0.1702127659574468,0.3
emotions,MLC_PA_Logistic,3,3,0.021967237070202816,80,0.3,0.3469672370702028,0.325,0.4
emotions,MLC_PA_Logistic,3,4,0.02745255222544074,64,0.4,0.44932755222544074,0.421875,0.5
emotions,MLC_PA_Logistic,3,5,0.06171482801437378,49,0.5,0.5515107463817207,0.4897959183673469,0.6
emotions,MLC_PA_Logistic,3,6,0.0470555912364613,44,0.6,0.6574898633089933,0.7045454545454546,0.7
emotions,MLC_PA_Logistic,3,7,0.01010920166969298,50,0.7,0.749890798330307,0.76,0.8
emotions,MLC_PA_Logistic,3,8,0.1526616785837257,23,0.8,0.8483138524967692,0.6956521739130435,0.9
emotions,MLC_PA_Logistic,3,9,0.0003445558249950409,16,0.9,0.937155444175005,0.9375,1.0
emotions,MLC_PA_Logistic,4,0,0.011846265172477749,168,0.0,0.04160816993438251,0.02976190476190476,0.1
emotions,MLC_PA_Logistic,4,1,0.07087954380352733,142,0.1,0.1483443325359217,0.07746478873239436,0.2
emotions,MLC_PA_Logistic,4,2,0.06302539216375899,87,0.2,0.24693343814077048,0.1839080459770115,0.3
emotions,MLC_PA_Logistic,4,3,0.029439308171002376,106,0.3,0.3479191823950354,0.37735849056603776,0.4
emotions,MLC_PA_Logistic,4,4,0.11823321232255896,53,0.4,0.44780452352649763,0.5660377358490566,0.5
emotions,MLC_PA_Logistic,4,5,0.10651349640907115,47,0.5,0.5530609716760352,0.6595744680851063,0.6
emotions,MLC_PA_Logistic,4,6,0.048338284095128414,48,0.6,0.6391617159048716,0.6875,0.7
emotions,MLC_PA_Logistic,4,7,0.0470744774622075,34,0.7,0.747043169596616,0.7941176470588235,0.8
emotions,MLC_PA_Logistic,4,8,0.06503468480977137,22,0.8,0.8440562242811377,0.9090909090909091,0.9
emotions,MLC_PA_Logistic,4,9,0.15496850930727446,13,0.9,0.9241992785380437,0.7692307692307693,1.0
emotions,MLC_PA_Logistic,5,0,0.010022740895261187,175,0.0,0.044308455180975474,0.03428571428571429,0.1
emotions,MLC_PA_Logistic,5,1,0.019928453206005753,118,0.1,0.14704709727380236,0.1271186440677966,0.2
emotions,MLC_PA_Logistic,5,2,0.045275092124938965,91,0.2,0.25142820457835774,0.2967032967032967,0.3
emotions,MLC_PA_Logistic,5,3,0.17127902912242077,56,0.3,0.34657811373472214,0.5178571428571429,0.4
emotions,MLC_PA_Logistic,5,4,0.029065205339799893,57,0.4,0.45011783691874724,0.42105263157894735,0.5
emotions,MLC_PA_Logistic,5,5,0.11711939601671129,42,0.5,0.5495472706499553,0.6666666666666666,0.6
emotions,MLC_PA_Logistic,5,6,0.0901001432003119,39,0.6,0.6534896003894317,0.7435897435897436,0.7
emotions,MLC_PA_Logistic,5,7,0.18532555699348452,30,0.7,0.7480077763398488,0.9333333333333333,0.8
emotions,MLC_PA_Logistic,5,8,0.07621233117195869,31,0.8,0.8504058795590554,0.7741935483870968,0.9
emotions,MLC_PA_Logistic,5,9,0.018616235256195046,15,0.9,0.9519495685895284,0.9333333333333333,1.0
emotions,MLC_PA_MLP,1,0,,0,0.0,,,0.1
emotions,MLC_PA_MLP,1,1,,0,0.1,,,0.2
emotions,MLC_PA_MLP,1,2,0.2751525491476059,7,0.2,0.2751525491476059,0.0,0.3
emotions,MLC_PA_MLP,1,3,0.3179052880122548,84,0.3,0.36552433563130243,0.047619047619047616,0.4
emotions,MLC_PA_MLP,1,4,0.32087093498557806,288,0.4,0.45628760165224475,0.13541666666666666,0.5
emotions,MLC_PA_MLP,1,5,0.08990769419990241,283,0.5,0.5422045139878883,0.45229681978798586,0.6
emotions,MLC_PA_MLP,1,6,0.062305980258517746,63,0.6,0.6361067181541806,0.6984126984126984,0.7
emotions,MLC_PA_MLP,1,7,0.285929004351298,6,0.7,0.714070995648702,1.0,0.8
emotions,MLC_PA_MLP,1,8,0.16244840621948242,1,0.8,0.8375515937805176,1.0,0.9
emotions,MLC_PA_MLP,1,9,,0,0.9,,,1.0
emotions,MLC_PA_MLP,2,0,,0,0.0,,,0.1
emotions,MLC_PA_MLP,2,1,,0,0.1,,,0.2
emotions,MLC_PA_MLP,2,2,0.2877672697816576,7,0.2,0.2877672697816576,0.0,0.3
emotions,MLC_PA_MLP,2,3,0.34244895706305634,74,0.3,0.36947598409008336,0.02702702702702703,0.4
emotions,MLC_PA_MLP,2,4,0.31548606147989633,320,0.4,0.45611106147989633,0.140625,0.5
emotions,MLC_PA_MLP,2,5,0.0669276625502343,255,0.5,0.5414374664718029,0.4745098039215686,0.6
emotions,MLC_PA_MLP,2,6,0.252706194823643,53,0.6,0.6340862580065457,0.8867924528301887,0.7
emotions,MLC_PA_MLP,2,7,0.2869867324829102,5,0.7,0.7130132675170898,1.0,0.8
emotions,MLC_PA_MLP,2,8,,0,0.8,,,0.9
emotions,MLC_PA_MLP,2,9,,0,0.9,,,1.0
emotions,MLC_PA_MLP,3,0,,0,0.0,,,0.1
emotions,MLC_PA_MLP,3,1,,0,0.1,,,0.2
emotions,MLC_PA_MLP,3,2,0.26718940734863283,5,0.2,0.26718940734863283,0.0,0.3
emotions,MLC_PA_MLP,3,3,0.3549538943916559,96,0.3,0.3653705610583226,0.010416666666666666,0.4
emotions,MLC_PA_MLP,3,4,0.3120659439318433,311,0.4,0.4535450436102999,0.1414790996784566,0.5
emotions,MLC_PA_MLP,3,5,0.08126706347173573,245,0.5,0.5424915532676541,0.46122448979591835,0.6
emotions,MLC_PA_MLP,3,6,0.10831337097363591,78,0.6,0.6352763726161077,0.7435897435897436,0.7
emotions,MLC_PA_MLP,3,7,0.2761308948198954,3,0.7,0.7238691051801046,1.0,0.8
emotions,MLC_PA_MLP,3,8,,0,0.8,,,0.9
emotions,MLC_PA_MLP,3,9,,0,0.9,,,1.0
emotions,MLC_PA_MLP,4,0,,0,0.0,,,0.1
emotions,MLC_PA_MLP,4,1,,0,0.1,,,0.2
emotions,MLC_PA_MLP,4,2,,0,0.2,,,0.3
emotions,MLC_PA_MLP,4,3,0.3376810175401193,81,0.3,0.36237237556481067,0.024691358024691357,0.4
emotions,MLC_PA_MLP,4,4,0.3568758053692761,302,0.4,0.45621355371364697,0.09933774834437085,0.5
emotions,MLC_PA_MLP,4,5,0.02429324666231769,279,0.5,0.5404222789203822,0.5161290322580645,0.6
emotions,MLC_PA_MLP,4,6,0.1751097963567365,57,0.6,0.6319077475029126,0.8070175438596491,0.7
emotions,MLC_PA_MLP,4,7,0.26865434646606445,1,0.7,0.7313456535339355,1.0,0.8
emotions,MLC_PA_MLP,4,8,,0,0.8,,,0.9
emotions,MLC_PA_MLP,4,9,,0,0.9,,,1.0
emotions,MLC_PA_MLP,5,0,,0,0.0,,,0.1
emotions,MLC_PA_MLP,5,1,,0,0.1,,,0.2
emotions,MLC_PA_MLP,5,2,0.2785380532344182,3,0.2,0.2785380532344182,0.0,0.3
emotions,MLC_PA_MLP,5,3,0.32469850260278454,92,0.3,0.36817676347234973,0.043478260869565216,0.4
emotions,MLC_PA_MLP,5,4,0.32294483820106756,243,0.4,0.4546320809994215,0.13168724279835392,0.5
emotions,MLC_PA_MLP,5,5,0.009071037477376587,245,0.5,0.543764915028397,0.5346938775510204,0.6
emotions,MLC_PA_MLP,5,6,0.1261677260984454,57,0.6,0.6282182388138353,0.7543859649122807,0.7
emotions,MLC_PA_MLP,5,7,0.2649500327450889,14,0.7,0.7350499672549111,1.0,0.8
emotions,MLC_PA_MLP,5,8,,0,0.8,,,0.9
emotions,MLC_PA_MLP,5,9,,0,0.9,,,1.0
emotions,GSI_MLC_PA_Logistic,1,0,0.018181597068971204,228,0.0,0.038835946790677915,0.05701754385964912,0.1
emotions,GSI_MLC_PA_Logistic,1,1,0.013374136849538282,144,0.1,0.14634808537268393,0.1597222222222222,0.2
emotions,GSI_MLC_PA_Logistic,1,2,0.012198995812198271,76,0.2,0.24904110107535615,0.23684210526315788,0.3
emotions,GSI_MLC_PA_Logistic,1,3,0.009934802032503742,69,0.3,0.34326813536583706,0.3333333333333333,0.4
emotions,GSI_MLC_PA_Logistic,1,4,0.05572895263258659,48,0.4,0.4515622859659199,0.3958333333333333,0.5
emotions,GSI_MLC_PA_Logistic,1,5,0.15292096247464426,43,0.5,0.5447534561300069,0.6976744186046512,0.6
emotions,GSI_MLC_PA_Logistic,1,6,0.14976119309725044,35,0.6,0.6502388069027496,0.8,0.7
emotions,GSI_MLC_PA_Logistic,1,7,0.052920322372354334,47,0.7,0.7550479819468224,0.7021276595744681,0.8
emotions,GSI_MLC_PA_Logistic,1,8,0.02280870173411631,28,0.8,0.8442372731626877,0.8214285714285714,0.9
emotions,GSI_MLC_PA_Logistic,1,9,0.08239217296517509,14,0.9,0.9395350301080322,0.8571428571428571,1.0
emotions,GSI_MLC_PA_Logistic,2,0,0.019628121622879833,211,0.0,0.04332480408733481,0.023696682464454975,0.1
emotions,GSI_MLC_PA_Logistic,2,1,0.020483974403335548,132,0.1,0.14927185319121433,0.12878787878787878,0.2
emotions,GSI_MLC_PA_Logistic,2,2,0.030247451462205727,97,0.2,0.2481030640017118,0.27835051546391754,0.3
emotions,GSI_MLC_PA_Logistic,2,3,0.07555035084728451,61,0.3,0.3506791573494368,0.4262295081967213,0.4
emotions,GSI_MLC_PA_Logistic,2,4,0.060168637657880886,63,0.4,0.447767870278627,0.5079365079365079,0.5
emotions,GSI_MLC_PA_Logistic,2,5,0.02899653131983082,52,0.5,0.547926545603246,0.5769230769230769,0.6
emotions,GSI_MLC_PA_Logistic,2,6,0.18677371608300364,36,0.6,0.6465596172503297,0.8333333333333334,0.7
emotions,GSI_MLC_PA_Logistic,2,7,0.15087681113480644,31,0.7,0.7523489953168064,0.9032258064516129,0.8
emotions,GSI_MLC_PA_Logistic,2,8,0.1375609846149618,21,0.8,0.8518466989006761,0.7142857142857143,0.9
emotions,GSI_MLC_PA_Logistic,2,9,0.06818275986406785,10,0.9,0.9318172401359321,1.0,1.0
emotions,GSI_MLC_PA_Logistic,3,0,0.010719258237421495,250,0.0,0.0412807417625785,0.052,0.1
emotions,GSI_MLC_PA_Logistic,3,1,0.02327339813690138,110,0.1,0.14036296549946226,0.16363636363636364,0.2
emotions,GSI_MLC_PA_Logistic,3,2,0.01743804888763112,84,0.2,0.2436285250781073,0.2261904761904762,0.3
emotions,GSI_MLC_PA_Logistic,3,3,0.018011914828706288,68,0.3,0.34963514399482315,0.36764705882352944,0.4
emotions,GSI_MLC_PA_Logistic,3,4,0.026386537842812252,57,0.4,0.4474391694217596,0.42105263157894735,0.5
emotions,GSI_MLC_PA_Logistic,3,5,0.001898782796284637,42,0.5,0.5495178304153323,0.5476190476190477,0.6
emotions,GSI_MLC_PA_Logistic,3,6,0.09561762227166326,48,0.6,0.6543823777283367,0.75,0.7
emotions,GSI_MLC_PA_Logistic,3,7,0.045387396424845905,47,0.7,0.747515055999314,0.7021276595744681,0.8
emotions,GSI_MLC_PA_Logistic,3,8,0.03493862831396277,22,0.8,0.853120446495781,0.8181818181818182,0.9
emotions,GSI_MLC_PA_Logistic,3,9,0.0632012679020072,10,0.9,0.9367987320979928,1.0,1.0
emotions,GSI_MLC_PA_Logistic,4,0,0.001284447694537956,220,0.0,0.03962464321455295,0.04090909090909091,0.1
emotions,GSI_MLC_PA_Logistic,4,1,0.07617717526222782,136,0.1,0.1497065870269337,0.07352941176470588,0.2
emotions,GSI_MLC_PA_Logistic,4,2,0.05452388275274164,73,0.2,0.24684598026095697,0.3013698630136986,0.3
emotions,GSI_MLC_PA_Logistic,4,3,0.07126091290830416,84,0.3,0.3454057537583625,0.4166666666666667,0.4
emotions,GSI_MLC_PA_Logistic,4,4,0.1613717070451064,47,0.4,0.4556495695506383,0.6170212765957447,0.5
emotions,GSI_MLC_PA_Logistic,4,5,0.11281479678239326,45,0.5,0.5538518698842734,0.6666666666666666,0.6
emotions,GSI_MLC_PA_Logistic,4,6,0.04371678268685997,48,0.6,0.64378321731314,0.6875,0.7
emotions,GSI_MLC_PA_Logistic,4,7,0.05374446608717787,31,0.7,0.7527071468160479,0.8064516129032258,0.8
emotions,GSI_MLC_PA_Logistic,4,8,0.009803986966526068,24,0.8,0.8431373202998594,0.8333333333333334,0.9
emotions,GSI_MLC_PA_Logistic,4,9,0.09396288351815407,12,0.9,0.9272962168514874,0.8333333333333334,1.0
emotions,GSI_MLC_PA_Logistic,5,0,0.00969606134783877,222,0.0,0.03534898369720627,0.04504504504504504,0.1
emotions,GSI_MLC_PA_Logistic,5,1,0.07808267722754203,116,0.1,0.14605525380694073,0.22413793103448276,0.2
emotions,GSI_MLC_PA_Logistic,5,2,0.09481513312064296,67,0.2,0.24846844896890927,0.34328358208955223,0.3
emotions,GSI_MLC_PA_Logistic,5,3,0.14199825085627277,47,0.3,0.3473634512713868,0.48936170212765956,0.4
emotions,GSI_MLC_PA_Logistic,5,4,0.03451072412340561,50,0.4,0.44548927587659437,0.48,0.5
emotions,GSI_MLC_PA_Logistic,5,5,0.04642898618940039,40,0.5,0.5535710138105996,0.6,0.6
emotions,GSI_MLC_PA_Logistic,5,6,0.1146948249529568,34,0.6,0.6500110573999843,0.7647058823529411,0.7
emotions,GSI_MLC_PA_Logistic,5,7,0.19110824562508477,32,0.7,0.7463917543749152,0.9375,0.8
emotions,GSI_MLC_PA_Logistic,5,8,0.08605563194573052,33,0.8,0.8436313895214881,0.7575757575757576,0.9
emotions,GSI_MLC_PA_Logistic,5,9,0.04476992835577431,13,0.9,0.9552300716442257,1.0,1.0
emotions,GSI_MLC_PA_MLP,1,0,,0,0.0,,,0.1
emotions,GSI_MLC_PA_MLP,1,1,,0,0.1,,,0.2
emotions,GSI_MLC_PA_MLP,1,2,0.2758619487285614,14,0.2,0.2758619487285614,0.0,0.3
emotions,GSI_MLC_PA_MLP,1,3,0.3016908523337594,116,0.3,0.3620356799199663,0.0603448275862069,0.4
emotions,GSI_MLC_PA_MLP,1,4,0.2899267468476455,298,0.4,0.45435627704898784,0.1644295302013423,0.5
emotions,GSI_MLC_PA_MLP,1,5,0.05267564676426073,243,0.5,0.5423875809206393,0.4897119341563786,0.6
emotions,GSI_MLC_PA_MLP,1,6,0.14126889904340112,60,0.6,0.6253977676232656,0.7666666666666667,0.7
emotions,GSI_MLC_PA_MLP,1,7,0.2720986604690552,1,0.7,0.7279013395309448,1.0,0.8
emotions,GSI_MLC_PA_MLP,1,8,,0,0.8,,,0.9
emotions,GSI_MLC_PA_MLP,1,9,,0,0.9,,,1.0
emotions,GSI_MLC_PA_MLP,2,0,,0,0.0,,,0.1
emotions,GSI_MLC_PA_MLP,2,1,,0,0.1,,,0.2
emotions,GSI_MLC_PA_MLP,2,2,0.2669517035995211,14,0.2,0.2669517035995211,0.0,0.3
emotions,GSI_MLC_PA_MLP,2,3,0.3135076370078848,84,0.3,0.3611266846269324,0.047619047619047616,0.4
emotions,GSI_MLC_PA_MLP,2,4,0.2955277469186389,363,0.4,0.45806218218034694,0.162534435261708,0.5
emotions,GSI_MLC_PA_MLP,2,5,0.04469167040592348,213,0.5,0.537467954007222,0.5821596244131455,0.6
emotions,GSI_MLC_PA_MLP,2,6,0.1886609407088965,40,0.6,0.6363390592911035,0.825,0.7
emotions,GSI_MLC_PA_MLP,2,7,,0,0.7,,,0.8
emotions,GSI_MLC_PA_MLP,2,8,,0,0.8,,,0.9
emotions,GSI_MLC_PA_MLP,2,9,,0,0.9,,,1.0
emotions,GSI_MLC_PA_MLP,3,0,,0,0.0,,,0.1
emotions,GSI_MLC_PA_MLP,3,1,,0,0.1,,,0.2
emotions,GSI_MLC_PA_MLP,3,2,0.25871258676052095,20,0.2,0.25871258676052095,0.0,0.3
emotions,GSI_MLC_PA_MLP,3,3,0.3261063167261421,109,0.3,0.3628035644325641,0.03669724770642202,0.4
emotions,GSI_MLC_PA_MLP,3,4,0.2812706956357667,330,0.4,0.4509676653327364,0.1696969696969697,0.5
emotions,GSI_MLC_PA_MLP,3,5,0.04326254810605734,210,0.5,0.5432625481060573,0.5,0.6
emotions,GSI_MLC_PA_MLP,3,6,0.12734305951744318,64,0.6,0.6382819404825568,0.765625,0.7
emotions,GSI_MLC_PA_MLP,3,7,0.2726943373680115,5,0.7,0.7273056626319885,1.0,0.8
emotions,GSI_MLC_PA_MLP,3,8,,0,0.8,,,0.9
emotions,GSI_MLC_PA_MLP,3,9,,0,0.9,,,1.0
emotions,GSI_MLC_PA_MLP,4,0,,0,0.0,,,0.1
emotions,GSI_MLC_PA_MLP,4,1,,0,0.1,,,0.2
emotions,GSI_MLC_PA_MLP,4,2,0.2727845112482707,6,0.2,0.2727845112482707,0.0,0.3
emotions,GSI_MLC_PA_MLP,4,3,0.34063899152808724,90,0.3,0.36286121375030944,0.022222222222222223,0.4
emotions,GSI_MLC_PA_MLP,4,4,0.33518899114508377,304,0.4,0.45689951746087326,0.12171052631578948,0.5
emotions,GSI_MLC_PA_MLP,4,5,0.003281426818474431,276,0.5,0.5401968340510908,0.5434782608695652,0.6
emotions,GSI_MLC_PA_MLP,4,6,0.1414880877317385,43,0.6,0.6259537727333778,0.7674418604651163,0.7
emotions,GSI_MLC_PA_MLP,4,7,0.26865434646606445,1,0.7,0.7313456535339355,1.0,0.8
emotions,GSI_MLC_PA_MLP,4,8,,0,0.8,,,0.9
emotions,GSI_MLC_PA_MLP,4,9,,0,0.9,,,1.0
emotions,GSI_MLC_PA_MLP,5,0,,0,0.0,,,0.1
emotions,GSI_MLC_PA_MLP,5,1,,0,0.1,,,0.2
emotions,GSI_MLC_PA_MLP,5,2,0.26829879110058147,12,0.2,0.26829879110058147,0.0,0.3
emotions,GSI_MLC_PA_MLP,5,3,0.3253989535935071,98,0.3,0.36621528012411936,0.04081632653061224,0.4
emotions,GSI_MLC_PA_MLP,5,4,0.2515169014906314,293,0.4,0.45288208920394196,0.20136518771331058,0.5
emotions,GSI_MLC_PA_MLP,5,5,0.05750180911091918,206,0.5,0.5444399384618963,0.6019417475728155,0.6
emotions,GSI_MLC_PA_MLP,5,6,0.1792347417321316,43,0.6,0.6347187466399614,0.813953488372093,0.7
emotions,GSI_MLC_PA_MLP,5,7,0.279886931180954,2,0.7,0.720113068819046,1.0,0.8
emotions,GSI_MLC_PA_MLP,5,8,,0,0.8,,,0.9
emotions,GSI_MLC_PA_MLP,5,9,,0,0.9,,,1.0
emotions,BR_SVM,1,0,0.004975695097231579,178,0.0,0.03996812512748752,0.0449438202247191,0.1
emotions,BR_SVM,1,1,0.007414153421954284,139,0.1,0.1512990455082852,0.14388489208633093,0.2
emotions,BR_SVM,1,2,0.06318844312971289,110,0.2,0.2540975340388038,0.19090909090909092,0.3
emotions,BR_SVM,1,3,0.0185170790244793,87,0.3,0.3518504123578126,0.3333333333333333,0.4
emotions,BR_SVM,1,4,0.07350819254363028,54,0.4,0.44387856291400063,0.37037037037037035,0.5
emotions,BR_SVM,1,5,0.11787761534963337,42,0.5,0.5487890513170333,0.6666666666666666,0.6
emotions,BR_SVM,1,6,0.14490091036527575,39,0.6,0.6499708845065191,0.7948717948717948,0.7
emotions,BR_SVM,1,7,0.046313112272935664,34,0.7,0.7478045347858878,0.7941176470588235,0.8
emotions,BR_SVM,1,8,0.10393579359407779,27,0.8,0.8446765343348185,0.7407407407407407,0.9
emotions,BR_SVM,1,9,0.1381726481697776,22,0.9,0.9563544663515958,0.8181818181818182,1.0
emotions,BR_SVM,2,0,0.02348108524193733,168,0.0,0.041338228099080186,0.017857142857142856,0.1
emotions,BR_SVM,2,1,0.05291599573997349,130,0.1,0.1529159957399735,0.1,0.2
emotions,BR_SVM,2,2,0.01980422728229314,128,0.2,0.25417922728229314,0.234375,0.3
emotions,BR_SVM,2,3,0.08933541178703308,87,0.3,0.34744619740836924,0.4367816091954023,0.4
emotions,BR_SVM,2,4,0.05143218646284009,61,0.4,0.4403710922256845,0.4918032786885246,0.5
emotions,BR_SVM,2,5,0.13988383520733216,44,0.5,0.5419343466108496,0.6818181818181818,0.6
emotions,BR_SVM,2,6,0.08980781746947242,46,0.6,0.6493226173131362,0.7391304347826086,0.7
emotions,BR_SVM,2,7,0.08066695928573608,21,0.7,0.7473336259524027,0.6666666666666666,0.8
emotions,BR_SVM,2,8,0.1486539165178935,15,0.8,0.8513460834821065,1.0,0.9
emotions,BR_SVM,2,9,0.019376839910234644,14,0.9,0.9479482684816632,0.9285714285714286,1.0
emotions,BR_SVM,3,0,0.016869030226815948,172,0.0,0.04127050465690498,0.05813953488372093,0.1
emotions,BR_SVM,3,1,0.026785776734352118,125,0.1,0.1467857767343521,0.12,0.2
emotions,BR_SVM,3,2,0.08699447655480752,121,0.2,0.25228373275315463,0.1652892561983471,0.3
emotions,BR_SVM,3,3,0.06266974560592486,92,0.3,0.34527844125809876,0.2826086956521739,0.4
emotions,BR_SVM,3,4,0.020269447681950603,51,0.4,0.45031878761216704,0.47058823529411764,0.5
emotions,BR_SVM,3,5,0.03976994853908733,59,0.5,0.5482445248102737,0.5084745762711864,0.6
emotions,BR_SVM,3,6,0.1046269390641189,41,0.6,0.6514706219114909,0.7560975609756098,0.7
emotions,BR_SVM,3,7,0.012226228306933207,41,0.7,0.7438713326686766,0.7560975609756098,0.8
emotions,BR_SVM,3,8,0.062025652690367195,22,0.8,0.8470652564005419,0.9090909090909091,0.9
emotions,BR_SVM,3,9,0.08233480368341728,14,0.9,0.9394776608262744,0.8571428571428571,1.0
emotions,BR_SVM,4,0,0.008109004042267366,180,0.0,0.0414423373756007,0.03333333333333333,0.1
emotions,BR_SVM,4,1,0.06890522194179621,110,0.1,0.15072340375997803,0.08181818181818182,0.2
emotions,BR_SVM,4,2,0.042644139636179496,116,0.2,0.24954069136031742,0.20689655172413793,0.3
emotions,BR_SVM,4,3,0.024060656208741038,95,0.3,0.3443603964228379,0.3684210526315789,0.4
emotions,BR_SVM,4,4,0.08530889913953582,58,0.4,0.4491738594811538,0.5344827586206896,0.5
emotions,BR_SVM,4,5,0.09107721393758594,55,0.5,0.5452864224260504,0.6363636363636364,0.6
emotions,BR_SVM,4,6,0.09754509704057557,43,0.6,0.6466409494710523,0.7441860465116279,0.7
emotions,BR_SVM,4,7,0.0279975441785959,26,0.7,0.7412332250521734,0.7692307692307693,0.8
emotions,BR_SVM,4,8,0.024544533561257742,17,0.8,0.8480739453259636,0.8235294117647058,0.9
emotions,BR_SVM,4,9,0.10387353897094731,20,0.9,0.9538735389709473,0.85,1.0
emotions,BR_SVM,5,0,0.004689944791192675,154,0.0,0.04076460066335278,0.045454545454545456,0.1
emotions,BR_SVM,5,1,0.01736252320309481,108,0.1,0.14699215283272443,0.12962962962962962,0.2
emotions,BR_SVM,5,2,0.047691762185933295,114,0.2,0.24944614815084556,0.20175438596491227,0.3
emotions,BR_SVM,5,3,0.07525308623033411,85,0.3,0.34827632553437177,0.4235294117647059,0.4
emotions,BR_SVM,5,4,0.1896806435382113,47,0.4,0.4486172288022143,0.6382978723404256,0.5
emotions,BR_SVM,5,5,0.10864174873270882,47,0.5,0.5509327193523975,0.6595744680851063,0.6
emotions,BR_SVM,5,6,0.13313448590201304,37,0.6,0.6506492978817707,0.7837837837837838,0.7
emotions,BR_SVM,5,7,0.10223637907593341,27,0.7,0.7496154727759184,0.8518518518518519,0.8
emotions,BR_SVM,5,8,0.01584336492750371,18,0.8,0.8491766982608371,0.8333333333333334,0.9
emotions,BR_SVM,5,9,0.02523963591631717,17,0.9,0.9664161065045525,0.9411764705882353,1.0
emotions,CC_SVM,1,0,0.013051810773629248,181,0.0,0.03114708425399506,0.04419889502762431,0.1
emotions,CC_SVM,1,1,0.031657367612102194,112,0.1,0.1558426323878978,0.1875,0.2
emotions,CC_SVM,1,2,0.07243919262760562,95,0.2,0.25138656104865825,0.17894736842105263,0.3
emotions,CC_SVM,1,3,0.06019289826237878,86,0.3,0.35089057268098345,0.29069767441860467,0.4
emotions,CC_SVM,1,4,0.11613996602870802,54,0.4,0.44947329936204133,0.3333333333333333,0.5
emotions,CC_SVM,1,5,0.11196764655735186,46,0.5,0.546750255253004,0.43478260869565216,0.6
emotions,CC_SVM,1,6,0.04414326133150037,33,0.6,0.6502038673921064,0.6060606060606061,0.7
emotions,CC_SVM,1,7,0.04891976824513189,27,0.7,0.7526234719488356,0.7037037037037037,0.8
emotions,CC_SVM,1,8,0.18598975906980808,47,0.8,0.8455642271549144,0.6595744680851063,0.9
emotions,CC_SVM,1,9,0.10583139517728024,51,0.9,0.948968650079241,0.8431372549019608,1.0
emotions,CC_SVM,2,0,0.0120050595701147,163,0.0,0.0365449368707282,0.024539877300613498,0.1
emotions,CC_SVM,2,1,0.06540250073197068,93,0.1,0.15142400610831477,0.08602150537634409,0.2
emotions,CC_SVM,2,2,0.06690016271252383,114,0.2,0.2511106890283133,0.18421052631578946,0.3
emotions,CC_SVM,2,3,0.0704614754234042,98,0.3,0.34790587151537133,0.41836734693877553,0.4
emotions,CC_SVM,2,4,0.03861223366753813,58,0.4,0.44414638702211706,0.4827586206896552,0.5
emotions,CC_SVM,2,5,0.03417348030001621,43,0.5,0.5458013872767604,0.5116279069767442,0.6
emotions,CC_SVM,2,6,0.12050406065854169,55,0.6,0.6477767879312689,0.5272727272727272,0.7
emotions,CC_SVM,2,7,0.15658350087500905,37,0.7,0.7511780954696037,0.5945945945945946,0.8
emotions,CC_SVM,2,8,0.03398322336601478,33,0.8,0.852165041547833,0.8181818181818182,0.9
emotions,CC_SVM,2,9,0.03962699174880979,20,0.9,0.9396269917488098,0.9,1.0
emotions,CC_SVM,3,0,0.026665776855962053,181,0.0,0.03410770380702137,0.06077348066298342,0.1
emotions,CC_SVM,3,1,0.056949740633941606,104,0.1,0.15310358678778777,0.09615384615384616,0.2
emotions,CC_SVM,3,2,0.06740399646871495,106,0.2,0.24664927948758286,0.1792452830188679,0.3
emotions,CC_SVM,3,3,0.03964653066018731,82,0.3,0.3445245794406751,0.3048780487804878,0.4
emotions,CC_SVM,3,4,0.06614515781402586,55,0.4,0.4479633396322077,0.38181818181818183,0.5
emotions,CC_SVM,3,5,0.1198797601720561,46,0.5,0.5546623688677083,0.43478260869565216,0.6
emotions,CC_SVM,3,6,0.0076031228329273,47,0.6,0.6459009951733529,0.6382978723404256,0.7
emotions,CC_SVM,3,7,0.11967349197806376,41,0.7,0.7538198334414784,0.6341463414634146,0.8
emotions,CC_SVM,3,8,0.22079532593488693,40,0.8,0.8457953259348869,0.625,0.9
emotions,CC_SVM,3,9,0.04402298066351151,36,0.9,0.9329118695524004,0.8888888888888888,1.0
emotions,CC_SVM,4,0,0.014315208798708536,157,0.0,0.033423489053485606,0.01910828025477707,0.1
emotions,CC_SVM,4,1,0.04031627900102765,103,0.1,0.147112395505882,0.10679611650485436,0.2
emotions,CC_SVM,4,2,0.052977386169728996,113,0.2,0.24766765165645466,0.19469026548672566,0.3
emotions,CC_SVM,4,3,0.003112421479336047,86,0.3,0.34572478782298954,0.3488372093023256,0.4
emotions,CC_SVM,4,4,0.03575229548638864,62,0.4,0.4551071341960661,0.41935483870967744,0.5
emotions,CC_SVM,4,5,0.05891970104100752,49,0.5,0.5533251969181762,0.6122448979591837,0.6
emotions,CC_SVM,4,6,0.012288987636566162,44,0.6,0.6468019214543429,0.6590909090909091,0.7
emotions,CC_SVM,4,7,0.25442667092595783,28,0.7,0.7544266709259578,0.5,0.8
emotions,CC_SVM,4,8,0.21951758168464486,43,0.8,0.8474245584288309,0.627906976744186,0.9
emotions,CC_SVM,4,9,0.06618977955409466,35,0.9,0.9519040652683803,0.8857142857142857,1.0
emotions,CC_SVM,5,0,0.011117411691467776,144,0.0,0.03195074502480111,0.020833333333333332,0.1
emotions,CC_SVM,5,1,0.011719591487413167,87,0.1,0.14965062597017179,0.13793103448275862,0.2
emotions,CC_SVM,5,2,0.04471509238438948,112,0.2,0.2500722352415323,0.20535714285714285,0.3
emotions,CC_SVM,5,3,0.05433741172154749,75,0.3,0.34566258827845253,0.4,0.4
emotions,CC_SVM,5,4,0.09672015561507297,52,0.4,0.44174138284646547,0.5384615384615384,0.5
emotions,CC_SVM,5,5,0.060030678908030155,51,0.5,0.5478124583468718,0.6078431372549019,0.6
emotions,CC_SVM,5,6,0.01944032973713339,36,0.6,0.6472263369295332,0.6666666666666666,0.7
emotions,CC_SVM,5,7,0.030909138066428032,35,0.7,0.7451948523521423,0.7142857142857143,0.8
emotions,CC_SVM,5,8,0.15953298807144167,30,0.8,0.8595329880714416,0.7,0.9
emotions,CC_SVM,5,9,0.11228609457612038,32,0.9,0.9560360945761204,0.84375,1.0
emotions,MLC_PA_SVM,1,0,0.004975695097231579,178,0.0,0.03996812512748752,0.0449438202247191,0.1
emotions,MLC_PA_SVM,1,1,0.007414153421954284,139,0.1,0.1512990455082852,0.14388489208633093,0.2
emotions,MLC_PA_SVM,1,2,0.06318844312971289,110,0.2,0.2540975340388038,0.19090909090909092,0.3
emotions,MLC_PA_SVM,1,3,0.0185170790244793,87,0.3,0.3518504123578126,0.3333333333333333,0.4
emotions,MLC_PA_SVM,1,4,0.07350819254363028,54,0.4,0.44387856291400063,0.37037037037037035,0.5
emotions,MLC_PA_SVM,1,5,0.11787761534963337,42,0.5,0.5487890513170333,0.6666666666666666,0.6
emotions,MLC_PA_SVM,1,6,0.14490091036527575,39,0.6,0.6499708845065191,0.7948717948717948,0.7
emotions,MLC_PA_SVM,1,7,0.046313112272935664,34,0.7,0.7478045347858878,0.7941176470588235,0.8
emotions,MLC_PA_SVM,1,8,0.10393579359407779,27,0.8,0.8446765343348185,0.7407407407407407,0.9
emotions,MLC_PA_SVM,1,9,0.1381726481697776,22,0.9,0.9563544663515958,0.8181818181818182,1.0
emotions,MLC_PA_SVM,2,0,0.02348108524193733,168,0.0,0.041338228099080186,0.017857142857142856,0.1
emotions,MLC_PA_SVM,2,1,0.05291599573997349,130,0.1,0.1529159957399735,0.1,0.2
emotions,MLC_PA_SVM,2,2,0.01980422728229314,128,0.2,0.25417922728229314,0.234375,0.3
emotions,MLC_PA_SVM,2,3,0.08933541178703308,87,0.3,0.34744619740836924,0.4367816091954023,0.4
emotions,MLC_PA_SVM,2,4,0.05143218646284009,61,0.4,0.4403710922256845,0.4918032786885246,0.5
emotions,MLC_PA_SVM,2,5,0.13988383520733216,44,0.5,0.5419343466108496,0.6818181818181818,0.6
emotions,MLC_PA_SVM,2,6,0.08980781746947242,46,0.6,0.6493226173131362,0.7391304347826086,0.7
emotions,MLC_PA_SVM,2,7,0.08066695928573608,21,0.7,0.7473336259524027,0.6666666666666666,0.8
emotions,MLC_PA_SVM,2,8,0.1486539165178935,15,0.8,0.8513460834821065,1.0,0.9
emotions,MLC_PA_SVM,2,9,0.019376839910234644,14,0.9,0.9479482684816632,0.9285714285714286,1.0
emotions,MLC_PA_SVM,3,0,0.016869030226815948,172,0.0,0.04127050465690498,0.05813953488372093,0.1
emotions,MLC_PA_SVM,3,1,0.026785776734352118,125,0.1,0.1467857767343521,0.12,0.2
emotions,MLC_PA_SVM,3,2,0.08699447655480752,121,0.2,0.25228373275315463,0.1652892561983471,0.3
emotions,MLC_PA_SVM,3,3,0.06266974560592486,92,0.3,0.34527844125809876,0.2826086956521739,0.4
emotions,MLC_PA_SVM,3,4,0.020269447681950603,51,0.4,0.45031878761216704,0.47058823529411764,0.5
emotions,MLC_PA_SVM,3,5,0.03976994853908733,59,0.5,0.5482445248102737,0.5084745762711864,0.6
emotions,MLC_PA_SVM,3,6,0.1046269390641189,41,0.6,0.6514706219114909,0.7560975609756098,0.7
emotions,MLC_PA_SVM,3,7,0.012226228306933207,41,0.7,0.7438713326686766,0.7560975609756098,0.8
emotions,MLC_PA_SVM,3,8,0.062025652690367195,22,0.8,0.8470652564005419,0.9090909090909091,0.9
emotions,MLC_PA_SVM,3,9,0.08233480368341728,14,0.9,0.9394776608262744,0.8571428571428571,1.0
emotions,MLC_PA_SVM,4,0,0.008109004042267366,180,0.0,0.0414423373756007,0.03333333333333333,0.1
emotions,MLC_PA_SVM,4,1,0.06890522194179621,110,0.1,0.15072340375997803,0.08181818181818182,0.2
emotions,MLC_PA_SVM,4,2,0.042644139636179496,116,0.2,0.24954069136031742,0.20689655172413793,0.3
emotions,MLC_PA_SVM,4,3,0.024060656208741038,95,0.3,0.3443603964228379,0.3684210526315789,0.4
emotions,MLC_PA_SVM,4,4,0.08530889913953582,58,0.4,0.4491738594811538,0.5344827586206896,0.5
emotions,MLC_PA_SVM,4,5,0.09107721393758594,55,0.5,0.5452864224260504,0.6363636363636364,0.6
emotions,MLC_PA_SVM,4,6,0.09754509704057557,43,0.6,0.6466409494710523,0.7441860465116279,0.7
emotions,MLC_PA_SVM,4,7,0.0279975441785959,26,0.7,0.7412332250521734,0.7692307692307693,0.8
emotions,MLC_PA_SVM,4,8,0.024544533561257742,17,0.8,0.8480739453259636,0.8235294117647058,0.9
emotions,MLC_PA_SVM,4,9,0.10387353897094731,20,0.9,0.9538735389709473,0.85,1.0
emotions,MLC_PA_SVM,5,0,0.004689944791192675,154,0.0,0.04076460066335278,0.045454545454545456,0.1
emotions,MLC_PA_SVM,5,1,0.01736252320309481,108,0.1,0.14699215283272443,0.12962962962962962,0.2
emotions,MLC_PA_SVM,5,2,0.047691762185933295,114,0.2,0.24944614815084556,0.20175438596491227,0.3
emotions,MLC_PA_SVM,5,3,0.07525308623033411,85,0.3,0.34827632553437177,0.4235294117647059,0.4
emotions,MLC_PA_SVM,5,4,0.1896806435382113,47,0.4,0.4486172288022143,0.6382978723404256,0.5
emotions,MLC_PA_SVM,5,5,0.10864174873270882,47,0.5,0.5509327193523975,0.6595744680851063,0.6
emotions,MLC_PA_SVM,5,6,0.13313448590201304,37,0.6,0.6506492978817707,0.7837837837837838,0.7
emotions,MLC_PA_SVM,5,7,0.10223637907593341,27,0.7,0.7496154727759184,0.8518518518518519,0.8
emotions,MLC_PA_SVM,5,8,0.01584336492750371,18,0.8,0.8491766982608371,0.8333333333333334,0.9
emotions,MLC_PA_SVM,5,9,0.02523963591631717,17,0.9,0.9664161065045525,0.9411764705882353,1.0
emotions,GSI_MLC_PA_SVM,1,0,0.026899025023004806,221,0.0,0.03644939126658795,0.06334841628959276,0.1
emotions,GSI_MLC_PA_SVM,1,1,0.010020989727660856,124,0.1,0.14320481672395205,0.1532258064516129,0.2
emotions,GSI_MLC_PA_SVM,1,2,0.033894815242280024,94,0.2,0.24666077268908854,0.2127659574468085,0.3
emotions,GSI_MLC_PA_SVM,1,3,0.005328989197165346,73,0.3,0.34779474262182286,0.3424657534246575,0.4
emotions,GSI_MLC_PA_SVM,1,4,0.004965173678089296,58,0.4,0.4532410357470548,0.4482758620689655,0.5
emotions,GSI_MLC_PA_SVM,1,5,0.02248758544523899,35,0.5,0.5489409859833324,0.5714285714285714,0.6
emotions,GSI_MLC_PA_SVM,1,6,0.11396119372822744,42,0.6,0.6479435681765344,0.7619047619047619,0.7
emotions,GSI_MLC_PA_SVM,1,7,0.03051625143876724,41,0.7,0.7499715534392816,0.7804878048780488,0.8
emotions,GSI_MLC_PA_SVM,1,8,0.13043686742820682,25,0.8,0.8504368674282068,0.72,0.9
emotions,GSI_MLC_PA_SVM,1,9,0.11684900031594003,19,0.9,0.9589542634738347,0.8421052631578947,1.0
emotions,GSI_MLC_PA_SVM,2,0,0.011082461128302908,207,0.0,0.04006796837467972,0.028985507246376812,0.1
emotions,GSI_MLC_PA_SVM,2,1,0.05173619392679135,125,0.1,0.14773619392679135,0.096,0.2
emotions,GSI_MLC_PA_SVM,2,2,0.08106937973200584,94,0.2,0.24871785431054733,0.32978723404255317,0.3
emotions,GSI_MLC_PA_SVM,2,3,0.008747735588866823,74,0.3,0.34658557342670465,0.33783783783783783,0.4
emotions,GSI_MLC_PA_SVM,2,4,0.04923669684804671,62,0.4,0.4507633031519533,0.5,0.5
emotions,GSI_MLC_PA_SVM,2,5,0.14788094755541303,55,0.5,0.5430281433536779,0.6909090909090909,0.6
emotions,GSI_MLC_PA_SVM,2,6,0.07341204793230138,44,0.6,0.6538606793404259,0.7272727272727273,0.7
emotions,GSI_MLC_PA_SVM,2,7,0.04489559112490826,20,0.7,0.7448955911249082,0.7,0.8
emotions,GSI_MLC_PA_SVM,2,8,0.050362478781388775,18,0.8,0.8385264101075001,0.8888888888888888,0.9
emotions,GSI_MLC_PA_SVM,2,9,0.05454883403764321,15,0.9,0.9454511659623568,1.0,1.0
emotions,GSI_MLC_PA_SVM,3,0,0.03975541756599144,230,0.0,0.038505451999225955,0.0782608695652174,0.1
emotions,GSI_MLC_PA_SVM,3,1,0.037821518946405105,115,0.1,0.14216934503336162,0.10434782608695652,0.2
emotions,GSI_MLC_PA_SVM,3,2,0.053883399485869454,90,0.2,0.25388339948586947,0.2,0.3
emotions,GSI_MLC_PA_SVM,3,3,0.025240990224540627,73,0.3,0.35400811351221184,0.3287671232876712,0.4
emotions,GSI_MLC_PA_SVM,3,4,0.030613977960942895,60,0.4,0.4472806446276096,0.4166666666666667,0.5
emotions,GSI_MLC_PA_SVM,3,5,0.011918146564183663,58,0.5,0.5464009051848733,0.5344827586206896,0.6
emotions,GSI_MLC_PA_SVM,3,6,0.1395163827887378,43,0.6,0.6511812916298668,0.7906976744186046,0.7
emotions,GSI_MLC_PA_SVM,3,7,0.0073476162775714116,33,0.7,0.7502281412981862,0.7575757575757576,0.8
emotions,GSI_MLC_PA_SVM,3,8,0.0713887253911184,23,0.8,0.8416547528697511,0.9130434782608695,0.9
emotions,GSI_MLC_PA_SVM,3,9,0.09003039761800868,13,0.9,0.9361842437718548,0.8461538461538461,1.0
emotions,GSI_MLC_PA_SVM,4,0,0.00927590533748028,195,0.0,0.04004513610671105,0.03076923076923077,0.1
emotions,GSI_MLC_PA_SVM,4,1,0.05308798498891472,103,0.1,0.15017536362969142,0.0970873786407767,0.2
emotions,GSI_MLC_PA_SVM,4,2,0.015339936444209695,110,0.2,0.25170357280784605,0.23636363636363636,0.3
emotions,GSI_MLC_PA_SVM,4,3,0.021737939908364923,98,0.3,0.3456089988671453,0.3673469387755102,0.4
emotions,GSI_MLC_PA_SVM,4,4,0.049088335618270196,52,0.4,0.4509116643817298,0.5,0.5
emotions,GSI_MLC_PA_SVM,4,5,0.10892697877569846,54,0.5,0.5392211693724497,0.6481481481481481,0.6
emotions,GSI_MLC_PA_SVM,4,6,0.0825610741798023,44,0.6,0.644711653092925,0.7272727272727273,0.7
emotions,GSI_MLC_PA_SVM,4,7,0.007916161814087053,28,0.7,0.742083838185913,0.75,0.8
emotions,GSI_MLC_PA_SVM,4,8,0.031339366157523196,16,0.8,0.8436606338424768,0.875,0.9
emotions,GSI_MLC_PA_SVM,4,9,0.10238189350170335,20,0.9,0.9523818935017033,0.85,1.0
emotions,GSI_MLC_PA_SVM,5,0,0.025776960937364972,202,0.0,0.038579474706199386,0.06435643564356436,0.1
emotions,GSI_MLC_PA_SVM,5,1,0.0007393399157404335,97,0.1,0.14359055699147605,0.14432989690721648,0.2
emotions,GSI_MLC_PA_SVM,5,2,0.015525470049115725,83,0.2,0.24953477091473972,0.26506024096385544,0.3
emotions,GSI_MLC_PA_SVM,5,3,0.0970301516460686,63,0.3,0.3474142927983758,0.4444444444444444,0.4
emotions,GSI_MLC_PA_SVM,5,4,0.11614989372638912,58,0.4,0.4528156235149902,0.5689655172413793,0.5
emotions,GSI_MLC_PA_SVM,5,5,0.04278918539031085,44,0.5,0.5481199055187801,0.5909090909090909,0.6
emotions,GSI_MLC_PA_SVM,5,6,0.1274819578193347,36,0.6,0.6502958199584431,0.7777777777777778,0.7
emotions,GSI_MLC_PA_SVM,5,7,0.07255075964481117,33,0.7,0.7456310585370071,0.8181818181818182,0.8
emotions,GSI_MLC_PA_SVM,5,8,0.038249793049514924,20,0.8,0.838249793049515,0.8,0.9
emotions,GSI_MLC_PA_SVM,5,9,0.015058801379821407,18,0.9,0.9595032458242658,0.9444444444444444,1.0
