Dataset,Model,Cost,Fold,AABS,ABS,AURC,Abstained Position Count,Coverage,Decided Position Count,Error Capture Rate,Errors Avoided,Full Error Count,Generalized Loss,Optimistic Hamming Accuracy,Optimistic Instance Jaccard,Optimistic Instance-F1,Optimistic Macro-F1,Optimistic Micro-F1,Oracle Gain Hamming Accuracy,Oracle Gain Instance Jaccard,Oracle Gain Instance-F1,Oracle Gain Macro-F1,Oracle Gain Micro-F1,Rejected Counterfactual Macro-F1,Rejected Error Count,Rejected Error Rate,Rejected Position Count,Risk at Coverage,Selective Hamming Accuracy,Selective Macro-F1,Selective Micro-F1,Total Position Count
emotions,MLC_PA_Logistic,0.20,1,0.5027322404371585,0.9836065573770492,0.09918327797138865,368,0.4972677595628415,364,0.7101449275362319,98,138,0.15519125683060106,0.9453551912568307,0.8306010928961749,0.8633879781420766,0.9015715170706096,0.9056603773584906,0.13387978142076506,0.3258196721311476,0.294808743169399,0.29045429826943325,0.2577011936850212,0.604654403567447,98,0.266304347826087,368,0.10989010989010989,0.8901098901098901,0.5220132358063393,0.6428571428571429,732
emotions,MLC_PA_Logistic,0.20,2,0.5266106442577031,0.9831932773109243,0.08176419246389666,376,0.4733893557422969,338,0.8206896551724138,119,145,0.14173669467787112,0.9635854341736695,0.9061624649859945,0.9296918767507002,0.9378939438519392,0.9392523364485982,0.16666666666666663,0.457983193277311,0.41540616246498596,0.347584623542619,0.3322062659878936,0.5828457570525217,119,0.31648936170212766,376,0.07692307692307693,0.9230769230769231,0.45615013006317356,0.6666666666666666,714
emotions,MLC_PA_Logistic,0.20,3,0.516260162601626,0.983739837398374,0.09321133655128853,381,0.483739837398374,357,0.7777777777777778,119,153,0.14932249322493224,0.9539295392953929,0.8495934959349595,0.8807588075880758,0.9085668648807127,0.919047619047619,0.1612466124661246,0.39159891598916,0.3444444444444442,0.33431644227040147,0.30059375371096064,0.569269343447723,119,0.3123359580052493,381,0.09523809523809523,0.9047619047619048,0.5885323826500297,0.6458333333333334,738
emotions,MLC_PA_Logistic,0.20,4,0.5208333333333334,1.0,0.08396164582477526,375,0.4791666666666667,345,0.8551724137931035,124,145,0.13333333333333333,0.9708333333333333,0.9138888888888889,0.9383333333333334,0.9498455160150082,0.9517241379310345,0.17222222222222217,0.4444444444444444,0.3944444444444445,0.3465494971617138,0.3264011405150138,0.583110064055186,124,0.33066666666666666,375,0.06086956521739131,0.9391304347826087,0.5945809092867916,0.7407407407407407,720
emotions,MLC_PA_Logistic,0.20,5,0.481651376146789,0.963302752293578,0.08933963791229649,315,0.518348623853211,339,0.7851851851851852,106,135,0.14067278287461776,0.9556574923547401,0.8914373088685016,0.9220183486238531,0.9298809779902265,0.9333333333333333,0.1620795107033639,0.4013761467889909,0.35779816513761464,0.3229107966552198,0.2876640419947507,0.5734454568807894,106,0.33650793650793653,315,0.0855457227138643,0.9144542772861357,0.6514277389277389,0.7238095238095238,654
emotions,MLC_PA_Logistic,0.25,1,0.4030054644808743,0.9262295081967213,0.09918327797138865,295,0.5969945355191257,437,0.6159420289855072,85,138,0.17315573770491804,0.9275956284153005,0.7855191256830601,0.8292349726775956,0.8643170355060311,0.8747044917257684,0.11612021857923494,0.28073770491803285,0.260655737704918,0.2531998167048548,0.22674530805229898,0.5819313240365872,85,0.288135593220339,295,0.12128146453089245,0.8787185354691076,0.6153904789307162,0.6787878787878788,732
emotions,MLC_PA_Logistic,0.25,2,0.42296918767507,0.9663865546218487,0.08176419246389666,302,0.5770308123249299,412,0.7517241379310344,109,145,0.1561624649859944,0.9495798319327731,0.858543417366947,0.8843137254901959,0.9132506553374052,0.9138755980861244,0.1526610644257702,0.41036414565826346,0.3700280112044817,0.322941335028085,0.3068295276254198,0.5712915672835129,109,0.3609271523178808,302,0.08737864077669903,0.912621359223301,0.5789022805151837,0.6896551724137931,714
emotions,MLC_PA_Logistic,0.25,3,0.4132791327913279,0.975609756097561,0.09321133655128853,305,0.5867208672086721,433,0.7124183006535948,109,153,0.16294037940379405,0.940379403794038,0.8197831978319783,0.8601626016260162,0.8800796146979025,0.8952380952380953,0.14769647696476962,0.36178861788617883,0.32384823848238464,0.3058291920875913,0.2767842299014369,0.5253120110843688,109,0.35737704918032787,305,0.10161662817551963,0.8983833718244804,0.642949542949543,0.7027027027027027,738
emotions,MLC_PA_Logistic,0.25,4,0.42777777777777776,0.9916666666666667,0.08396164582477526,308,0.5722222222222222,412,0.7862068965517242,114,145,0.15,0.9569444444444445,0.8777777777777778,0.9049999999999999,0.9238678127093366,0.9277389277389277,0.15833333333333333,0.4083333333333333,0.36111111111111105,0.3205717938560422,0.30241593032290703,0.560767603290068,114,0.37012987012987014,308,0.07524271844660194,0.9247572815533981,0.6146708683473389,0.743801652892562,720
emotions,MLC_PA_Logistic,0.25,5,0.39143730886850153,0.9357798165137615,0.08933963791229649,256,0.6085626911314985,398,0.6888888888888889,93,135,0.1620795107033639,0.9357798165137614,0.8486238532110092,0.8896024464831804,0.8944294740972963,0.9009433962264151,0.14220183486238525,0.3585626911314985,0.32538226299694195,0.28745929276228965,0.2552741048878324,0.5489855104101592,93,0.36328125,256,0.10552763819095477,0.8944723618090452,0.6537955281827831,0.7162162162162162,654
emotions,MLC_PA_Logistic,0.30,1,0.3046448087431694,0.8852459016393442,0.09918327797138865,223,0.6953551912568307,509,0.5217391304347826,72,138,0.1815573770491803,0.9098360655737705,0.7349726775956285,0.7877049180327869,0.8262955413164917,0.8421052631578947,0.09836065573770492,0.23019125683060115,0.21912568306010927,0.21517832251531543,0.1941460794844253,0.5510536398467433,72,0.32286995515695066,223,0.12966601178781925,0.8703339882121808,0.6369809992962702,0.6826923076923077,732
emotions,MLC_PA_Logistic,0.30,2,0.35014005602240894,0.9243697478991597,0.08176419246389666,250,0.6498599439775911,464,0.6620689655172414,96,145,0.17366946778711484,0.9313725490196079,0.8011204481792719,0.8406162464985993,0.8800697455532173,0.8801955990220048,0.134453781512605,0.35294117647058837,0.3263305322128851,0.289760425243897,0.27314952856130026,0.5591329145576412,96,0.384,250,0.10560344827586207,0.8943965517241379,0.5855662035097519,0.6838709677419355,714
emotions,MLC_PA_Logistic,0.30,3,0.32113821138211385,0.9349593495934959,0.09321133655128853,237,0.6788617886178862,501,0.5947712418300654,91,153,0.18035230352303522,0.9159891598915989,0.7560975609756098,0.8130081300813008,0.8253375855805435,0.8509615384615384,0.12330623306233057,0.2981029810298103,0.2766937669376692,0.25108716297023226,0.23250767312488008,0.507919977274816,91,0.38396624472573837,237,0.12375249500998003,0.87624750499002,0.6415269243898276,0.69,738
emotions,MLC_PA_Logistic,0.30,4,0.3527777777777778,0.975,0.08396164582477526,254,0.6472222222222223,466,0.696551724137931,101,145,0.16694444444444442,0.9388888888888889,0.8263888888888888,0.8680555555555555,0.8921179119591577,0.8967136150234741,0.14027777777777772,0.3569444444444444,0.3241666666666666,0.28882189310586326,0.2713906176074534,0.554611434682274,101,0.39763779527559057,254,0.0944206008583691,0.9055793991416309,0.5954358877206277,0.7215189873417721,720
emotions,MLC_PA_Logistic,0.30,5,0.2966360856269113,0.8990825688073395,0.08933963791229649,194,0.7033639143730887,460,0.5703703703703704,77,135,0.1776758409785933,0.9113149847094801,0.7660550458715596,0.8122324159021407,0.8482771500348187,0.8585365853658536,0.11773700305810397,0.2759938837920489,0.2480122324159022,0.24130696869981205,0.212867294027271,0.547628544295211,77,0.39690721649484534,194,0.12608695652173912,0.8739130434782609,0.6264785468414501,0.6947368421052632,654
emotions,MLC_PA_Logistic,0.35,1,0.21994535519125682,0.7622950819672131,0.09918327797138865,161,0.7800546448087432,571,0.39855072463768115,55,138,0.19036885245901636,0.8866120218579235,0.6844262295081968,0.7475409836065573,0.774160516425729,0.7980535279805353,0.07513661202185795,0.17964480874316946,0.1789617486338797,0.16304329762455272,0.15009434430706592,0.5664890346382455,55,0.3416149068322981,161,0.14535901926444833,0.8546409807355517,0.6248164089484032,0.6693227091633466,732
emotions,MLC_PA_Logistic,0.35,2,0.24789915966386555,0.865546218487395,0.08176419246389666,177,0.7521008403361344,537,0.5103448275862069,74,145,0.18620448179271706,0.9005602240896359,0.7044817927170868,0.7582633053221288,0.8188255373780132,0.8193384223918575,0.10364145658263302,0.2563025210084033,0.2439775910364146,0.22851621706869296,0.21229235193115292,0.554779711029711,74,0.4180790960451977,177,0.13221601489757914,0.8677839851024208,0.6071156583692746,0.6635071090047393,714
emotions,MLC_PA_Logistic,0.35,3,0.22493224932249323,0.8292682926829268,0.09321133655128853,166,0.7750677506775068,572,0.4444444444444444,68,153,0.1939024390243902,0.8848238482384824,0.6693766937669376,0.737669376693767,0.75018952328992,0.7941888619854721,0.09214092140921404,0.2113821138211382,0.2013550135501354,0.17593910067960872,0.17573499664881376,0.49092382111250027,68,0.40963855421686746,166,0.1486013986013986,0.8513986013986015,0.6274844695835261,0.6640316205533597,738
emotions,MLC_PA_Logistic,0.35,4,0.25555555555555554,0.8833333333333333,0.08396164582477526,184,0.7444444444444445,536,0.5379310344827586,78,145,0.18249999999999997,0.9069444444444444,0.7194444444444446,0.7786111111111111,0.8240164529915798,0.837772397094431,0.10833333333333328,0.2500000000000001,0.23472222222222228,0.22072043413828535,0.21244939967841026,0.5719228252830403,78,0.42391304347826086,184,0.125,0.875,0.5714569609134826,0.6699507389162561,720
emotions,MLC_PA_Logistic,0.35,5,0.22018348623853212,0.7981651376146789,0.08933963791229649,144,0.7798165137614679,510,0.4222222222222222,57,135,0.19633027522935775,0.8807339449541285,0.6827217125382262,0.7357798165137615,0.7881505028392147,0.8040201005025126,0.08715596330275233,0.19266055045871555,0.17155963302752297,0.18118032150420804,0.15835080916392996,0.5279942279942279,57,0.3958333333333333,144,0.15294117647058825,0.8470588235294118,0.6239957264505989,0.6776859504132231,654
emotions,MLC_PA_Logistic,0.40,1,0.15437158469945356,0.639344262295082,0.09918327797138865,113,0.8456284153005464,619,0.2753623188405797,38,138,0.19836065573770495,0.8633879781420765,0.616120218579235,0.6868852459016394,0.7168337895269307,0.7512437810945274,0.051912568306010876,0.11133879781420775,0.11830601092896176,0.10571657072575436,0.103284597421058,0.5859185975315008,38,0.336283185840708,113,0.16155088852988692,0.8384491114701131,0.6086303289370746,0.6575342465753424,732
emotions,MLC_PA_Logistic,0.40,2,0.16246498599439776,0.6722689075630253,0.08176419246389666,116,0.8375350140056023,598,0.3586206896551724,52,145,0.1952380952380953,0.8697478991596639,0.6260504201680671,0.6789915966386555,0.7482265295281224,0.7546174142480211,0.07282913165266103,0.17787114845938362,0.16470588235294126,0.15791720921880215,0.1475713437873165,0.5145002658160552,52,0.4482758620689655,116,0.15551839464882944,0.8444816053511706,0.60060488354148,0.6463878326996197,714
emotions,MLC_PA_Logistic,0.40,3,0.15311653116531165,0.6910569105691057,0.09321133655128853,113,0.8468834688346883,625,0.33986928104575165,52,153,0.19810298102981036,0.8631436314363143,0.6165311653116531,0.6883468834688348,0.6981009757599609,0.749379652605459,0.07046070460704601,0.15853658536585363,0.1520325203252032,0.12385055314964966,0.13092578726880066,0.45991683754841645,52,0.46017699115044247,113,0.1616,0.8384,0.6201976416735585,0.6644518272425249,738
emotions,MLC_PA_Logistic,0.40,4,0.1388888888888889,0.6,0.08396164582477526,100,0.8611111111111112,620,0.31724137931034485,46,145,0.19305555555555556,0.8625,0.6041666666666666,0.6833333333333333,0.7342286537678033,0.7531172069825436,0.06388888888888888,0.1347222222222222,0.13944444444444448,0.1309326349145089,0.12779420956652288,0.5862433862433862,46,0.46,100,0.1596774193548387,0.8403225806451613,0.5932865679794379,0.6451612903225806,720
emotions,MLC_PA_Logistic,0.40,5,0.15137614678899083,0.6422018348623854,0.08933963791229649,99,0.8486238532110092,555,0.2814814814814815,38,135,0.20886850152905198,0.8516819571865444,0.6123853211009175,0.6773700305810398,0.7259868385737184,0.7519181585677749,0.05810397553516822,0.12232415902140681,0.11314984709480136,0.11901665723871169,0.10624886722919225,0.5132059511369856,38,0.3838383838383838,99,0.17477477477477477,0.8252252252252252,0.6110370248668121,0.662020905923345,654
emotions,MLC_PA_Logistic,0.50,1,0.0,0.0,0.09918327797138865,0,1.0,732,0.0,0,138,0.1885245901639344,0.8114754098360656,0.5047814207650273,0.5685792349726776,0.6111172188011763,0.6479591836734694,0.0,0.0,0.0,0.0,0.0,,0,,0,0.1885245901639344,0.8114754098360656,0.6111172188011763,0.6479591836734694,732
emotions,MLC_PA_Logistic,0.50,2,0.0,0.0,0.08176419246389666,0,1.0,714,0.0,0,145,0.2030812324929972,0.7969187675070029,0.4481792717086835,0.5142857142857142,0.5903093203093203,0.6070460704607046,0.0,0.0,0.0,0.0,0.0,,0,,0,0.2030812324929972,0.7969187675070029,0.5903093203093203,0.6070460704607046,714
emotions,MLC_PA_Logistic,0.50,3,0.0,0.0,0.09321133655128853,0,1.0,738,0.0,0,153,0.2073170731707317,0.7926829268292683,0.45799457994579945,0.5363143631436316,0.5742504226103112,0.6184538653366584,0.0,0.0,0.0,0.0,0.0,,0,,0,0.2073170731707317,0.7926829268292683,0.5742504226103112,0.6184538653366584,738
emotions,MLC_PA_Logistic,0.50,4,0.0,0.0,0.08396164582477526,0,1.0,720,0.0,0,145,0.2013888888888889,0.7986111111111112,0.46944444444444444,0.5438888888888889,0.6032960188532944,0.6253229974160207,0.0,0.0,0.0,0.0,0.0,,0,,0,0.2013888888888889,0.7986111111111112,0.6032960188532944,0.6253229974160207,720
emotions,MLC_PA_Logistic,0.50,5,0.0,0.0,0.08933963791229649,0,1.0,654,0.0,0,135,0.20642201834862386,0.7935779816513762,0.49006116207951067,0.5642201834862385,0.6069701813350067,0.6456692913385826,0.0,0.0,0.0,0.0,0.0,,0,,0,0.20642201834862386,0.7935779816513762,0.6069701813350067,0.6456692913385826,654
emotions,MLC_PA_MLP,0.20,1,0.9986338797814208,1.0,0.18041669886265319,731,0.001366120218579235,1,1.0,217,217,0.19972677595628405,1.0,1.0,1.0,1.0,1.0,0.29644808743169393,0.5173497267759564,0.3967993754879001,0.38157417161594454,0.3773913043478261,0.617055641755187,217,0.2968536251709986,731,0.0,1.0,0.16666666666666666,1.0,732
emotions,MLC_PA_MLP,0.20,2,1.0,1.0,0.14952307989235247,714,0.0,0,1.0,187,187,0.19999999999999984,1.0,1.0,1.0,1.0,1.0,0.26190476190476186,0.48375350140056017,0.38039215686274497,0.35350711415227554,0.350844277673546,0.6464928858477245,187,0.2619047619047619,714,,,0.0,0.0,714
emotions,MLC_PA_MLP,0.20,3,1.0,1.0,0.15153367508051271,738,0.0,0,1.0,197,197,0.19999999999999993,1.0,1.0,1.0,1.0,1.0,0.26693766937669383,0.5055555555555555,0.38606271777003476,0.3795163732220208,0.36146788990825685,0.6204836267779792,197,0.2669376693766938,738,,,0.0,0.0,738
emotions,MLC_PA_MLP,0.20,4,1.0,1.0,0.1445517228493241,720,0.0,0,1.0,178,178,0.19999999999999996,1.0,1.0,1.0,1.0,1.0,0.24722222222222223,0.4472222222222222,0.33218253968253963,0.3170375927408494,0.31785714285714284,0.6829624072591506,178,0.24722222222222223,720,,,0.0,0.0,720
emotions,MLC_PA_MLP,0.20,5,1.0,1.0,0.1503124663314044,654,0.0,0,1.0,164,164,0.19999999999999993,1.0,1.0,1.0,1.0,1.0,0.25076452599388377,0.4292048929663609,0.3194408038444735,0.30793359037719936,0.3037037037037037,0.6920664096228006,164,0.25076452599388377,654,,,0.0,0.0,654
emotions,MLC_PA_MLP,0.25,1,0.9972677595628415,1.0,0.18041669886265319,730,0.00273224043715847,2,1.0,217,217,0.24931693989071038,1.0,1.0,1.0,1.0,1.0,0.29644808743169393,0.5173497267759564,0.3967993754879001,0.38157417161594454,0.3773913043478261,0.617055641755187,217,0.29726027397260274,730,0.0,1.0,0.16666666666666666,1.0,732
emotions,MLC_PA_MLP,0.25,2,1.0,1.0,0.14952307989235247,714,0.0,0,1.0,187,187,0.25,1.0,1.0,1.0,1.0,1.0,0.26190476190476186,0.48375350140056017,0.38039215686274497,0.35350711415227554,0.350844277673546,0.6464928858477245,187,0.2619047619047619,714,,,0.0,0.0,714
emotions,MLC_PA_MLP,0.25,3,1.0,1.0,0.15153367508051271,738,0.0,0,1.0,197,197,0.25,1.0,1.0,1.0,1.0,1.0,0.26693766937669383,0.5055555555555555,0.38606271777003476,0.3795163732220208,0.36146788990825685,0.6204836267779792,197,0.2669376693766938,738,,,0.0,0.0,738
emotions,MLC_PA_MLP,0.25,4,1.0,1.0,0.1445517228493241,720,0.0,0,1.0,178,178,0.25,1.0,1.0,1.0,1.0,1.0,0.24722222222222223,0.4472222222222222,0.33218253968253963,0.3170375927408494,0.31785714285714284,0.6829624072591506,178,0.24722222222222223,720,,,0.0,0.0,720
emotions,MLC_PA_MLP,0.25,5,0.9923547400611621,1.0,0.1503124663314044,649,0.00764525993883792,5,1.0,164,164,0.24808868501529052,1.0,1.0,1.0,1.0,1.0,0.25076452599388377,0.4292048929663609,0.3194408038444735,0.30793359037719936,0.3037037037037037,0.6870735589727205,164,0.2526964560862866,649,0.0,1.0,0.3333333333333333,1.0,654
emotions,MLC_PA_MLP,0.30,1,0.9808743169398907,1.0,0.18041669886265319,718,0.01912568306010929,14,1.0,217,217,0.29426229508196733,1.0,1.0,1.0,1.0,1.0,0.29644808743169393,0.5173497267759564,0.3967993754879001,0.38157417161594454,0.3773913043478261,0.6075097749836881,217,0.3022284122562674,718,0.0,1.0,0.3333333333333333,1.0,732
emotions,MLC_PA_MLP,0.30,2,0.9831932773109243,1.0,0.14952307989235247,702,0.01680672268907563,12,1.0,187,187,0.29495798319327743,1.0,1.0,1.0,1.0,1.0,0.26190476190476186,0.48375350140056017,0.38039215686274497,0.35350711415227554,0.350844277673546,0.6393760824922964,187,0.26638176638176636,702,0.0,1.0,0.3333333333333333,1.0,714
emotions,MLC_PA_MLP,0.30,3,0.989159891598916,1.0,0.15153367508051271,730,0.01084010840108401,8,1.0,197,197,0.2967479674796749,1.0,1.0,1.0,1.0,1.0,0.26693766937669383,0.5055555555555555,0.38606271777003476,0.3795163732220208,0.36146788990825685,0.6158278580772666,197,0.26986301369863014,730,0.0,1.0,0.3333333333333333,1.0,738
emotions,MLC_PA_MLP,0.30,4,0.9986111111111111,1.0,0.1445517228493241,719,0.001388888888888889,1,1.0,178,178,0.2995833333333334,1.0,1.0,1.0,1.0,1.0,0.24722222222222223,0.4472222222222222,0.33218253968253963,0.3170375927408494,0.31785714285714284,0.6817414060381494,178,0.24756606397774686,719,0.0,1.0,0.16666666666666666,1.0,720
emotions,MLC_PA_MLP,0.30,5,0.9740061162079511,1.0,0.1503124663314044,637,0.02599388379204893,17,1.0,164,164,0.29220183486238543,1.0,1.0,1.0,1.0,1.0,0.25076452599388377,0.4292048929663609,0.3194408038444735,0.30793359037719936,0.3037037037037037,0.6729951298159729,164,0.25745682888540034,637,0.0,1.0,0.6666666666666666,1.0,654
emotions,MLC_PA_MLP,0.35,1,0.9262295081967213,1.0,0.18041669886265319,678,0.07377049180327869,54,0.9861751152073732,214,217,0.3282786885245902,0.9959016393442623,0.9849726775956283,0.987431693989071,0.9923647384365887,0.9932584269662922,0.2923497267759563,0.5023224043715846,0.38423106947697117,0.3739389100525332,0.37064973131411827,0.5783780519347108,214,0.31563421828908556,678,0.05555555555555555,0.9444444444444444,0.484448951994591,0.9387755102040817,732
emotions,MLC_PA_MLP,0.35,2,0.9411764705882353,1.0,0.14952307989235247,672,0.058823529411764705,42,0.9893048128342246,185,187,0.33221288515406167,0.9971988795518207,0.9936974789915967,0.9959983993597439,0.9949494949494949,0.9954545454545455,0.2591036414565826,0.47745098039215683,0.37639055622248885,0.34845660910177045,0.34629882312809146,0.6202454513649959,185,0.27529761904761907,672,0.047619047619047616,0.9523809523809523,0.6428571428571429,0.9473684210526315,714
emotions,MLC_PA_MLP,0.35,3,0.9281842818428184,1.0,0.15153367508051271,685,0.07181571815718157,53,0.9949238578680203,196,197,0.32621951219512196,0.9986449864498645,0.9959349593495935,0.997289972899729,0.9977777777777778,0.9977220956719818,0.2655826558265584,0.5014905149051491,0.38335269066976374,0.37729415099979857,0.3591899855802386,0.5888912333014225,196,0.28613138686131384,685,0.018867924528301886,0.9811320754716981,0.8095238095238094,0.9777777777777777,738
emotions,MLC_PA_MLP,0.35,4,0.9416666666666667,1.0,0.1445517228493241,678,0.058333333333333334,42,0.9831460674157303,175,178,0.33375,0.9958333333333333,0.9888888888888888,0.9927777777777779,0.9930149010002042,0.9932885906040269,0.24305555555555558,0.436111111111111,0.3249603174603175,0.3100524937410536,0.3111457334611697,0.6692686588234821,175,0.2581120943952802,678,0.07142857142857142,0.9285714285714286,0.7037037037037037,0.9032258064516129,720
emotions,MLC_PA_MLP,0.35,5,0.9281345565749235,1.0,0.1503124663314044,607,0.07186544342507645,47,0.9817073170731707,161,164,0.3294342507645259,0.9954128440366973,0.9892966360856269,0.9932721712538226,0.9924368416884454,0.9933184855233853,0.24617737003058104,0.4185015290519878,0.3127129750982961,0.30037043206564473,0.297022189227089,0.668990519667492,161,0.2652388797364086,607,0.06382978723404255,0.9361702127659575,0.6212647002120687,0.926829268292683,654
emotions,MLC_PA_MLP,0.40,1,0.7800546448087432,0.9918032786885246,0.18041669886265319,571,0.21994535519125682,161,0.8940092165898618,194,217,0.3434426229508197,0.9685792349726776,0.9296448087431693,0.9493754879000781,0.9507970756388477,0.9498910675381264,0.26502732240437155,0.44699453551912566,0.3461748633879782,0.3323712472547923,0.32728237188595244,0.5399689090293479,194,0.3397548161120841,571,0.14285714285714285,0.8571428571428572,0.6502694165737644,0.816,732
emotions,MLC_PA_MLP,0.40,2,0.8053221288515406,1.0,0.14952307989235247,575,0.19467787114845939,139,0.9572192513368984,179,187,0.3333333333333333,0.988795518207283,0.9712885154061625,0.9814325730292117,0.980842995558152,0.9819819819819819,0.2507002801120448,0.4550420168067226,0.3618247298919567,0.33435010971042756,0.3328262596555279,0.5606018789258678,179,0.31130434782608696,575,0.05755395683453238,0.9424460431654677,0.8866801893171061,0.9285714285714286,714
emotions,MLC_PA_MLP,0.40,3,0.7533875338753387,0.991869918699187,0.15153367508051271,556,0.24661246612466126,182,0.8934010152284264,176,197,0.329810298102981,0.9715447154471545,0.9254742547425475,0.9479674796747967,0.9526045356810107,0.9540481400437637,0.23848238482384831,0.43102981029810306,0.3340301974448314,0.3321209089030315,0.31551602995202055,0.5383881578947368,176,0.31654676258992803,556,0.11538461538461539,0.8846153846153846,0.7234769189479334,0.8531468531468531,738
emotions,MLC_PA_MLP,0.40,4,0.8069444444444445,1.0,0.1445517228493241,581,0.19305555555555556,139,0.9269662921348315,165,178,0.3408333333333333,0.9819444444444444,0.9555555555555555,0.9716666666666666,0.9718953766339459,0.9714285714285714,0.22916666666666663,0.4027777777777777,0.3038492063492062,0.2889329693747953,0.28928571428571426,0.624913210782776,165,0.28399311531841653,581,0.09352517985611511,0.9064748201438849,0.7117010735431788,0.8785046728971962,720
emotions,MLC_PA_MLP,0.40,5,0.746177370030581,0.981651376146789,0.1503124663314044,488,0.25382262996941896,166,0.8902439024390244,146,164,0.32599388379204897,0.9724770642201834,0.9373088685015291,0.9599388379204894,0.9597546612772326,0.9606986899563319,0.2232415902140672,0.36651376146788994,0.2793796417649629,0.267688251654432,0.2644023936600356,0.6247184737669422,146,0.29918032786885246,488,0.10843373493975904,0.891566265060241,0.8381791819291818,0.8636363636363636,654
emotions,MLC_PA_MLP,0.50,1,0.0,0.0,0.18041669886265319,0,1.0,732,0.0,0,217,0.296448087431694,0.7035519125683061,0.4826502732240437,0.6032006245120999,0.6184258283840555,0.6226086956521739,0.0,0.0,0.0,0.0,0.0,,0,,0,0.296448087431694,0.7035519125683061,0.6184258283840555,0.6226086956521739,732
emotions,MLC_PA_MLP,0.50,2,0.0,0.0,0.14952307989235247,0,1.0,714,0.0,0,187,0.2619047619047619,0.7380952380952381,0.5162464985994398,0.619607843137255,0.6464928858477245,0.649155722326454,0.0,0.0,0.0,0.0,0.0,,0,,0,0.2619047619047619,0.7380952380952381,0.6464928858477245,0.649155722326454,714
emotions,MLC_PA_MLP,0.50,3,0.0,0.0,0.15153367508051271,0,1.0,738,0.0,0,197,0.2669376693766938,0.7330623306233062,0.49444444444444446,0.6139372822299652,0.6204836267779792,0.6385321100917432,0.0,0.0,0.0,0.0,0.0,,0,,0,0.2669376693766938,0.7330623306233062,0.6204836267779792,0.6385321100917432,738
emotions,MLC_PA_MLP,0.50,4,0.0,0.0,0.1445517228493241,0,1.0,720,0.0,0,178,0.24722222222222223,0.7527777777777778,0.5527777777777778,0.6678174603174604,0.6829624072591506,0.6821428571428572,0.0,0.0,0.0,0.0,0.0,,0,,0,0.24722222222222223,0.7527777777777778,0.6829624072591506,0.6821428571428572,720
emotions,MLC_PA_MLP,0.50,5,0.0,0.0,0.1503124663314044,0,1.0,654,0.0,0,164,0.25076452599388377,0.7492354740061162,0.5707951070336391,0.6805591961555265,0.6920664096228006,0.6962962962962963,0.0,0.0,0.0,0.0,0.0,,0,,0,0.25076452599388377,0.7492354740061162,0.6920664096228006,0.6962962962962963,654
emotions,GSI_MLC_PA_Logistic,0.20,1,0.4344262295081967,0.9836065573770492,0.09560462843519942,318,0.5655737704918032,414,0.6861313868613139,94,137,0.14562841530054643,0.9412568306010929,0.8114754098360656,0.8502732240437159,0.8907443624239714,0.8963855421686747,0.12841530054644812,0.3066939890710383,0.2775956284153006,0.27479999605587624,0.24857063214296782,0.6199574350899908,94,0.29559748427672955,318,0.10386473429951691,0.8961352657004831,0.49595959595959593,0.6194690265486725,732
emotions,GSI_MLC_PA_Logistic,0.20,2,0.47619047619047616,0.9831932773109243,0.07871821327807783,340,0.5238095238095238,374,0.8055555555555556,116,144,0.134453781512605,0.9607843137254902,0.8935574229691877,0.9184873949579831,0.9313661153292259,0.9339622641509434,0.16246498599439774,0.4341736694677872,0.3985994397759104,0.33199276359815066,0.3231514533401326,0.5982937065420688,116,0.3411764705882353,340,0.0748663101604278,0.9251336898395722,0.44589371980676323,0.6410256410256411,714
emotions,GSI_MLC_PA_Logistic,0.20,3,0.46883468834688347,0.983739837398374,0.08973832816545323,346,0.5311653116531165,392,0.7635135135135135,113,148,0.14119241192411922,0.9525745257452575,0.8414634146341462,0.8718157181571816,0.8997303650779913,0.9148418491484185,0.15311653116531165,0.3848238482384822,0.3455284552845529,0.3246115597705067,0.2962851481174906,0.5796266198679276,113,0.3265895953757225,346,0.08928571428571429,0.9107142857142857,0.5818669348081112,0.6153846153846154,738
emotions,GSI_MLC_PA_Logistic,0.20,4,0.45555555555555555,1.0,0.08058472741703561,328,0.5444444444444444,392,0.8299319727891157,122,147,0.12583333333333335,0.9652777777777778,0.898611111111111,0.9255555555555557,0.9392069171411151,0.9422632794457275,0.1694444444444444,0.44583333333333325,0.39250000000000007,0.3511332183799576,0.3260752898895918,0.5712326564371472,122,0.3719512195121951,328,0.06377551020408163,0.9362244897959183,0.5377356711915535,0.7058823529411765,720
emotions,GSI_MLC_PA_Logistic,0.20,5,0.41284403669724773,0.9724770642201835,0.09238640949357338,270,0.5871559633027523,384,0.6857142857142857,96,140,0.1498470948012232,0.9327217125382263,0.8333333333333333,0.8788990825688073,0.8850371227091066,0.8952380952380953,0.14678899082568808,0.36391437308868496,0.33975535168195714,0.29849951766449045,0.2675785207700102,0.567068472898597,96,0.35555555555555557,270,0.11458333333333333,0.8854166666666666,0.5842560217560218,0.6333333333333333,654
emotions,GSI_MLC_PA_Logistic,0.25,1,0.34153005464480873,0.9098360655737705,0.09560462843519942,250,0.6584699453551912,482,0.5620437956204379,77,137,0.16734972677595628,0.9180327868852459,0.7540983606557377,0.8032786885245902,0.8399314220776688,0.855072463768116,0.10519125683060115,0.24931693989071035,0.23060109289617492,0.22398705570957367,0.20725755374240906,0.6049479601782234,77,0.308,250,0.12448132780082988,0.8755186721991701,0.5964610234337638,0.6511627906976745,732
emotions,GSI_MLC_PA_Logistic,0.25,2,0.3795518207282913,0.957983193277311,0.07871821327807783,271,0.6204481792717087,443,0.7013888888888888,101,144,0.15511204481792717,0.9397759103641457,0.8291316526610646,0.8647058823529412,0.8919420451409009,0.8953771289537713,0.14145658263305316,0.36974789915966405,0.34481792717086845,0.2925686934098257,0.2845663181429605,0.5972571513182059,101,0.3726937269372694,271,0.09706546275395034,0.9029345372460497,0.5662791278058241,0.6504065040650406,714
emotions,GSI_MLC_PA_Logistic,0.25,3,0.37533875338753386,0.983739837398374,0.08973832816545323,277,0.6246612466124661,461,0.6756756756756757,100,148,0.15887533875338752,0.9349593495934959,0.7994579945799457,0.8411924119241193,0.8538300128241253,0.8823529411764706,0.1355013550135501,0.3428184281842817,0.3149051490514906,0.2787112075166407,0.2637962401455427,0.5635988931361958,100,0.36101083032490977,277,0.10412147505422993,0.89587852494577,0.631304745978659,0.6470588235294118,738
emotions,GSI_MLC_PA_Logistic,0.25,4,0.375,0.9833333333333333,0.08058472741703561,270,0.625,450,0.7278911564625851,107,147,0.14930555555555555,0.9444444444444444,0.8319444444444444,0.868888888888889,0.8964797444526229,0.9056603773584906,0.14861111111111103,0.3791666666666666,0.33583333333333343,0.30840604569146535,0.28947238780235485,0.566658001328174,107,0.3962962962962963,270,0.08888888888888889,0.9111111111111111,0.5776789984286398,0.6875,720
emotions,GSI_MLC_PA_Logistic,0.25,5,0.3333333333333333,0.944954128440367,0.09238640949357338,218,0.6666666666666666,436,0.6285714285714286,88,140,0.1628440366972477,0.9204892966360856,0.8042813455657492,0.8562691131498469,0.8592908705045211,0.8743961352657005,0.13455657492354733,0.33486238532110085,0.3171253822629967,0.27275326545990497,0.2467365607976154,0.541592157550257,88,0.4036697247706422,218,0.11926605504587157,0.8807339449541285,0.6273136545066369,0.6708860759493671,654
emotions,GSI_MLC_PA_Logistic,0.30,1,0.26639344262295084,0.860655737704918,0.09560462843519942,195,0.7336065573770492,537,0.45255474452554745,62,137,0.18237704918032788,0.8975409836065573,0.7103825136612022,0.7715846994535519,0.7964135979574462,0.8175182481751825,0.08469945355191255,0.2056010928961749,0.19890710382513666,0.18046923158935102,0.16970333814947558,0.6093035619351409,62,0.31794871794871793,195,0.13966480446927373,0.8603351955307262,0.6072304324028462,0.6445497630331753,732
emotions,GSI_MLC_PA_Logistic,0.30,2,0.2969187675070028,0.9159663865546218,0.07871821327807783,212,0.7030812324929971,502,0.5972222222222222,86,144,0.17030812324929973,0.9187675070028011,0.7563025210084034,0.8044817927170868,0.8498766674118786,0.855,0.12044817927170859,0.2969187675070029,0.284593837535014,0.2505033156808034,0.2441891891891892,0.5929892249311487,86,0.4056603773584906,212,0.11553784860557768,0.8844621513944223,0.5731150793650793,0.6463414634146342,714
emotions,GSI_MLC_PA_Logistic,0.30,3,0.29132791327913277,0.926829268292683,0.08973832816545323,215,0.7086720867208672,523,0.5405405405405406,80,148,0.17953929539295393,0.9078590785907859,0.7208672086720868,0.770189701897019,0.7960494578915632,0.8325123152709359,0.10840108401084003,0.26422764227642276,0.24390243902439024,0.22093065258407862,0.21395561424000809,0.5573444099759889,80,0.37209302325581395,215,0.13001912045889102,0.869980879541109,0.6136706349206349,0.6421052631578947,738
emotions,GSI_MLC_PA_Logistic,0.30,4,0.3111111111111111,0.95,0.08058472741703561,224,0.6888888888888889,496,0.6394557823129252,94,147,0.16694444444444448,0.9263888888888889,0.7805555555555554,0.8311111111111111,0.8609539250111627,0.8729016786570744,0.13055555555555554,0.32777777777777767,0.2980555555555555,0.2728802262500052,0.2567136891009386,0.5654067922518252,94,0.41964285714285715,224,0.10685483870967742,0.8931451612903226,0.577781078761471,0.6748466257668712,720
emotions,GSI_MLC_PA_Logistic,0.30,5,0.26146788990825687,0.8715596330275229,0.09238640949357338,171,0.7385321100917431,483,0.5071428571428571,71,140,0.1839449541284404,0.8944954128440367,0.7217125382262997,0.7788990825688074,0.8045341173570377,0.8270676691729323,0.10856269113149841,0.25229357798165136,0.23975535168195716,0.21799651231242156,0.19940809470484722,0.5299571680524062,71,0.4152046783625731,171,0.14285714285714285,0.8571428571428572,0.6209797682054164,0.6634146341463415,654
emotions,GSI_MLC_PA_Logistic,0.35,1,0.1912568306010929,0.7540983606557377,0.09560462843519942,140,0.8087431693989071,592,0.35766423357664234,49,137,0.18715846994535515,0.8797814207650273,0.6475409836065575,0.718032786885246,0.7507033403926059,0.7810945273631841,0.06693989071038253,0.14275956284153024,0.14535519125683072,0.13475897402451076,0.13327961733747717,0.6178900154509911,49,0.35,140,0.14864864864864866,0.8513513513513513,0.6146732405699407,0.6507936507936508,732
emotions,GSI_MLC_PA_Logistic,0.35,2,0.22969187675070027,0.8235294117647058,0.07871821327807783,164,0.7703081232492998,550,0.4861111111111111,70,144,0.1840336134453781,0.896358543417367,0.6946778711484594,0.7476190476190476,0.8064924225275564,0.8102564102564103,0.0980392156862745,0.23529411764705882,0.22773109243697487,0.20711907079648118,0.19944559944559948,0.5830169819140408,70,0.4268292682926829,164,0.13454545454545455,0.8654545454545455,0.5823621394981086,0.6442307692307693,714
emotions,GSI_MLC_PA_Logistic,0.35,3,0.2086720867208672,0.8048780487804879,0.08973832816545323,154,0.7913279132791328,584,0.3918918918918919,58,148,0.19498644986449856,0.8780487804878049,0.6422764227642275,0.7084010840108401,0.7322598843925392,0.7772277227722773,0.07859078590785906,0.18563685636856347,0.1821138211382114,0.1571410790850546,0.1586710217413494,0.5638323940210733,58,0.37662337662337664,154,0.1541095890410959,0.845890410958904,0.5910360472860473,0.6341463414634146,738
emotions,GSI_MLC_PA_Logistic,0.35,4,0.21944444444444444,0.8166666666666667,0.08058472741703561,158,0.7805555555555556,562,0.4897959183673469,72,147,0.1809722222222222,0.8958333333333334,0.6902777777777778,0.7591666666666667,0.7923626583017059,0.8148148148148148,0.09999999999999998,0.2375,0.22611111111111104,0.20428895954054838,0.19862682525867903,0.5671447640841233,72,0.45569620253164556,158,0.13345195729537365,0.8665480427046264,0.581830953248622,0.6511627906976745,720
emotions,GSI_MLC_PA_Logistic,0.35,5,0.2018348623853211,0.7706422018348624,0.09238640949357338,132,0.7981651376146789,522,0.4,56,140,0.19908256880733943,0.8715596330275229,0.6567278287461773,0.7119266055045872,0.7507920986734545,0.7823834196891192,0.08562691131498468,0.187308868501529,0.172782874617737,0.16425449362883837,0.1547238452210341,0.5156084656084655,56,0.42424242424242425,132,0.16091954022988506,0.8390804597701149,0.6186332096215817,0.6612903225806451,654
emotions,GSI_MLC_PA_Logistic,0.40,1,0.12431693989071038,0.5737704918032787,0.09560462843519942,91,0.8756830601092896,641,0.23357664233576642,32,137,0.19316939890710383,0.8565573770491803,0.5956284153005464,0.6639344262295083,0.7057117508871894,0.7341772151898734,0.04371584699453557,0.09084699453551914,0.09125683060109302,0.08976738451909427,0.08636230516416654,0.6380115922560744,32,0.3516483516483517,91,0.16380655226209048,0.8361934477379095,0.6025750374298692,0.6464646464646465,732
emotions,GSI_MLC_PA_Logistic,0.40,2,0.16106442577030813,0.6890756302521008,0.07871821327807783,115,0.8389355742296919,599,0.375,54,144,0.19047619047619052,0.8739495798319328,0.6386554621848738,0.6893557422969188,0.7581813479946758,0.7631578947368421,0.07563025210084029,0.17927170868347325,0.169467787114846,0.15880799626360065,0.15234708392603136,0.538973063973064,54,0.46956521739130436,115,0.15025041736227046,0.8497495826377295,0.6040754142876527,0.6484375,714
emotions,GSI_MLC_PA_Logistic,0.40,3,0.13414634146341464,0.6260162601626016,0.08973832816545323,99,0.8658536585365854,639,0.2905405405405405,43,148,0.19593495934959354,0.8577235772357723,0.5880758807588076,0.6607046070460705,0.6838912117698124,0.732824427480916,0.05826558265582649,0.13143631436314357,0.13441734417344176,0.10877240646232778,0.11426772644998817,0.5248307248307248,43,0.43434343434343436,99,0.1643192488262911,0.8356807511737089,0.5990928975463368,0.6488294314381271,738
emotions,GSI_MLC_PA_Logistic,0.40,4,0.12777777777777777,0.575,0.08058472741703561,92,0.8722222222222222,628,0.29931972789115646,44,147,0.19416666666666668,0.8569444444444445,0.5875,0.6658333333333333,0.7159248804843771,0.7405541561712846,0.061111111111111116,0.13472222222222224,0.13277777777777766,0.12785118172321952,0.12436616661514888,0.5811507936507937,44,0.4782608695652174,92,0.16401273885350318,0.8359872611464968,0.5757350262899653,0.6308243727598566,720
emotions,GSI_MLC_PA_Logistic,0.40,5,0.13761467889908258,0.6146788990825688,0.09238640949357338,90,0.8623853211009175,564,0.2857142857142857,40,140,0.20795107033639149,0.8470948012232415,0.6032110091743119,0.6642201834862385,0.705594814268072,0.7395833333333334,0.06116207951070329,0.13379204892966362,0.12507645259938827,0.11905720922345586,0.1119237588652483,0.48362712088202287,40,0.4444444444444444,90,0.1773049645390071,0.8226950354609929,0.6078595821713191,0.6527777777777778,654
emotions,GSI_MLC_PA_Logistic,0.50,1,0.0,0.0,0.09560462843519942,0,1.0,732,0.0,0,137,0.1871584699453552,0.8128415300546448,0.5047814207650273,0.5726775956284152,0.6159443663680951,0.6478149100257069,0.0,0.0,0.0,0.0,0.0,,0,,0,0.1871584699453552,0.8128415300546448,0.6159443663680951,0.6478149100257069,732
emotions,GSI_MLC_PA_Logistic,0.50,2,0.0,0.0,0.07871821327807783,0,1.0,714,0.0,0,144,0.20168067226890757,0.7983193277310925,0.45938375350140054,0.5198879551820728,0.5993733517310752,0.6108108108108108,0.0,0.0,0.0,0.0,0.0,,0,,0,0.20168067226890757,0.7983193277310925,0.5993733517310752,0.6108108108108108,714
emotions,GSI_MLC_PA_Logistic,0.50,3,0.0,0.0,0.08973832816545323,0,1.0,738,0.0,0,148,0.2005420054200542,0.7994579945799458,0.456639566395664,0.5262872628726287,0.5751188053074846,0.6185567010309279,0.0,0.0,0.0,0.0,0.0,,0,,0,0.2005420054200542,0.7994579945799458,0.5751188053074846,0.6185567010309279,738
emotions,GSI_MLC_PA_Logistic,0.50,4,0.0,0.0,0.08058472741703561,0,1.0,720,0.0,0,147,0.20416666666666666,0.7958333333333334,0.4527777777777778,0.5330555555555556,0.5880736987611576,0.6161879895561357,0.0,0.0,0.0,0.0,0.0,,0,,0,0.20416666666666666,0.7958333333333334,0.5880736987611576,0.6161879895561357,720
emotions,GSI_MLC_PA_Logistic,0.50,5,0.0,0.0,0.09238640949357338,0,1.0,654,0.0,0,140,0.21406727828746178,0.7859327217125383,0.4694189602446483,0.5391437308868502,0.5865376050446162,0.6276595744680851,0.0,0.0,0.0,0.0,0.0,,0,,0,0.21406727828746178,0.7859327217125383,0.5865376050446162,0.6276595744680851,654
emotions,GSI_MLC_PA_MLP,0.20,1,1.0,1.0,0.15268672028485147,732,0.0,0,1.0,194,194,0.19999999999999993,1.0,1.0,1.0,1.0,1.0,0.26502732240437155,0.5209016393442623,0.40725995316159236,0.3710825221286752,0.36882129277566544,0.6289174778713248,194,0.2650273224043716,732,,,0.0,0.0,732
emotions,GSI_MLC_PA_MLP,0.20,2,1.0,1.0,0.13980248834476997,714,0.0,0,1.0,159,159,0.19999999999999984,1.0,1.0,1.0,1.0,1.0,0.2226890756302521,0.4630252100840335,0.37643057222889154,0.3405272726765344,0.33615221987315014,0.6594727273234656,159,0.22268907563025211,714,,,0.0,0.0,714
emotions,GSI_MLC_PA_MLP,0.20,3,1.0,1.0,0.13848735864844627,738,0.0,0,1.0,180,180,0.19999999999999993,1.0,1.0,1.0,1.0,1.0,0.24390243902439024,0.4952574525745257,0.3924893534649633,0.40431169485944773,0.3614457831325302,0.5956883051405523,180,0.24390243902439024,738,,,0.0,0.0,738
emotions,GSI_MLC_PA_MLP,0.20,4,1.0,1.0,0.12990116986340408,720,0.0,0,1.0,175,175,0.19999999999999996,1.0,1.0,1.0,1.0,1.0,0.24305555555555558,0.45333333333333337,0.3356746031746032,0.3211208920466886,0.3222836095764272,0.6788791079533114,175,0.24305555555555555,720,,,0.0,0.0,720
emotions,GSI_MLC_PA_MLP,0.20,5,1.0,1.0,0.12176390762747982,654,0.0,0,1.0,153,153,0.19999999999999993,1.0,1.0,1.0,1.0,1.0,0.2339449541284404,0.4484709480122324,0.3512450851900393,0.35913295977877724,0.3221052631578948,0.6408670402212228,153,0.23394495412844038,654,,,0.0,0.0,654
emotions,GSI_MLC_PA_MLP,0.25,1,0.9972677595628415,1.0,0.15268672028485147,730,0.00273224043715847,2,1.0,194,194,0.24931693989071038,1.0,1.0,1.0,1.0,1.0,0.26502732240437155,0.5209016393442623,0.40725995316159236,0.3710825221286752,0.36882129277566544,0.6289174778713248,194,0.26575342465753427,730,0.0,1.0,0.0,0.0,732
emotions,GSI_MLC_PA_MLP,0.25,2,0.9957983193277311,1.0,0.13980248834476997,711,0.004201680672268907,3,1.0,159,159,0.24894957983193278,1.0,1.0,1.0,1.0,1.0,0.2226890756302521,0.4630252100840335,0.37643057222889154,0.3405272726765344,0.33615221987315014,0.6594727273234656,159,0.22362869198312235,711,0.0,1.0,0.0,0.0,714
emotions,GSI_MLC_PA_MLP,0.25,3,0.9905149051490515,1.0,0.13848735864844627,731,0.009485094850948509,7,1.0,180,180,0.24762872628726287,1.0,1.0,1.0,1.0,1.0,0.24390243902439024,0.4952574525745257,0.3924893534649633,0.40431169485944773,0.3614457831325302,0.5940076328716447,180,0.24623803009575923,731,0.0,1.0,0.16666666666666666,1.0,738
emotions,GSI_MLC_PA_MLP,0.25,4,1.0,1.0,0.12990116986340408,720,0.0,0,1.0,175,175,0.25,1.0,1.0,1.0,1.0,1.0,0.24305555555555558,0.45333333333333337,0.3356746031746032,0.3211208920466886,0.3222836095764272,0.6788791079533114,175,0.24305555555555555,720,,,0.0,0.0,720
emotions,GSI_MLC_PA_MLP,0.25,5,0.9938837920489296,1.0,0.12176390762747982,650,0.0061162079510703364,4,1.0,153,153,0.2484709480122324,1.0,1.0,1.0,1.0,1.0,0.2339449541284404,0.4484709480122324,0.3512450851900393,0.35913295977877724,0.3221052631578948,0.6408670402212228,153,0.2353846153846154,650,0.0,1.0,0.0,0.0,654
emotions,GSI_MLC_PA_MLP,0.30,1,0.9795081967213115,1.0,0.15268672028485147,717,0.020491803278688523,15,1.0,194,194,0.29385245901639356,1.0,1.0,1.0,1.0,1.0,0.26502732240437155,0.5209016393442623,0.40725995316159236,0.3710825221286752,0.36882129277566544,0.6270127159665629,194,0.2705718270571827,717,0.0,1.0,0.16666666666666666,1.0,732
emotions,GSI_MLC_PA_MLP,0.30,2,0.9803921568627451,1.0,0.13980248834476997,700,0.0196078431372549,14,1.0,159,159,0.2941176470588237,1.0,1.0,1.0,1.0,1.0,0.2226890756302521,0.4630252100840335,0.37643057222889154,0.3405272726765344,0.33615221987315014,0.6594727273234656,159,0.22714285714285715,700,0.0,1.0,0.0,0.0,714
emotions,GSI_MLC_PA_MLP,0.30,3,0.9661246612466124,1.0,0.13848735864844627,713,0.03387533875338753,25,1.0,180,180,0.28983739837398387,1.0,1.0,1.0,1.0,1.0,0.24390243902439024,0.4952574525745257,0.3924893534649633,0.40431169485944773,0.3614457831325302,0.5865452674364418,180,0.25245441795231416,713,0.0,1.0,0.3333333333333333,1.0,738
emotions,GSI_MLC_PA_MLP,0.30,4,0.9902777777777778,1.0,0.12990116986340408,713,0.009722222222222222,7,1.0,175,175,0.2970833333333334,1.0,1.0,1.0,1.0,1.0,0.24305555555555558,0.45333333333333337,0.3356746031746032,0.3211208920466886,0.3222836095764272,0.6776581067323102,175,0.24544179523141654,713,0.0,1.0,0.16666666666666666,1.0,720
emotions,GSI_MLC_PA_MLP,0.30,5,0.9785932721712538,1.0,0.12176390762747982,640,0.021406727828746176,14,1.0,153,153,0.29357798165137633,1.0,1.0,1.0,1.0,1.0,0.2339449541284404,0.4484709480122324,0.3512450851900393,0.35913295977877724,0.3221052631578948,0.6391366112075121,153,0.2390625,640,0.0,1.0,0.3333333333333333,1.0,654
emotions,GSI_MLC_PA_MLP,0.35,1,0.9153005464480874,1.0,0.15268672028485147,670,0.08469945355191257,62,0.979381443298969,190,194,0.32581967213114754,0.994535519125683,0.9822404371584699,0.985792349726776,0.9916011593007967,0.990990990990991,0.2595628415300546,0.5031420765027321,0.39305230288836834,0.36268368142947194,0.3598122837666564,0.6270930920971992,190,0.2835820895522388,670,0.06451612903225806,0.935483870967742,0.38888888888888884,0.7142857142857143,732
emotions,GSI_MLC_PA_MLP,0.35,2,0.9257703081232493,1.0,0.13980248834476997,661,0.0742296918767507,53,0.9622641509433962,153,159,0.3324229691876751,0.9915966386554622,0.976890756302521,0.9847939175670268,0.985458377239199,0.9864253393665159,0.2142857142857143,0.4399159663865545,0.36122448979591837,0.3259856499157334,0.322577559239666,0.6552539688614547,153,0.2314674735249622,661,0.11320754716981132,0.8867924528301887,0.5238095238095237,0.7272727272727273,714
emotions,GSI_MLC_PA_MLP,0.35,3,0.8902439024390244,1.0,0.13848735864844627,657,0.10975609756097561,81,0.9722222222222222,175,180,0.318360433604336,0.9932249322493225,0.9796747967479674,0.9864498644986449,0.9885185185185185,0.9887133182844243,0.23712737127371275,0.4749322493224931,0.3789392179636082,0.3928302133779662,0.3501591014169545,0.566771415952403,175,0.2663622526636225,657,0.06172839506172839,0.9382716049382716,0.7761904761904761,0.9019607843137255,738
emotions,GSI_MLC_PA_MLP,0.35,4,0.9375,1.0,0.12990116986340408,675,0.0625,45,0.9828571428571429,172,175,0.33229166666666665,0.9958333333333333,0.9888888888888888,0.9927777777777779,0.9930149010002042,0.9932885906040269,0.23888888888888893,0.4422222222222222,0.32845238095238105,0.31413579304689276,0.31557220018045407,0.6747277158954423,172,0.2548148148148148,675,0.06666666666666667,0.9333333333333333,0.537037037037037,0.8235294117647058,720
emotions,GSI_MLC_PA_MLP,0.35,5,0.9204892966360856,1.0,0.12176390762747982,602,0.07951070336391437,52,0.9934640522875817,152,153,0.3237003058103975,0.9984709480122325,0.9954128440366973,0.9969418960244647,0.9976525821596244,0.9977728285077951,0.23241590214067287,0.4438837920489297,0.348186981214504,0.3567855419384016,0.3198780916656899,0.6240507262690361,152,0.25249169435215946,602,0.019230769230769232,0.9807692307692307,0.611111111111111,0.96,654
emotions,GSI_MLC_PA_MLP,0.40,1,0.7390710382513661,0.9836065573770492,0.15268672028485147,541,0.2609289617486339,191,0.8917525773195877,173,194,0.32431693989071037,0.9713114754098361,0.9234972677595628,0.9426229508196722,0.9594935433775819,0.9534368070953437,0.23633879781420764,0.444398907103825,0.34988290398126454,0.33057606550625707,0.3222580998710092,0.5710785496406411,173,0.3197781885397412,541,0.1099476439790576,0.8900523560209423,0.6772914099630348,0.8173913043478261,732
emotions,GSI_MLC_PA_MLP,0.40,2,0.8067226890756303,1.0,0.13980248834476997,576,0.19327731092436976,138,0.9308176100628931,148,159,0.3380952380952381,0.9845938375350141,0.9586834733893557,0.9730292116846738,0.9730374648182867,0.9751693002257337,0.20728291316526615,0.4217086834733892,0.34945978391356536,0.31356473749482106,0.3113215200988838,0.6203297111364953,148,0.2569444444444444,576,0.07971014492753623,0.9202898550724637,0.7212121212121212,0.8571428571428571,714
emotions,GSI_MLC_PA_MLP,0.40,3,0.7317073170731707,1.0,0.13848735864844627,540,0.2682926829268293,198,0.8944444444444445,161,180,0.31842818428184283,0.9742547425474255,0.9281842818428183,0.9490514905149051,0.9587117323435731,0.9576837416481069,0.21815718157181574,0.423441734417344,0.3415408439798684,0.36302342720302083,0.31912952478063705,0.5245587568058077,161,0.29814814814814816,540,0.09595959595959595,0.9040404040404041,0.7313271604938271,0.8503937007874016,738
emotions,GSI_MLC_PA_MLP,0.40,4,0.8055555555555556,1.0,0.12990116986340408,580,0.19444444444444445,140,0.9314285714285714,163,175,0.3388888888888889,0.9833333333333333,0.9597222222222221,0.9744444444444444,0.9746276170711043,0.973568281938326,0.22638888888888886,0.4130555555555555,0.3101190476190476,0.29574850911779293,0.2958518915147532,0.6465859824555477,163,0.2810344827586207,580,0.08571428571428572,0.9142857142857143,0.7162055780476834,0.85,720
emotions,GSI_MLC_PA_MLP,0.40,5,0.7629969418960245,1.0,0.12176390762747982,499,0.23700305810397554,155,0.9215686274509803,141,153,0.32354740061162085,0.981651376146789,0.9587155963302754,0.973394495412844,0.9740608129831737,0.9734513274336283,0.2155963302752294,0.4071865443425078,0.3246395806028832,0.33319377276195095,0.29555659059152306,0.604742857635966,141,0.28256513026052105,499,0.07741935483870968,0.9225806451612903,0.7131305513658455,0.8604651162790697,654
emotions,GSI_MLC_PA_MLP,0.50,1,0.0,0.0,0.15268672028485147,0,1.0,732,0.0,0,194,0.2650273224043716,0.7349726775956285,0.47909836065573774,0.5927400468384076,0.6289174778713248,0.6311787072243346,0.0,0.0,0.0,0.0,0.0,,0,,0,0.2650273224043716,0.7349726775956285,0.6289174778713248,0.6311787072243346,732
emotions,GSI_MLC_PA_MLP,0.50,2,0.0,0.0,0.13980248834476997,0,1.0,714,0.0,0,159,0.22268907563025211,0.7773109243697479,0.5369747899159665,0.6235694277711085,0.6594727273234656,0.6638477801268499,0.0,0.0,0.0,0.0,0.0,,0,,0,0.22268907563025211,0.7773109243697479,0.6594727273234656,0.6638477801268499,714
emotions,GSI_MLC_PA_MLP,0.50,3,0.0,0.0,0.13848735864844627,0,1.0,738,0.0,0,180,0.24390243902439024,0.7560975609756098,0.5047425474254743,0.6075106465350367,0.5956883051405523,0.6385542168674698,0.0,0.0,0.0,0.0,0.0,,0,,0,0.24390243902439024,0.7560975609756098,0.5956883051405523,0.6385542168674698,738
emotions,GSI_MLC_PA_MLP,0.50,4,0.0,0.0,0.12990116986340408,0,1.0,720,0.0,0,175,0.24305555555555555,0.7569444444444444,0.5466666666666666,0.6643253968253968,0.6788791079533114,0.6777163904235728,0.0,0.0,0.0,0.0,0.0,,0,,0,0.24305555555555555,0.7569444444444444,0.6788791079533114,0.6777163904235728,720
emotions,GSI_MLC_PA_MLP,0.50,5,0.0,0.0,0.12176390762747982,0,1.0,654,0.0,0,153,0.23394495412844038,0.7660550458715596,0.5515290519877676,0.6487549148099607,0.6408670402212228,0.6778947368421052,0.0,0.0,0.0,0.0,0.0,,0,,0,0.23394495412844038,0.7660550458715596,0.6408670402212228,0.6778947368421052,654
emotions,MLC_PA_SVM,0.20,1,0.5,0.9754098360655737,0.09869910183307241,366,0.5,366,0.717391304347826,99,138,0.15327868852459015,0.9467213114754098,0.8401639344262295,0.8745901639344262,0.9040998089092463,0.9086651053864169,0.13524590163934425,0.31420765027322395,0.28551912568306015,0.3064971965184984,0.26617805875429257,0.574497654336364,99,0.27049180327868855,366,0.10655737704918032,0.8934426229508197,0.4707258341933265,0.6608695652173913,732
emotions,MLC_PA_SVM,0.20,2,0.542016806722689,1.0,0.08167872796655715,387,0.4579831932773109,327,0.8851351351351351,131,148,0.1322128851540616,0.9761904761904762,0.9341736694677872,0.9518207282913164,0.9589860741253929,0.96,0.1834733893557423,0.488795518207283,0.43865546218487383,0.411689329195268,0.37111111111111106,0.5054047903510269,131,0.3385012919896641,387,0.05198776758409786,0.9480122324159022,0.4655555555555555,0.7671232876712328,714
emotions,MLC_PA_SVM,0.20,3,0.5487804878048781,1.0,0.09667829602159318,405,0.45121951219512196,333,0.8040540540540541,119,148,0.14905149051490515,0.9607046070460704,0.8739837398373985,0.8997289972899729,0.9203204013301889,0.9304556354916067,0.1612466124661246,0.3875338753387535,0.3368563685636856,0.3448715974791591,0.3041930092289804,0.5674060870139302,119,0.2938271604938272,405,0.08708708708708708,0.9129129129129129,0.6101145231580014,0.6881720430107527,738
emotions,MLC_PA_SVM,0.20,4,0.5458333333333333,1.0,0.08864818952113279,393,0.45416666666666666,327,0.8581081081081081,127,148,0.13833333333333334,0.9708333333333333,0.9125,0.9363888888888889,0.9490736038766315,0.9519450800915332,0.17638888888888882,0.44930555555555557,0.3930555555555556,0.37113332489252715,0.33736174675819985,0.517127740258169,127,0.3231552162849873,393,0.06422018348623854,0.9357798165137614,0.5255541657980682,0.7469879518072289,720
emotions,MLC_PA_SVM,0.20,5,0.5458715596330275,1.0,0.0954592700204653,357,0.4541284403669725,297,0.823943661971831,117,142,0.14740061162079512,0.9617737003058104,0.9097859327217126,0.9363914373088684,0.9374388683623757,0.9419953596287703,0.17889908256880738,0.46024464831804285,0.4039755351681956,0.37256964389485747,0.3257791434125541,0.5293118787971225,117,0.3277310924369748,357,0.08417508417508418,0.9158249158249159,0.4923395445134575,0.7126436781609196,654
emotions,MLC_PA_SVM,0.25,1,0.41939890710382516,0.9508196721311475,0.09869910183307241,307,0.5806010928961749,425,0.644927536231884,89,138,0.1717896174863388,0.9330601092896175,0.8060109289617486,0.846448087431694,0.8788471308888731,0.8841607565011821,0.12158469945355188,0.2800546448087431,0.2573770491803279,0.28124451849812515,0.24167370986905778,0.5684663254184945,89,0.2899022801302932,307,0.11529411764705882,0.8847058823529412,0.5372436467512868,0.6711409395973155,732
emotions,MLC_PA_SVM,0.25,2,0.4495798319327731,0.957983193277311,0.08167872796655715,321,0.5504201680672269,393,0.7837837837837838,116,148,0.15721288515406162,0.9551820728291317,0.8725490196078433,0.8997198879551821,0.9228174538555041,0.9234449760765551,0.16246498599439785,0.42717086834733903,0.38655462184873957,0.37552070892537914,0.33455608718766616,0.5167086688384862,116,0.3613707165109034,321,0.08142493638676845,0.9185750636132315,0.5030377668308702,0.673469387755102,714
emotions,MLC_PA_SVM,0.25,3,0.44579945799457993,0.975609756097561,0.09667829602159318,329,0.55420054200542,409,0.7297297297297297,108,148,0.16565040650406504,0.94579945799458,0.8306233062330624,0.8661246612466125,0.8881813808920307,0.9029126213592233,0.14634146341463417,0.34417344173441733,0.3032520325203252,0.3127325770410009,0.27664999509659705,0.5262217670819821,108,0.3282674772036474,329,0.097799511002445,0.902200488997555,0.6525210084033614,0.7058823529411765,738
emotions,MLC_PA_SVM,0.25,4,0.44583333333333336,0.9916666666666667,0.08864818952113279,321,0.5541666666666667,399,0.7635135135135135,113,148,0.16006944444444443,0.9513888888888888,0.8597222222222222,0.8980555555555555,0.91205900059181,0.9180327868852459,0.15694444444444433,0.39652777777777776,0.35472222222222216,0.3341187216077056,0.30344945355191255,0.5285529715762273,113,0.35202492211838005,321,0.08771929824561403,0.9122807017543859,0.5483666660137249,0.6902654867256637,720
emotions,MLC_PA_SVM,0.25,5,0.43577981651376146,0.9724770642201835,0.0954592700204653,285,0.5642201834862385,369,0.7394366197183099,105,142,0.16551987767584098,0.9434250764525994,0.8639143730886849,0.9021406727828746,0.9067565910926504,0.9129411764705883,0.16055045871559637,0.41437308868501516,0.36972477064220177,0.3418873666251322,0.296724960254372,0.5425,105,0.3684210526315789,285,0.1002710027100271,0.8997289972899729,0.5307728219492925,0.6890756302521008,654
emotions,MLC_PA_SVM,0.30,1,0.30327868852459017,0.8852459016393442,0.09869910183307241,222,0.6967213114754098,510,0.5144927536231884,71,138,0.18251366120218582,0.9084699453551912,0.739071038251366,0.7874316939890711,0.8223935647826219,0.837772397094431,0.09699453551912562,0.21311475409836045,0.198360655737705,0.22479095239187397,0.19528535046230666,0.5688421527110541,71,0.31981981981981983,222,0.13137254901960785,0.8686274509803922,0.5871170548529038,0.6598984771573604,732
emotions,MLC_PA_SVM,0.30,2,0.3333333333333333,0.9243697478991597,0.08167872796655715,238,0.6666666666666666,476,0.6351351351351351,94,148,0.17563025210084032,0.9243697478991597,0.7801120448179274,0.8252100840336134,0.8625301305448684,0.8656716417910447,0.13165266106442586,0.33473389355742317,0.31204481792717087,0.31523338561474346,0.2767827529021558,0.5487661979597463,94,0.3949579831932773,238,0.1134453781512605,0.8865546218487395,0.5025493025493025,0.6086956521739131,714
emotions,MLC_PA_SVM,0.30,3,0.32926829268292684,0.9349593495934959,0.09667829602159318,243,0.6707317073170732,495,0.6013513513513513,89,148,0.17872628726287262,0.9200542005420054,0.7628726287262874,0.8173441734417344,0.8285393618726952,0.855036855036855,0.12059620596205956,0.27642276422764234,0.2544715447154471,0.25309055802166536,0.2287742287742287,0.5155327740154168,89,0.3662551440329218,243,0.1191919191919192,0.8808080808080808,0.6321824009324009,0.6810810810810811,738
emotions,MLC_PA_SVM,0.30,4,0.3486111111111111,0.9583333333333334,0.08864818952113279,251,0.6513888888888889,469,0.6554054054054054,97,148,0.1754166666666667,0.9291666666666667,0.7861111111111111,0.8366666666666667,0.8678252381642212,0.8782816229116945,0.1347222222222222,0.3229166666666667,0.29333333333333333,0.2898849591801168,0.26369828957836117,0.5067480043710944,97,0.38645418326693226,251,0.10874200426439233,0.8912579957356077,0.5432667624600249,0.6666666666666666,720
emotions,MLC_PA_SVM,0.30,5,0.3302752293577982,0.926605504587156,0.0954592700204653,216,0.6697247706422018,438,0.6338028169014085,90,142,0.17859327217125387,0.9204892966360856,0.8012232415902141,0.8474006116207952,0.8624353714301501,0.8737864077669902,0.13761467889908252,0.3516819571865443,0.31498470948012236,0.29756614696263195,0.257570191550774,0.5283027651002458,90,0.4166666666666667,216,0.1187214611872146,0.8812785388127854,0.5700048657037904,0.675,654
emotions,MLC_PA_SVM,0.35,1,0.22404371584699453,0.7704918032786885,0.09869910183307241,164,0.7759562841530054,568,0.3695652173913043,51,138,0.19726775956284154,0.8811475409836066,0.6646174863387978,0.726775956284153,0.7596953441215737,0.7841191066997518,0.069672131147541,0.13866120218579225,0.13770491803278695,0.16209273173082572,0.14163206006762752,0.5821428571428572,51,0.31097560975609756,164,0.15316901408450703,0.846830985915493,0.5952448203426832,0.6477732793522267,732
emotions,MLC_PA_SVM,0.35,2,0.2338935574229692,0.8319327731092437,0.08167872796655715,167,0.7661064425770309,547,0.4391891891891892,65,148,0.1981092436974789,0.8837535014005602,0.6834733893557425,0.7467787114845936,0.7706209409039598,0.7855297157622739,0.09103641456582634,0.2380952380952383,0.2336134453781511,0.2233241959738349,0.19664082687338502,0.5475512969415408,65,0.38922155688622756,167,0.15173674588665448,0.8482632541133455,0.5237825408557116,0.5786802030456852,714
emotions,MLC_PA_SVM,0.35,3,0.22493224932249323,0.8536585365853658,0.09667829602159318,166,0.7750677506775068,572,0.47297297297297297,70,148,0.1844173441734417,0.8943089430894309,0.6761517615176152,0.7398373983739839,0.759931782411379,0.8040201005025126,0.09485094850948506,0.18970189701897022,0.17696476964769658,0.18448297856034923,0.1777574742398863,0.4929803992303993,70,0.42168674698795183,166,0.13636363636363635,0.8636363636363636,0.6271875734085036,0.675,738
emotions,MLC_PA_SVM,0.35,4,0.24861111111111112,0.85,0.08864818952113279,179,0.7513888888888889,541,0.527027027027027,78,148,0.18423611111111107,0.9027777777777778,0.7111111111111111,0.7733333333333334,0.8078972770915244,0.8267326732673267,0.10833333333333328,0.24791666666666673,0.2300000000000001,0.22995699810741999,0.21214933993399332,0.4825119006153489,78,0.43575418994413406,179,0.12939001848428835,0.8706099815157117,0.5519832735961768,0.6534653465346535,720
emotions,MLC_PA_SVM,0.35,5,0.2400611620795107,0.8348623853211009,0.0954592700204653,157,0.7599388379204893,497,0.5,71,142,0.19258409785932717,0.8914373088685015,0.7140672782874617,0.7758409785932723,0.7893062492850572,0.8211586901763224,0.10856269113149841,0.264525993883792,0.24342507645259948,0.22443702481753902,0.20494247396010612,0.502819896869747,71,0.45222929936305734,157,0.14285714285714285,0.8571428571428572,0.605416110930427,0.6570048309178744,654
emotions,MLC_PA_SVM,0.40,1,0.13114754098360656,0.5901639344262295,0.09869910183307241,96,0.8688524590163934,636,0.2463768115942029,34,138,0.1945355191256831,0.8579234972677596,0.60724043715847,0.6756830601092897,0.6886751243449063,0.7346938775510204,0.04644808743169404,0.08128415300546443,0.0866120218579236,0.09107251195415833,0.09220683091889614,0.6092063492063492,34,0.3541666666666667,96,0.16352201257861634,0.8364779874213837,0.5978881245308738,0.6486486486486487,732
emotions,MLC_PA_SVM,0.40,2,0.14705882352941177,0.6554621848739496,0.08167872796655715,105,0.8529411764705882,609,0.2972972972972973,44,148,0.20448179271708689,0.8543417366946778,0.6050420168067225,0.6661064425770308,0.7064549284081488,0.723404255319149,0.06162464985994398,0.1596638655462183,0.15294117647058825,0.1591581834780239,0.13451536643026007,0.5200244200244201,44,0.41904761904761906,105,0.17077175697865354,0.8292282430213465,0.5515541418905899,0.59375,714
emotions,MLC_PA_SVM,0.40,3,0.14905149051490515,0.6666666666666666,0.09667829602159318,110,0.8509485094850948,628,0.3581081081081081,53,148,0.18834688346883469,0.8712737127371274,0.6151761517615175,0.6845528455284553,0.7038299282646584,0.7570332480818415,0.07181571815718157,0.1287262872628725,0.121680216802168,0.1283811244136286,0.13077062181921517,0.4737742578575211,53,0.4818181818181818,110,0.15127388535031847,0.8487261146496815,0.6187901978973408,0.6643109540636042,738
emotions,MLC_PA_SVM,0.40,4,0.15694444444444444,0.7083333333333334,0.08864818952113279,113,0.8430555555555556,607,0.34459459459459457,51,148,0.19749999999999998,0.8652777777777778,0.6166666666666667,0.6866666666666668,0.7314927198239952,0.7544303797468355,0.0708333333333333,0.1534722222222223,0.14333333333333342,0.15355244083989084,0.1398470464135021,0.49666991552956463,51,0.45132743362831856,113,0.15980230642504117,0.8401976935749589,0.5336560044893378,0.6311787072243346,720
emotions,MLC_PA_SVM,0.40,5,0.1437308868501529,0.6513761467889908,0.0954592700204653,94,0.8562691131498471,560,0.323943661971831,46,142,0.20428134556574928,0.8532110091743119,0.6123853211009175,0.6850152905198778,0.699350210411941,0.75,0.07033639143730885,0.16284403669724773,0.15259938837920495,0.13448098594442282,0.13378378378378375,0.5503896430367019,46,0.48936170212765956,94,0.17142857142857143,0.8285714285714285,0.5868409610708273,0.6335877862595419,654
emotions,MLC_PA_SVM,0.50,1,0.0,0.0,0.09869910183307241,0,1.0,732,0.0,0,138,0.1885245901639344,0.8114754098360656,0.5259562841530055,0.5890710382513661,0.597602612390748,0.6424870466321243,0.0,0.0,0.0,0.0,0.0,,0,,0,0.1885245901639344,0.8114754098360656,0.597602612390748,0.6424870466321243,732
emotions,MLC_PA_SVM,0.50,2,0.0,0.0,0.08167872796655715,0,1.0,714,0.0,0,148,0.20728291316526612,0.7927170868347339,0.44537815126050423,0.5131652661064425,0.5472967449301249,0.5888888888888889,0.0,0.0,0.0,0.0,0.0,,0,,0,0.20728291316526612,0.7927170868347339,0.5472967449301249,0.5888888888888889,714
emotions,MLC_PA_SVM,0.50,3,0.0,0.0,0.09667829602159318,0,1.0,738,0.0,0,148,0.2005420054200542,0.7994579945799458,0.486449864498645,0.5628726287262873,0.5754488038510298,0.6262626262626263,0.0,0.0,0.0,0.0,0.0,,0,,0,0.2005420054200542,0.7994579945799458,0.5754488038510298,0.6262626262626263,738
emotions,MLC_PA_SVM,0.50,4,0.0,0.0,0.08864818952113279,0,1.0,720,0.0,0,148,0.20555555555555555,0.7944444444444445,0.4631944444444444,0.5433333333333333,0.5779402789841044,0.6145833333333334,0.0,0.0,0.0,0.0,0.0,,0,,0,0.20555555555555555,0.7944444444444445,0.5779402789841044,0.6145833333333334,720
emotions,MLC_PA_SVM,0.50,5,0.0,0.0,0.0954592700204653,0,1.0,654,0.0,0,142,0.21712538226299694,0.7828746177370031,0.44954128440366975,0.5324159021406728,0.5648692244675182,0.6162162162162163,0.0,0.0,0.0,0.0,0.0,,0,,0,0.21712538226299694,0.7828746177370031,0.5648692244675182,0.6162162162162163,654
emotions,GSI_MLC_PA_SVM,0.20,1,0.4685792349726776,0.9836065573770492,0.09713223452028678,343,0.5314207650273224,389,0.7094594594594594,105,148,0.15245901639344261,0.9412568306010929,0.8237704918032787,0.8636612021857923,0.8910074668324576,0.8978622327790974,0.14344262295081966,0.3497267759562841,0.3207650273224043,0.3154850370651101,0.283278899445764,0.5462750509406432,105,0.30612244897959184,343,0.11053984575835475,0.8894601542416453,0.39785575048732946,0.6126126126126126,732
emotions,GSI_MLC_PA_SVM,0.20,2,0.4887955182072829,1.0,0.07669467877504775,349,0.511204481792717,365,0.8591549295774648,122,142,0.12577030812324927,0.9719887955182073,0.9243697478991597,0.9456582633053221,0.9543269079738633,0.9528301886792453,0.17086834733893552,0.43137254901960786,0.3787114845938375,0.341100239067996,0.33455061878677217,0.5709521481645408,122,0.3495702005730659,349,0.0547945205479452,0.9452054794520548,0.5738888888888888,0.7560975609756098,714
emotions,GSI_MLC_PA_SVM,0.20,3,0.483739837398374,0.983739837398374,0.09599328643865956,357,0.516260162601626,381,0.7655172413793103,111,145,0.14281842818428184,0.9539295392953929,0.8523035230352303,0.8796747967479677,0.9039414910916296,0.9174757281553398,0.15040650406504064,0.3753387533875338,0.3287262872628727,0.31224552227701674,0.2902263708288617,0.5848948421412189,111,0.31092436974789917,357,0.08923884514435695,0.910761154855643,0.5794340924775707,0.6530612244897959,738
emotions,GSI_MLC_PA_SVM,0.20,4,0.5361111111111111,1.0,0.08745075096953983,386,0.4638888888888889,334,0.8571428571428571,126,147,0.13638888888888892,0.9708333333333333,0.913888888888889,0.9375,0.9487130876173482,0.9517241379310345,0.17499999999999993,0.44236111111111126,0.3830555555555556,0.3658708478489301,0.33354231974921633,0.523033978722547,126,0.32642487046632124,386,0.06287425149700598,0.937125748502994,0.5255541657980682,0.7469879518072289,720
emotions,GSI_MLC_PA_SVM,0.20,5,0.4847094801223242,0.9908256880733946,0.09632678912100055,317,0.5152905198776758,337,0.782312925170068,115,147,0.14587155963302753,0.9510703363914373,0.8776758409785932,0.9085626911314985,0.9195783426915503,0.9248826291079812,0.1758409785932722,0.41743119266055045,0.36483180428134554,0.3518591903741044,0.31688262910798126,0.5380097410219332,115,0.3627760252365931,317,0.09495548961424333,0.9050445103857567,0.4842546303309823,0.673469387755102,654
emotions,GSI_MLC_PA_SVM,0.25,1,0.3702185792349727,0.9344262295081968,0.09713223452028678,271,0.6297814207650273,461,0.6081081081081081,90,148,0.1717896174863388,0.9207650273224044,0.7636612021857923,0.8122950819672131,0.8427377055271114,0.8592233009708737,0.12295081967213117,0.2896174863387977,0.2693989071038251,0.2672152757597639,0.24463996763754037,0.5060548860057774,90,0.33210332103321033,271,0.12581344902386118,0.8741865509761388,0.5482458998588031,0.6419753086419753,732
emotions,GSI_MLC_PA_SVM,0.25,2,0.4103641456582633,0.9747899159663865,0.07669467877504775,293,0.5896358543417367,421,0.7605633802816901,108,142,0.15021008403361344,0.9523809523809523,0.8613445378151262,0.8859943977591037,0.9162035557247786,0.9178743961352657,0.15126050420168058,0.36834733893557436,0.31904761904761914,0.30297688681891133,0.29959482624279254,0.5868333510842342,108,0.36860068259385664,293,0.08076009501187649,0.9192399049881235,0.5369002006933042,0.6792452830188679,714
emotions,GSI_MLC_PA_SVM,0.25,3,0.4065040650406504,0.983739837398374,0.09599328643865956,300,0.5934959349593496,438,0.6689655172413793,97,145,0.16666666666666666,0.9349593495934959,0.7994579945799457,0.8392953929539295,0.8610751537858036,0.8823529411764706,0.13143631436314362,0.32249322493224925,0.2883468834688345,0.26937918497119073,0.25510358384999243,0.5628760128760129,97,0.3233333333333333,300,0.1095890410958904,0.8904109589041096,0.5893401805166512,0.6417910447761194,738
emotions,GSI_MLC_PA_SVM,0.25,4,0.44722222222222224,0.9916666666666667,0.08745075096953983,322,0.5527777777777778,398,0.7687074829931972,113,147,0.15902777777777777,0.9527777777777777,0.8638888888888888,0.9008333333333333,0.9143204207636778,0.92018779342723,0.15694444444444433,0.3923611111111111,0.34638888888888886,0.3314781809952597,0.30200597524541184,0.5285529715762273,113,0.35093167701863354,322,0.08542713567839195,0.914572864321608,0.5710939387409976,0.7017543859649122,720
emotions,GSI_MLC_PA_SVM,0.25,5,0.40214067278287463,0.9724770642201835,0.09632678912100055,263,0.5978593272171254,391,0.7210884353741497,106,147,0.1632262996941896,0.9373088685015291,0.8486238532110092,0.8856269113149847,0.8963482562547925,0.9026128266033254,0.1620795107033639,0.38837920489296646,0.3418960244648318,0.3286291039373467,0.29461282660332544,0.5294662858268631,106,0.40304182509505704,263,0.10485933503836317,0.8951406649616368,0.5613665038665038,0.6771653543307087,654
emotions,GSI_MLC_PA_SVM,0.30,1,0.28415300546448086,0.8770491803278688,0.09713223452028678,208,0.7158469945355191,524,0.5135135135135135,76,148,0.1836065573770492,0.9016393442622951,0.7199453551912569,0.7693989071038252,0.8058209711373286,0.824390243902439,0.10382513661202186,0.24590163934426235,0.22650273224043715,0.23029854136998118,0.2098069105691056,0.4933463108407545,76,0.36538461538461536,208,0.13740458015267176,0.8625954198473282,0.5877157324204821,0.6470588235294118,732
emotions,GSI_MLC_PA_SVM,0.30,2,0.3291316526610644,0.9411764705882353,0.07669467877504775,235,0.6708683473389355,479,0.5985915492957746,85,142,0.17857142857142858,0.9201680672268908,0.7759103641456584,0.8187675070028009,0.8556868866966741,0.8571428571428571,0.11904761904761907,0.28291316526610655,0.2518207282913163,0.24246021779080684,0.23886328725038397,0.6270725927476499,85,0.3617021276595745,235,0.11899791231732777,0.8810020876826722,0.4923507923507923,0.6122448979591837,714
emotions,GSI_MLC_PA_SVM,0.30,3,0.3170731707317073,0.943089430894309,0.09599328643865956,234,0.6829268292682927,504,0.5862068965517241,85,145,0.1764227642276423,0.9186991869918699,0.7506775067750677,0.797560975609756,0.8210226556952748,0.8507462686567164,0.11517615176151763,0.27371273712737126,0.24661246612466103,0.22932668688066193,0.2234969113302383,0.5504154352138674,85,0.36324786324786323,234,0.11904761904761904,0.8809523809523809,0.6147570785070786,0.6551724137931034,738
emotions,GSI_MLC_PA_SVM,0.30,4,0.34444444444444444,0.9583333333333334,0.08745075096953983,248,0.6555555555555556,472,0.6326530612244898,93,147,0.17833333333333334,0.925,0.773611111111111,0.8283333333333334,0.8586440967250154,0.8701923076923077,0.12916666666666665,0.3020833333333333,0.27388888888888896,0.2758018569565973,0.25201048951048954,0.5170679218117549,93,0.375,248,0.11440677966101695,0.885593220338983,0.5475402667335292,0.6582278481012658,720
emotions,GSI_MLC_PA_SVM,0.30,5,0.3073394495412844,0.908256880733945,0.09632678912100055,201,0.6926605504587156,453,0.5918367346938775,87,147,0.1839449541284404,0.908256880733945,0.7744648318042813,0.825993883792049,0.8416259980983147,0.8536585365853658,0.1330275229357798,0.31422018348623854,0.28226299694189605,0.2739068457808689,0.24565853658536585,0.5174386431217032,87,0.43283582089552236,201,0.13245033112582782,0.8675496688741722,0.5912949409154343,0.6666666666666666,654
emotions,GSI_MLC_PA_SVM,0.35,1,0.19672131147540983,0.7704918032786885,0.09713223452028678,144,0.8032786885245902,588,0.41216216216216217,61,148,0.18770491803278688,0.8811475409836066,0.6550546448087431,0.7128415300546448,0.7602416382705427,0.7819548872180451,0.08333333333333337,0.18101092896174853,0.16994535519125675,0.18471920850319523,0.1673715538847117,0.3995201679412206,61,0.4236111111111111,144,0.14795918367346939,0.8520408163265306,0.6162094474268466,0.6640926640926641,732
emotions,GSI_MLC_PA_SVM,0.35,2,0.23809523809523808,0.8235294117647058,0.07669467877504775,170,0.7619047619047619,544,0.45774647887323944,65,142,0.19117647058823528,0.892156862745098,0.7156862745098039,0.7689075630252098,0.799331319186256,0.80306905370844,0.09103641456582623,0.2226890756302521,0.20196078431372522,0.1861046502803887,0.18478948381596683,0.6322055137844611,65,0.38235294117647056,170,0.14154411764705882,0.8584558823529411,0.5485218696272985,0.6169154228855721,714
emotions,GSI_MLC_PA_SVM,0.35,3,0.24119241192411925,0.8536585365853658,0.09599328643865956,178,0.7588075880758808,560,0.4827586206896552,70,145,0.18604336043360428,0.8983739837398375,0.6883468834688348,0.7444444444444446,0.7816093927869714,0.8110831234256927,0.09485094850948517,0.2113821138211383,0.19349593495934958,0.18991342397235855,0.18383376609921454,0.5040965143581743,70,0.39325842696629215,178,0.13392857142857142,0.8660714285714286,0.6163211382113821,0.6696035242290749,738
emotions,GSI_MLC_PA_SVM,0.35,4,0.24583333333333332,0.8583333333333333,0.08745075096953983,177,0.7541666666666667,543,0.5102040816326531,75,147,0.18604166666666666,0.9,0.7027777777777778,0.7677777777777777,0.8012664527187644,0.8208955223880597,0.10416666666666663,0.23125000000000012,0.21333333333333326,0.2184242129503463,0.20271370420624157,0.4957694763729246,75,0.423728813559322,177,0.13259668508287292,0.8674033149171271,0.5464277180406213,0.6470588235294118,720
emotions,GSI_MLC_PA_SVM,0.35,5,0.22629969418960244,0.8073394495412844,0.09632678912100055,148,0.7737003058103975,506,0.47619047619047616,70,147,0.19694189602446485,0.882262996941896,0.6957186544342508,0.7599388379204892,0.7887670785064476,0.8060453400503779,0.10703363914373087,0.2354740061162081,0.2162079510703363,0.2210479261890017,0.19804534005037788,0.48742722655766135,70,0.47297297297297297,148,0.15217391304347827,0.8478260869565217,0.6085971147352222,0.6637554585152838,654
emotions,GSI_MLC_PA_SVM,0.40,1,0.12704918032786885,0.5491803278688525,0.09713223452028678,93,0.8729508196721312,639,0.27702702702702703,41,148,0.1969945355191257,0.8538251366120219,0.5990437158469945,0.6622950819672131,0.7017667903253687,0.7291139240506329,0.05601092896174864,0.12499999999999989,0.11939890710382506,0.12624436055802124,0.11453059071729954,0.3751803751803752,41,0.44086021505376344,93,0.1674491392801252,0.8325508607198748,0.6055948188926913,0.6468646864686468,732
emotions,GSI_MLC_PA_SVM,0.40,2,0.1638655462184874,0.6638655462184874,0.07669467877504775,117,0.8361344537815126,597,0.3380281690140845,48,142,0.19719887955182078,0.8683473389355743,0.6470588235294117,0.7131652661064424,0.7524174435786425,0.7564766839378239,0.0672268907563025,0.15406162464985984,0.1462184873949578,0.13919077467277519,0.13819711404535073,0.6066550116550117,48,0.41025641025641024,117,0.1574539363484087,0.8425460636515913,0.5527495477005882,0.6209677419354839,714
emotions,GSI_MLC_PA_SVM,0.40,3,0.15989159891598917,0.7154471544715447,0.09599328643865956,118,0.8401084010840109,620,0.3586206896551724,52,145,0.18997289972899736,0.8739837398373984,0.6205962059620596,0.6875338753387534,0.7214704710752731,0.7596899224806202,0.07046070460704612,0.1436314363143631,0.13658536585365844,0.12977450226066023,0.13244056515414204,0.5392276422764227,52,0.4406779661016949,118,0.15,0.85,0.6038432467003895,0.6618181818181819,738
emotions,GSI_MLC_PA_SVM,0.40,4,0.14722222222222223,0.6583333333333333,0.08745075096953983,106,0.8527777777777777,614,0.30612244897959184,45,147,0.20055555555555551,0.8583333333333334,0.5958333333333333,0.67,0.7138333676818845,0.7397959183673469,0.0625,0.12430555555555561,0.11555555555555563,0.13099112791346645,0.12161410018552876,0.5248886104149262,45,0.42452830188679247,106,0.16612377850162866,0.8338762214983714,0.5318638897939973,0.6222222222222222,720
emotions,GSI_MLC_PA_SVM,0.40,5,0.1559633027522936,0.6513761467889908,0.09632678912100055,102,0.8440366972477065,552,0.3469387755102041,51,147,0.20917431192660552,0.8532110091743119,0.6307339449541285,0.7003058103975536,0.7240135150837873,0.7538461538461538,0.07798165137614677,0.17048929663608575,0.15657492354740066,0.15629436276634145,0.14584615384615385,0.4683372183372183,51,0.5,102,0.17391304347826086,0.8260869565217391,0.6015335716249117,0.6470588235294118,654
emotions,GSI_MLC_PA_SVM,0.50,1,0.0,0.0,0.09713223452028678,0,1.0,732,0.0,0,148,0.20218579234972678,0.7978142076502732,0.47404371584699456,0.542896174863388,0.5755224297673475,0.6145833333333334,0.0,0.0,0.0,0.0,0.0,,0,,0,0.20218579234972678,0.7978142076502732,0.5755224297673475,0.6145833333333334,732
emotions,GSI_MLC_PA_SVM,0.50,2,0.0,0.0,0.07669467877504775,0,1.0,714,0.0,0,142,0.19887955182072828,0.8011204481792717,0.49299719887955185,0.5669467787114846,0.6132266689058673,0.6182795698924731,0.0,0.0,0.0,0.0,0.0,,0,,0,0.19887955182072828,0.8011204481792717,0.6132266689058673,0.6182795698924731,714
emotions,GSI_MLC_PA_SVM,0.50,3,0.0,0.0,0.09599328643865956,0,1.0,738,0.0,0,145,0.19647696476964768,0.8035230352303523,0.47696476964769646,0.550948509485095,0.5916959688146128,0.6272493573264781,0.0,0.0,0.0,0.0,0.0,,0,,0,0.19647696476964768,0.8035230352303523,0.5916959688146128,0.6272493573264781,738
emotions,GSI_MLC_PA_SVM,0.50,4,0.0,0.0,0.08745075096953983,0,1.0,720,0.0,0,147,0.20416666666666666,0.7958333333333334,0.4715277777777777,0.5544444444444444,0.5828422397684181,0.6181818181818182,0.0,0.0,0.0,0.0,0.0,,0,,0,0.20416666666666666,0.7958333333333334,0.5828422397684181,0.6181818181818182,720
emotions,GSI_MLC_PA_SVM,0.50,5,0.0,0.0,0.09632678912100055,0,1.0,654,0.0,0,147,0.22477064220183487,0.7752293577981652,0.46024464831804274,0.5437308868501529,0.5677191523174459,0.608,0.0,0.0,0.0,0.0,0.0,,0,,0,0.22477064220183487,0.7752293577981652,0.5677191523174459,0.608,654
