Dataset,Model,Cost,Fold,Group,DL Coverage,DL Full Instance Jaccard,DL Full Macro Precision,DL Full Macro Recall,DL Full Macro-F1,DL Label Count,IL Coverage,IL Full Instance Jaccard,IL Full Macro Precision,IL Full Macro Recall,IL Full Macro-F1,IL Label Count
emotions,GSI_MLC_PA_MLP,,1,DL,1.0,0.7213114754098361,0.6792452830188679,0.6792452830188679,0.6792452830188679,1,,,,,,
emotions,GSI_MLC_PA_MLP,,1,IL,,,,,,,1.0,0.44125683060109294,0.6725214881736621,0.4787935078337554,0.5484333291018691,5
emotions,GSI_MLC_PA_MLP,,2,DL,,,,,,0,,,,,,
emotions,GSI_MLC_PA_MLP,,2,IL,,,,,,,1.0,0.4355742296918767,0.7199987377112479,0.5285929638016752,0.6071122527958552,6
emotions,GSI_MLC_PA_MLP,,3,DL,,,,,,0,,,,,,
emotions,GSI_MLC_PA_MLP,,3,IL,,,,,,,1.0,0.49457994579945797,0.6685986425021513,0.5927447432193117,0.6081808807748529,6
emotions,GSI_MLC_PA_MLP,,4,DL,,,,,,0,,,,,,
emotions,GSI_MLC_PA_MLP,,4,IL,,,,,,,1.0,0.45972222222222225,0.7482695767632247,0.5244533195903018,0.5983474177263791,6
emotions,GSI_MLC_PA_MLP,,5,DL,,,,,,0,,,,,,
emotions,GSI_MLC_PA_MLP,,5,IL,,,,,,,1.0,0.49311926605504586,0.7632586688602828,0.5579640462606758,0.6316610154755695,6
emotions,GSI_MLC_PA_MLP,0.20,1,DL,0.4016393442622951,0.7213114754098361,0.6792452830188679,0.6792452830188679,0.6792452830188679,1,,,,,,
emotions,GSI_MLC_PA_MLP,0.20,1,IL,,,,,,,0.5360655737704918,0.44125683060109294,0.6725214881736621,0.4787935078337554,0.5484333291018691,5
emotions,GSI_MLC_PA_MLP,0.20,2,DL,,,,,,0,,,,,,
emotions,GSI_MLC_PA_MLP,0.20,2,IL,,,,,,,0.49019607843137253,0.4355742296918767,0.7199987377112479,0.5285929638016752,0.6071122527958552,6
emotions,GSI_MLC_PA_MLP,0.20,3,DL,,,,,,0,,,,,,
emotions,GSI_MLC_PA_MLP,0.20,3,IL,,,,,,,0.524390243902439,0.49457994579945797,0.6685986425021513,0.5927447432193117,0.6081808807748529,6
emotions,GSI_MLC_PA_MLP,0.20,4,DL,,,,,,0,,,,,,
emotions,GSI_MLC_PA_MLP,0.20,4,IL,,,,,,,0.4638888888888889,0.45972222222222225,0.7482695767632247,0.5244533195903018,0.5983474177263791,6
emotions,GSI_MLC_PA_MLP,0.20,5,DL,,,,,,0,,,,,,
emotions,GSI_MLC_PA_MLP,0.20,5,IL,,,,,,,0.5091743119266054,0.49311926605504586,0.7632586688602828,0.5579640462606758,0.6316610154755695,6
emotions,GSI_MLC_PA_MLP,0.25,1,DL,0.45901639344262296,0.7213114754098361,0.6792452830188679,0.6792452830188679,0.6792452830188679,1,,,,,,
emotions,GSI_MLC_PA_MLP,0.25,1,IL,,,,,,,0.6344262295081967,0.44125683060109294,0.6725214881736621,0.4787935078337554,0.5484333291018691,5
emotions,GSI_MLC_PA_MLP,0.25,2,DL,,,,,,0,,,,,,
emotions,GSI_MLC_PA_MLP,0.25,2,IL,,,,,,,0.5826330532212886,0.4355742296918767,0.7199987377112479,0.5285929638016752,0.6071122527958552,6
emotions,GSI_MLC_PA_MLP,0.25,3,DL,,,,,,0,,,,,,
emotions,GSI_MLC_PA_MLP,0.25,3,IL,,,,,,,0.6287262872628726,0.49457994579945797,0.6685986425021513,0.5927447432193117,0.6081808807748529,6
emotions,GSI_MLC_PA_MLP,0.25,4,DL,,,,,,0,,,,,,
emotions,GSI_MLC_PA_MLP,0.25,4,IL,,,,,,,0.5736111111111111,0.45972222222222225,0.7482695767632247,0.5244533195903018,0.5983474177263791,6
emotions,GSI_MLC_PA_MLP,0.25,5,DL,,,,,,0,,,,,,
emotions,GSI_MLC_PA_MLP,0.25,5,IL,,,,,,,0.6131498470948012,0.49311926605504586,0.7632586688602828,0.5579640462606758,0.6316610154755695,6
emotions,GSI_MLC_PA_MLP,0.30,1,DL,0.5819672131147541,0.7213114754098361,0.6792452830188679,0.6792452830188679,0.6792452830188679,1,,,,,,
emotions,GSI_MLC_PA_MLP,0.30,1,IL,,,,,,,0.7508196721311475,0.44125683060109294,0.6725214881736621,0.4787935078337554,0.5484333291018691,5
emotions,GSI_MLC_PA_MLP,0.30,2,DL,,,,,,0,,,,,,
emotions,GSI_MLC_PA_MLP,0.30,2,IL,,,,,,,0.6764705882352942,0.4355742296918767,0.7199987377112479,0.5285929638016752,0.6071122527958552,6
emotions,GSI_MLC_PA_MLP,0.30,3,DL,,,,,,0,,,,,,
emotions,GSI_MLC_PA_MLP,0.30,3,IL,,,,,,,0.7249322493224932,0.49457994579945797,0.6685986425021513,0.5927447432193117,0.6081808807748529,6
emotions,GSI_MLC_PA_MLP,0.30,4,DL,,,,,,0,,,,,,
emotions,GSI_MLC_PA_MLP,0.30,4,IL,,,,,,,0.6722222222222223,0.45972222222222225,0.7482695767632247,0.5244533195903018,0.5983474177263791,6
emotions,GSI_MLC_PA_MLP,0.30,5,DL,,,,,,0,,,,,,
emotions,GSI_MLC_PA_MLP,0.30,5,IL,,,,,,,0.6896024464831805,0.49311926605504586,0.7632586688602828,0.5579640462606758,0.6316610154755695,6
emotions,GSI_MLC_PA_MLP,0.35,1,DL,0.6885245901639344,0.7213114754098361,0.6792452830188679,0.6792452830188679,0.6792452830188679,1,,,,,,
emotions,GSI_MLC_PA_MLP,0.35,1,IL,,,,,,,0.819672131147541,0.44125683060109294,0.6725214881736621,0.4787935078337554,0.5484333291018691,5
emotions,GSI_MLC_PA_MLP,0.35,2,DL,,,,,,0,,,,,,
emotions,GSI_MLC_PA_MLP,0.35,2,IL,,,,,,,0.7689075630252101,0.4355742296918767,0.7199987377112479,0.5285929638016752,0.6071122527958552,6
emotions,GSI_MLC_PA_MLP,0.35,3,DL,,,,,,0,,,,,,
emotions,GSI_MLC_PA_MLP,0.35,3,IL,,,,,,,0.7899728997289973,0.49457994579945797,0.6685986425021513,0.5927447432193117,0.6081808807748529,6
emotions,GSI_MLC_PA_MLP,0.35,4,DL,,,,,,0,,,,,,
emotions,GSI_MLC_PA_MLP,0.35,4,IL,,,,,,,0.7666666666666667,0.45972222222222225,0.7482695767632247,0.5244533195903018,0.5983474177263791,6
emotions,GSI_MLC_PA_MLP,0.35,5,DL,,,,,,0,,,,,,
emotions,GSI_MLC_PA_MLP,0.35,5,IL,,,,,,,0.7737003058103975,0.49311926605504586,0.7632586688602828,0.5579640462606758,0.6316610154755695,6
emotions,GSI_MLC_PA_MLP,0.40,1,DL,0.7786885245901639,0.7213114754098361,0.6792452830188679,0.6792452830188679,0.6792452830188679,1,,,,,,
emotions,GSI_MLC_PA_MLP,0.40,1,IL,,,,,,,0.8803278688524591,0.44125683060109294,0.6725214881736621,0.4787935078337554,0.5484333291018691,5
emotions,GSI_MLC_PA_MLP,0.40,2,DL,,,,,,0,,,,,,
emotions,GSI_MLC_PA_MLP,0.40,2,IL,,,,,,,0.84593837535014,0.4355742296918767,0.7199987377112479,0.5285929638016752,0.6071122527958552,6
emotions,GSI_MLC_PA_MLP,0.40,3,DL,,,,,,0,,,,,,
emotions,GSI_MLC_PA_MLP,0.40,3,IL,,,,,,,0.8685636856368564,0.49457994579945797,0.6685986425021513,0.5927447432193117,0.6081808807748529,6
emotions,GSI_MLC_PA_MLP,0.40,4,DL,,,,,,0,,,,,,
emotions,GSI_MLC_PA_MLP,0.40,4,IL,,,,,,,0.8430555555555556,0.45972222222222225,0.7482695767632247,0.5244533195903018,0.5983474177263791,6
emotions,GSI_MLC_PA_MLP,0.40,5,DL,,,,,,0,,,,,,
emotions,GSI_MLC_PA_MLP,0.40,5,IL,,,,,,,0.8547400611620795,0.49311926605504586,0.7632586688602828,0.5579640462606758,0.6316610154755695,6
emotions,GSI_MLC_PA_MLP,0.50,1,DL,1.0,0.7213114754098361,0.6792452830188679,0.6792452830188679,0.6792452830188679,1,,,,,,
emotions,GSI_MLC_PA_MLP,0.50,1,IL,,,,,,,1.0,0.44125683060109294,0.6725214881736621,0.4787935078337554,0.5484333291018691,5
emotions,GSI_MLC_PA_MLP,0.50,2,DL,,,,,,0,,,,,,
emotions,GSI_MLC_PA_MLP,0.50,2,IL,,,,,,,1.0,0.4355742296918767,0.7199987377112479,0.5285929638016752,0.6071122527958552,6
emotions,GSI_MLC_PA_MLP,0.50,3,DL,,,,,,0,,,,,,
emotions,GSI_MLC_PA_MLP,0.50,3,IL,,,,,,,1.0,0.49457994579945797,0.6685986425021513,0.5927447432193117,0.6081808807748529,6
emotions,GSI_MLC_PA_MLP,0.50,4,DL,,,,,,0,,,,,,
emotions,GSI_MLC_PA_MLP,0.50,4,IL,,,,,,,1.0,0.45972222222222225,0.7482695767632247,0.5244533195903018,0.5983474177263791,6
emotions,GSI_MLC_PA_MLP,0.50,5,DL,,,,,,0,,,,,,
emotions,GSI_MLC_PA_MLP,0.50,5,IL,,,,,,,1.0,0.49311926605504586,0.7632586688602828,0.5579640462606758,0.6316610154755695,6
music,GSI_MLC_PA_MLP,,1,DL,1.0,0.7815126050420168,0.7,0.4117647058823529,0.5185185185185185,1,,,,,,
music,GSI_MLC_PA_MLP,,1,IL,,,,,,,1.0,0.5014005602240896,0.7389042519722082,0.5424476074030612,0.6080685852773481,5
music,GSI_MLC_PA_MLP,,2,DL,1.0,0.5811965811965812,0.6053571428571429,0.4819897084048027,0.5362242199894236,2,,,,,,
music,GSI_MLC_PA_MLP,,2,IL,,,,,,,1.0,0.49002849002848997,0.6144240521142144,0.4790998217468806,0.5217783978687245,4
music,GSI_MLC_PA_MLP,,3,DL,,,,,,0,,,,,,
music,GSI_MLC_PA_MLP,,3,IL,,,,,,,1.0,0.490819209039548,0.7040431193657,0.5579764878176,0.6137898585146785,6
music,GSI_MLC_PA_MLP,,4,DL,1.0,0.5840336134453782,0.6681034482758621,0.507563025210084,0.5759698275862069,2,,,,,,
music,GSI_MLC_PA_MLP,,4,IL,,,,,,,1.0,0.5700280112044818,0.7357560568086884,0.637343426705821,0.6633623281608501,4
music,GSI_MLC_PA_MLP,,5,DL,1.0,0.7226890756302521,0.6862745098039216,0.6730769230769231,0.6796116504854369,1,,,,,,
music,GSI_MLC_PA_MLP,,5,IL,,,,,,,1.0,0.4775910364145658,0.7350522026992615,0.5510594668489406,0.6231236136317806,5
music,GSI_MLC_PA_MLP,0.20,1,DL,0.4789915966386555,0.7815126050420168,0.7,0.4117647058823529,0.5185185185185185,1,,,,,,
music,GSI_MLC_PA_MLP,0.20,1,IL,,,,,,,0.46050420168067224,0.5014005602240896,0.7389042519722082,0.5424476074030612,0.6080685852773481,5
music,GSI_MLC_PA_MLP,0.20,2,DL,0.47435897435897434,0.5811965811965812,0.6053571428571429,0.4819897084048027,0.5362242199894236,2,,,,,,
music,GSI_MLC_PA_MLP,0.20,2,IL,,,,,,,0.5876068376068376,0.49002849002848997,0.6144240521142144,0.4790998217468806,0.5217783978687245,4
music,GSI_MLC_PA_MLP,0.20,3,DL,,,,,,0,,,,,,
music,GSI_MLC_PA_MLP,0.20,3,IL,,,,,,,0.4759887005649718,0.490819209039548,0.7040431193657,0.5579764878176,0.6137898585146785,6
music,GSI_MLC_PA_MLP,0.20,4,DL,0.5504201680672269,0.5840336134453782,0.6681034482758621,0.507563025210084,0.5759698275862069,2,,,,,,
music,GSI_MLC_PA_MLP,0.20,4,IL,,,,,,,0.4684873949579832,0.5700280112044818,0.7357560568086884,0.637343426705821,0.6633623281608501,4
music,GSI_MLC_PA_MLP,0.20,5,DL,0.37815126050420167,0.7226890756302521,0.6862745098039216,0.6730769230769231,0.6796116504854369,1,,,,,,
music,GSI_MLC_PA_MLP,0.20,5,IL,,,,,,,0.5462184873949579,0.4775910364145658,0.7350522026992615,0.5510594668489406,0.6231236136317806,5
music,GSI_MLC_PA_MLP,0.25,1,DL,0.6050420168067226,0.7815126050420168,0.7,0.4117647058823529,0.5185185185185185,1,,,,,,
music,GSI_MLC_PA_MLP,0.25,1,IL,,,,,,,0.5563025210084034,0.5014005602240896,0.7389042519722082,0.5424476074030612,0.6080685852773481,5
music,GSI_MLC_PA_MLP,0.25,2,DL,0.5982905982905983,0.5811965811965812,0.6053571428571429,0.4819897084048027,0.5362242199894236,2,,,,,,
music,GSI_MLC_PA_MLP,0.25,2,IL,,,,,,,0.6666666666666666,0.49002849002848997,0.6144240521142144,0.4790998217468806,0.5217783978687245,4
music,GSI_MLC_PA_MLP,0.25,3,DL,,,,,,0,,,,,,
music,GSI_MLC_PA_MLP,0.25,3,IL,,,,,,,0.594632768361582,0.490819209039548,0.7040431193657,0.5579764878176,0.6137898585146785,6
music,GSI_MLC_PA_MLP,0.25,4,DL,0.6470588235294118,0.5840336134453782,0.6681034482758621,0.507563025210084,0.5759698275862069,2,,,,,,
music,GSI_MLC_PA_MLP,0.25,4,IL,,,,,,,0.5336134453781513,0.5700280112044818,0.7357560568086884,0.637343426705821,0.6633623281608501,4
music,GSI_MLC_PA_MLP,0.25,5,DL,0.4789915966386555,0.7226890756302521,0.6862745098039216,0.6730769230769231,0.6796116504854369,1,,,,,,
music,GSI_MLC_PA_MLP,0.25,5,IL,,,,,,,0.6235294117647059,0.4775910364145658,0.7350522026992615,0.5510594668489406,0.6231236136317806,5
music,GSI_MLC_PA_MLP,0.30,1,DL,0.6974789915966386,0.7815126050420168,0.7,0.4117647058823529,0.5185185185185185,1,,,,,,
music,GSI_MLC_PA_MLP,0.30,1,IL,,,,,,,0.6386554621848739,0.5014005602240896,0.7389042519722082,0.5424476074030612,0.6080685852773481,5
music,GSI_MLC_PA_MLP,0.30,2,DL,0.7094017094017094,0.5811965811965812,0.6053571428571429,0.4819897084048027,0.5362242199894236,2,,,,,,
music,GSI_MLC_PA_MLP,0.30,2,IL,,,,,,,0.7371794871794872,0.49002849002848997,0.6144240521142144,0.4790998217468806,0.5217783978687245,4
music,GSI_MLC_PA_MLP,0.30,3,DL,,,,,,0,,,,,,
music,GSI_MLC_PA_MLP,0.30,3,IL,,,,,,,0.6680790960451978,0.490819209039548,0.7040431193657,0.5579764878176,0.6137898585146785,6
music,GSI_MLC_PA_MLP,0.30,4,DL,0.726890756302521,0.5840336134453782,0.6681034482758621,0.507563025210084,0.5759698275862069,2,,,,,,
music,GSI_MLC_PA_MLP,0.30,4,IL,,,,,,,0.6218487394957983,0.5700280112044818,0.7357560568086884,0.637343426705821,0.6633623281608501,4
music,GSI_MLC_PA_MLP,0.30,5,DL,0.5966386554621849,0.7226890756302521,0.6862745098039216,0.6730769230769231,0.6796116504854369,1,,,,,,
music,GSI_MLC_PA_MLP,0.30,5,IL,,,,,,,0.7159663865546219,0.4775910364145658,0.7350522026992615,0.5510594668489406,0.6231236136317806,5
music,GSI_MLC_PA_MLP,0.35,1,DL,0.7226890756302521,0.7815126050420168,0.7,0.4117647058823529,0.5185185185185185,1,,,,,,
music,GSI_MLC_PA_MLP,0.35,1,IL,,,,,,,0.7310924369747899,0.5014005602240896,0.7389042519722082,0.5424476074030612,0.6080685852773481,5
music,GSI_MLC_PA_MLP,0.35,2,DL,0.7777777777777778,0.5811965811965812,0.6053571428571429,0.4819897084048027,0.5362242199894236,2,,,,,,
music,GSI_MLC_PA_MLP,0.35,2,IL,,,,,,,0.7905982905982906,0.49002849002848997,0.6144240521142144,0.4790998217468806,0.5217783978687245,4
music,GSI_MLC_PA_MLP,0.35,3,DL,,,,,,0,,,,,,
music,GSI_MLC_PA_MLP,0.35,3,IL,,,,,,,0.7429378531073446,0.490819209039548,0.7040431193657,0.5579764878176,0.6137898585146785,6
music,GSI_MLC_PA_MLP,0.35,4,DL,0.773109243697479,0.5840336134453782,0.6681034482758621,0.507563025210084,0.5759698275862069,2,,,,,,
music,GSI_MLC_PA_MLP,0.35,4,IL,,,,,,,0.7163865546218487,0.5700280112044818,0.7357560568086884,0.637343426705821,0.6633623281608501,4
music,GSI_MLC_PA_MLP,0.35,5,DL,0.7058823529411765,0.7226890756302521,0.6862745098039216,0.6730769230769231,0.6796116504854369,1,,,,,,
music,GSI_MLC_PA_MLP,0.35,5,IL,,,,,,,0.7680672268907563,0.4775910364145658,0.7350522026992615,0.5510594668489406,0.6231236136317806,5
music,GSI_MLC_PA_MLP,0.40,1,DL,0.8151260504201681,0.7815126050420168,0.7,0.4117647058823529,0.5185185185185185,1,,,,,,
music,GSI_MLC_PA_MLP,0.40,1,IL,,,,,,,0.8319327731092437,0.5014005602240896,0.7389042519722082,0.5424476074030612,0.6080685852773481,5
music,GSI_MLC_PA_MLP,0.40,2,DL,0.8461538461538461,0.5811965811965812,0.6053571428571429,0.4819897084048027,0.5362242199894236,2,,,,,,
music,GSI_MLC_PA_MLP,0.40,2,IL,,,,,,,0.8696581196581197,0.49002849002848997,0.6144240521142144,0.4790998217468806,0.5217783978687245,4
music,GSI_MLC_PA_MLP,0.40,3,DL,,,,,,0,,,,,,
music,GSI_MLC_PA_MLP,0.40,3,IL,,,,,,,0.8333333333333334,0.490819209039548,0.7040431193657,0.5579764878176,0.6137898585146785,6
music,GSI_MLC_PA_MLP,0.40,4,DL,0.8613445378151261,0.5840336134453782,0.6681034482758621,0.507563025210084,0.5759698275862069,2,,,,,,
music,GSI_MLC_PA_MLP,0.40,4,IL,,,,,,,0.8046218487394958,0.5700280112044818,0.7357560568086884,0.637343426705821,0.6633623281608501,4
music,GSI_MLC_PA_MLP,0.40,5,DL,0.8151260504201681,0.7226890756302521,0.6862745098039216,0.6730769230769231,0.6796116504854369,1,,,,,,
music,GSI_MLC_PA_MLP,0.40,5,IL,,,,,,,0.8621848739495799,0.4775910364145658,0.7350522026992615,0.5510594668489406,0.6231236136317806,5
music,GSI_MLC_PA_MLP,0.50,1,DL,1.0,0.7815126050420168,0.7,0.4117647058823529,0.5185185185185185,1,,,,,,
music,GSI_MLC_PA_MLP,0.50,1,IL,,,,,,,1.0,0.5014005602240896,0.7389042519722082,0.5424476074030612,0.6080685852773481,5
music,GSI_MLC_PA_MLP,0.50,2,DL,1.0,0.5811965811965812,0.6053571428571429,0.4819897084048027,0.5362242199894236,2,,,,,,
music,GSI_MLC_PA_MLP,0.50,2,IL,,,,,,,1.0,0.49002849002848997,0.6144240521142144,0.4790998217468806,0.5217783978687245,4
music,GSI_MLC_PA_MLP,0.50,3,DL,,,,,,0,,,,,,
music,GSI_MLC_PA_MLP,0.50,3,IL,,,,,,,1.0,0.490819209039548,0.7040431193657,0.5579764878176,0.6137898585146785,6
music,GSI_MLC_PA_MLP,0.50,4,DL,1.0,0.5840336134453782,0.6681034482758621,0.507563025210084,0.5759698275862069,2,,,,,,
music,GSI_MLC_PA_MLP,0.50,4,IL,,,,,,,1.0,0.5700280112044818,0.7357560568086884,0.637343426705821,0.6633623281608501,4
music,GSI_MLC_PA_MLP,0.50,5,DL,1.0,0.7226890756302521,0.6862745098039216,0.6730769230769231,0.6796116504854369,1,,,,,,
music,GSI_MLC_PA_MLP,0.50,5,IL,,,,,,,1.0,0.4775910364145658,0.7350522026992615,0.5510594668489406,0.6231236136317806,5
scene,GSI_MLC_PA_MLP,,1,DL,,,,,,0,,,,,,
scene,GSI_MLC_PA_MLP,,1,IL,,,,,,,1.0,0.5904662491301321,0.7957731483904511,0.6133070517614396,0.6871304257486567,6
scene,GSI_MLC_PA_MLP,,2,DL,,,,,,0,,,,,,
scene,GSI_MLC_PA_MLP,,2,IL,,,,,,,1.0,0.612273361227336,0.8092841946476997,0.636328445863993,0.7064324915965349,6
scene,GSI_MLC_PA_MLP,,3,DL,,,,,,0,,,,,,
scene,GSI_MLC_PA_MLP,,3,IL,,,,,,,1.0,0.5601092896174863,0.7747689631169626,0.6039517994530637,0.6742904464500427,6
scene,GSI_MLC_PA_MLP,,4,DL,,,,,,0,,,,,,
scene,GSI_MLC_PA_MLP,,4,IL,,,,,,,1.0,0.5637560637560637,0.7659543560708277,0.6040274360740087,0.6694922701505418,6
scene,GSI_MLC_PA_MLP,,5,DL,,,,,,0,,,,,,
scene,GSI_MLC_PA_MLP,,5,IL,,,,,,,1.0,0.6108801108801108,0.7838942716301207,0.6416669692841032,0.7019012387798975,6
scene,GSI_MLC_PA_MLP,0.20,1,DL,,,,,,0,,,,,,
scene,GSI_MLC_PA_MLP,0.20,1,IL,,,,,,,0.8117606123869172,0.5904662491301321,0.7957731483904511,0.6133070517614396,0.6871304257486567,6
scene,GSI_MLC_PA_MLP,0.20,2,DL,,,,,,0,,,,,,
scene,GSI_MLC_PA_MLP,0.20,2,IL,,,,,,,0.810320781032078,0.612273361227336,0.8092841946476997,0.636328445863993,0.7064324915965349,6
scene,GSI_MLC_PA_MLP,0.20,3,DL,,,,,,0,,,,,,
scene,GSI_MLC_PA_MLP,0.20,3,IL,,,,,,,0.8022540983606558,0.5601092896174863,0.7747689631169626,0.6039517994530637,0.6742904464500427,6
scene,GSI_MLC_PA_MLP,0.20,4,DL,,,,,,0,,,,,,
scene,GSI_MLC_PA_MLP,0.20,4,IL,,,,,,,0.8167013167013167,0.5637560637560637,0.7659543560708277,0.6040274360740087,0.6694922701505418,6
scene,GSI_MLC_PA_MLP,0.20,5,DL,,,,,,0,,,,,,
scene,GSI_MLC_PA_MLP,0.20,5,IL,,,,,,,0.8087318087318087,0.6108801108801108,0.7838942716301207,0.6416669692841032,0.7019012387798975,6
scene,GSI_MLC_PA_MLP,0.25,1,DL,,,,,,0,,,,,,
scene,GSI_MLC_PA_MLP,0.25,1,IL,,,,,,,0.8566457898399443,0.5904662491301321,0.7957731483904511,0.6133070517614396,0.6871304257486567,6
scene,GSI_MLC_PA_MLP,0.25,2,DL,,,,,,0,,,,,,
scene,GSI_MLC_PA_MLP,0.25,2,IL,,,,,,,0.8584379358437936,0.612273361227336,0.8092841946476997,0.636328445863993,0.7064324915965349,6
scene,GSI_MLC_PA_MLP,0.25,3,DL,,,,,,0,,,,,,
scene,GSI_MLC_PA_MLP,0.25,3,IL,,,,,,,0.8483606557377049,0.5601092896174863,0.7747689631169626,0.6039517994530637,0.6742904464500427,6
scene,GSI_MLC_PA_MLP,0.25,4,DL,,,,,,0,,,,,,
scene,GSI_MLC_PA_MLP,0.25,4,IL,,,,,,,0.86001386001386,0.5637560637560637,0.7659543560708277,0.6040274360740087,0.6694922701505418,6
scene,GSI_MLC_PA_MLP,0.25,5,DL,,,,,,0,,,,,,
scene,GSI_MLC_PA_MLP,0.25,5,IL,,,,,,,0.8478863478863479,0.6108801108801108,0.7838942716301207,0.6416669692841032,0.7019012387798975,6
scene,GSI_MLC_PA_MLP,0.30,1,DL,,,,,,0,,,,,,
scene,GSI_MLC_PA_MLP,0.30,1,IL,,,,,,,0.8858733472512178,0.5904662491301321,0.7957731483904511,0.6133070517614396,0.6871304257486567,6
scene,GSI_MLC_PA_MLP,0.30,2,DL,,,,,,0,,,,,,
scene,GSI_MLC_PA_MLP,0.30,2,IL,,,,,,,0.897489539748954,0.612273361227336,0.8092841946476997,0.636328445863993,0.7064324915965349,6
scene,GSI_MLC_PA_MLP,0.30,3,DL,,,,,,0,,,,,,
scene,GSI_MLC_PA_MLP,0.30,3,IL,,,,,,,0.8845628415300546,0.5601092896174863,0.7747689631169626,0.6039517994530637,0.6742904464500427,6
scene,GSI_MLC_PA_MLP,0.30,4,DL,,,,,,0,,,,,,
scene,GSI_MLC_PA_MLP,0.30,4,IL,,,,,,,0.8943173943173943,0.5637560637560637,0.7659543560708277,0.6040274360740087,0.6694922701505418,6
scene,GSI_MLC_PA_MLP,0.30,5,DL,,,,,,0,,,,,,
scene,GSI_MLC_PA_MLP,0.30,5,IL,,,,,,,0.8866943866943867,0.6108801108801108,0.7838942716301207,0.6416669692841032,0.7019012387798975,6
scene,GSI_MLC_PA_MLP,0.35,1,DL,,,,,,0,,,,,,
scene,GSI_MLC_PA_MLP,0.35,1,IL,,,,,,,0.9175365344467641,0.5904662491301321,0.7957731483904511,0.6133070517614396,0.6871304257486567,6
scene,GSI_MLC_PA_MLP,0.35,2,DL,,,,,,0,,,,,,
scene,GSI_MLC_PA_MLP,0.35,2,IL,,,,,,,0.9229428172942817,0.612273361227336,0.8092841946476997,0.636328445863993,0.7064324915965349,6
scene,GSI_MLC_PA_MLP,0.35,3,DL,,,,,,0,,,,,,
scene,GSI_MLC_PA_MLP,0.35,3,IL,,,,,,,0.9139344262295082,0.5601092896174863,0.7747689631169626,0.6039517994530637,0.6742904464500427,6
scene,GSI_MLC_PA_MLP,0.35,4,DL,,,,,,0,,,,,,
scene,GSI_MLC_PA_MLP,0.35,4,IL,,,,,,,0.9255024255024255,0.5637560637560637,0.7659543560708277,0.6040274360740087,0.6694922701505418,6
scene,GSI_MLC_PA_MLP,0.35,5,DL,,,,,,0,,,,,,
scene,GSI_MLC_PA_MLP,0.35,5,IL,,,,,,,0.9151074151074151,0.6108801108801108,0.7838942716301207,0.6416669692841032,0.7019012387798975,6
scene,GSI_MLC_PA_MLP,0.40,1,DL,,,,,,0,,,,,,
scene,GSI_MLC_PA_MLP,0.40,1,IL,,,,,,,0.9460681976339597,0.5904662491301321,0.7957731483904511,0.6133070517614396,0.6871304257486567,6
scene,GSI_MLC_PA_MLP,0.40,2,DL,,,,,,0,,,,,,
scene,GSI_MLC_PA_MLP,0.40,2,IL,,,,,,,0.954323570432357,0.612273361227336,0.8092841946476997,0.636328445863993,0.7064324915965349,6
scene,GSI_MLC_PA_MLP,0.40,3,DL,,,,,,0,,,,,,
scene,GSI_MLC_PA_MLP,0.40,3,IL,,,,,,,0.9426229508196722,0.5601092896174863,0.7747689631169626,0.6039517994530637,0.6742904464500427,6
scene,GSI_MLC_PA_MLP,0.40,4,DL,,,,,,0,,,,,,
scene,GSI_MLC_PA_MLP,0.40,4,IL,,,,,,,0.9532224532224532,0.5637560637560637,0.7659543560708277,0.6040274360740087,0.6694922701505418,6
scene,GSI_MLC_PA_MLP,0.40,5,DL,,,,,,0,,,,,,
scene,GSI_MLC_PA_MLP,0.40,5,IL,,,,,,,0.9476784476784477,0.6108801108801108,0.7838942716301207,0.6416669692841032,0.7019012387798975,6
scene,GSI_MLC_PA_MLP,0.50,1,DL,,,,,,0,,,,,,
scene,GSI_MLC_PA_MLP,0.50,1,IL,,,,,,,1.0,0.5904662491301321,0.7957731483904511,0.6133070517614396,0.6871304257486567,6
scene,GSI_MLC_PA_MLP,0.50,2,DL,,,,,,0,,,,,,
scene,GSI_MLC_PA_MLP,0.50,2,IL,,,,,,,1.0,0.612273361227336,0.8092841946476997,0.636328445863993,0.7064324915965349,6
scene,GSI_MLC_PA_MLP,0.50,3,DL,,,,,,0,,,,,,
scene,GSI_MLC_PA_MLP,0.50,3,IL,,,,,,,1.0,0.5601092896174863,0.7747689631169626,0.6039517994530637,0.6742904464500427,6
scene,GSI_MLC_PA_MLP,0.50,4,DL,,,,,,0,,,,,,
scene,GSI_MLC_PA_MLP,0.50,4,IL,,,,,,,1.0,0.5637560637560637,0.7659543560708277,0.6040274360740087,0.6694922701505418,6
scene,GSI_MLC_PA_MLP,0.50,5,DL,,,,,,0,,,,,,
scene,GSI_MLC_PA_MLP,0.50,5,IL,,,,,,,1.0,0.6108801108801108,0.7838942716301207,0.6416669692841032,0.7019012387798975,6
yeast,GSI_MLC_PA_MLP,,1,DL,1.0,0.4807339224349534,0.40669542766483796,0.32624528861487784,0.34249843032983895,14,,,,,,
yeast,GSI_MLC_PA_MLP,,1,IL,,,,,,,,,,,,0
yeast,GSI_MLC_PA_MLP,,2,DL,1.0,0.5603141875306824,0.45783652010456133,0.3946439034555248,0.38038219415802627,9,,,,,,
yeast,GSI_MLC_PA_MLP,,2,IL,,,,,,,1.0,0.31408934707903774,0.559230129616043,0.21688439458001577,0.2838640068359618,5
yeast,GSI_MLC_PA_MLP,,3,DL,1.0,0.5259630072391579,0.4079849289454261,0.33142108991849684,0.3290102793195466,12,,,,,,
yeast,GSI_MLC_PA_MLP,,3,IL,,,,,,,1.0,0.5972803347280334,0.7501286670097786,0.386437908496732,0.5089454976303318,2
yeast,GSI_MLC_PA_MLP,,4,DL,1.0,0.5022467562405322,0.4189313124772686,0.3336311698115946,0.3358455388328113,13,,,,,,
yeast,GSI_MLC_PA_MLP,,4,IL,,,,,,,1.0,0.7780082987551867,0.7534246575342466,0.3819444444444444,0.5069124423963134,1
yeast,GSI_MLC_PA_MLP,,5,DL,1.0,0.524647990613083,0.48502205137855603,0.4206248986085089,0.423164265915306,10,,,,,,
yeast,GSI_MLC_PA_MLP,,5,IL,,,,,,,1.0,0.4893908281998631,0.57515625,0.18473318713450293,0.23931399482870072,4
yeast,GSI_MLC_PA_MLP,0.20,1,DL,0.5480117820324006,0.4807339224349534,0.40669542766483796,0.32624528861487784,0.34249843032983895,14,,,,,,
yeast,GSI_MLC_PA_MLP,0.20,1,IL,,,,,,,,,,,,0
yeast,GSI_MLC_PA_MLP,0.20,2,DL,0.5445589919816723,0.5603141875306824,0.45783652010456133,0.3946439034555248,0.38038219415802627,9,,,,,,
yeast,GSI_MLC_PA_MLP,0.20,2,IL,,,,,,,0.5344329896907216,0.31408934707903774,0.559230129616043,0.21688439458001577,0.2838640068359618,5
yeast,GSI_MLC_PA_MLP,0.20,3,DL,0.5972803347280334,0.5259630072391579,0.4079849289454261,0.33142108991849684,0.3290102793195466,12,,,,,,
yeast,GSI_MLC_PA_MLP,0.20,3,IL,,,,,,,0.41527196652719667,0.5972803347280334,0.7501286670097786,0.386437908496732,0.5089454976303318,2
yeast,GSI_MLC_PA_MLP,0.20,4,DL,0.6011809766996489,0.5022467562405322,0.4189313124772686,0.3336311698115946,0.3358455388328113,13,,,,,,
yeast,GSI_MLC_PA_MLP,0.20,4,IL,,,,,,,0.4004149377593361,0.7780082987551867,0.7534246575342466,0.3819444444444444,0.5069124423963134,1
yeast,GSI_MLC_PA_MLP,0.20,5,DL,0.5227926078028747,0.524647990613083,0.48502205137855603,0.4206248986085089,0.423164265915306,10,,,,,,
yeast,GSI_MLC_PA_MLP,0.20,5,IL,,,,,,,0.6658110882956879,0.4893908281998631,0.57515625,0.18473318713450293,0.23931399482870072,4
yeast,GSI_MLC_PA_MLP,0.25,1,DL,0.643298969072165,0.4807339224349534,0.40669542766483796,0.32624528861487784,0.34249843032983895,14,,,,,,
yeast,GSI_MLC_PA_MLP,0.25,1,IL,,,,,,,,,,,,0
yeast,GSI_MLC_PA_MLP,0.25,2,DL,0.6350515463917525,0.5603141875306824,0.45783652010456133,0.3946439034555248,0.38038219415802627,9,,,,,,
yeast,GSI_MLC_PA_MLP,0.25,2,IL,,,,,,,0.6503092783505154,0.31408934707903774,0.559230129616043,0.21688439458001577,0.2838640068359618,5
yeast,GSI_MLC_PA_MLP,0.25,3,DL,0.6785216178521618,0.5259630072391579,0.4079849289454261,0.33142108991849684,0.3290102793195466,12,,,,,,
yeast,GSI_MLC_PA_MLP,0.25,3,IL,,,,,,,0.5575313807531381,0.5972803347280334,0.7501286670097786,0.386437908496732,0.5089454976303318,2
yeast,GSI_MLC_PA_MLP,0.25,4,DL,0.6895946377274178,0.5022467562405322,0.4189313124772686,0.3336311698115946,0.3358455388328113,13,,,,,,
yeast,GSI_MLC_PA_MLP,0.25,4,IL,,,,,,,0.549792531120332,0.7780082987551867,0.7534246575342466,0.3819444444444444,0.5069124423963134,1
yeast,GSI_MLC_PA_MLP,0.25,5,DL,0.6215605749486653,0.524647990613083,0.48502205137855603,0.4206248986085089,0.423164265915306,10,,,,,,
yeast,GSI_MLC_PA_MLP,0.25,5,IL,,,,,,,0.7592402464065708,0.4893908281998631,0.57515625,0.18473318713450293,0.23931399482870072,4
yeast,GSI_MLC_PA_MLP,0.30,1,DL,0.7304860088365243,0.4807339224349534,0.40669542766483796,0.32624528861487784,0.34249843032983895,14,,,,,,
yeast,GSI_MLC_PA_MLP,0.30,1,IL,,,,,,,,,,,,0
yeast,GSI_MLC_PA_MLP,0.30,2,DL,0.7289805269186712,0.5603141875306824,0.45783652010456133,0.3946439034555248,0.38038219415802627,9,,,,,,
yeast,GSI_MLC_PA_MLP,0.30,2,IL,,,,,,,0.7451546391752577,0.31408934707903774,0.559230129616043,0.21688439458001577,0.2838640068359618,5
yeast,GSI_MLC_PA_MLP,0.30,3,DL,0.7644700139470014,0.5259630072391579,0.4079849289454261,0.33142108991849684,0.3290102793195466,12,,,,,,
yeast,GSI_MLC_PA_MLP,0.30,3,IL,,,,,,,0.6851464435146444,0.5972803347280334,0.7501286670097786,0.386437908496732,0.5089454976303318,2
yeast,GSI_MLC_PA_MLP,0.30,4,DL,0.7630067028407277,0.5022467562405322,0.4189313124772686,0.3336311698115946,0.3358455388328113,13,,,,,,
yeast,GSI_MLC_PA_MLP,0.30,4,IL,,,,,,,0.6784232365145229,0.7780082987551867,0.7534246575342466,0.3819444444444444,0.5069124423963134,1
yeast,GSI_MLC_PA_MLP,0.30,5,DL,0.7195071868583163,0.524647990613083,0.48502205137855603,0.4206248986085089,0.423164265915306,10,,,,,,
yeast,GSI_MLC_PA_MLP,0.30,5,IL,,,,,,,0.8280287474332649,0.4893908281998631,0.57515625,0.18473318713450293,0.23931399482870072,4
yeast,GSI_MLC_PA_MLP,0.35,1,DL,0.8054491899852725,0.4807339224349534,0.40669542766483796,0.32624528861487784,0.34249843032983895,14,,,,,,
yeast,GSI_MLC_PA_MLP,0.35,1,IL,,,,,,,,,,,,0
yeast,GSI_MLC_PA_MLP,0.35,2,DL,0.818098510882016,0.5603141875306824,0.45783652010456133,0.3946439034555248,0.38038219415802627,9,,,,,,
yeast,GSI_MLC_PA_MLP,0.35,2,IL,,,,,,,0.8206185567010309,0.31408934707903774,0.559230129616043,0.21688439458001577,0.2838640068359618,5
yeast,GSI_MLC_PA_MLP,0.35,3,DL,0.8439679218967922,0.5259630072391579,0.4079849289454261,0.33142108991849684,0.3290102793195466,12,,,,,,
yeast,GSI_MLC_PA_MLP,0.35,3,IL,,,,,,,0.7782426778242678,0.5972803347280334,0.7501286670097786,0.386437908496732,0.5089454976303318,2
yeast,GSI_MLC_PA_MLP,0.35,4,DL,0.8388126396425152,0.5022467562405322,0.4189313124772686,0.3336311698115946,0.3358455388328113,13,,,,,,
yeast,GSI_MLC_PA_MLP,0.35,4,IL,,,,,,,0.7821576763485477,0.7780082987551867,0.7534246575342466,0.3819444444444444,0.5069124423963134,1
yeast,GSI_MLC_PA_MLP,0.35,5,DL,0.8098562628336755,0.524647990613083,0.48502205137855603,0.4206248986085089,0.423164265915306,10,,,,,,
yeast,GSI_MLC_PA_MLP,0.35,5,IL,,,,,,,0.8798767967145791,0.4893908281998631,0.57515625,0.18473318713450293,0.23931399482870072,4
yeast,GSI_MLC_PA_MLP,0.40,1,DL,0.8829160530191458,0.4807339224349534,0.40669542766483796,0.32624528861487784,0.34249843032983895,14,,,,,,
yeast,GSI_MLC_PA_MLP,0.40,1,IL,,,,,,,,,,,,0
yeast,GSI_MLC_PA_MLP,0.40,2,DL,0.8982817869415808,0.5603141875306824,0.45783652010456133,0.3946439034555248,0.38038219415802627,9,,,,,,
yeast,GSI_MLC_PA_MLP,0.40,2,IL,,,,,,,0.8857731958762887,0.31408934707903774,0.559230129616043,0.21688439458001577,0.2838640068359618,5
yeast,GSI_MLC_PA_MLP,0.40,3,DL,0.9035913528591353,0.5259630072391579,0.4079849289454261,0.33142108991849684,0.3290102793195466,12,,,,,,
yeast,GSI_MLC_PA_MLP,0.40,3,IL,,,,,,,0.852510460251046,0.5972803347280334,0.7501286670097786,0.386437908496732,0.5089454976303318,2
yeast,GSI_MLC_PA_MLP,0.40,4,DL,0.9074369613788701,0.5022467562405322,0.4189313124772686,0.3336311698115946,0.3358455388328113,13,,,,,,
yeast,GSI_MLC_PA_MLP,0.40,4,IL,,,,,,,0.8734439834024896,0.7780082987551867,0.7534246575342466,0.3819444444444444,0.5069124423963134,1
yeast,GSI_MLC_PA_MLP,0.40,5,DL,0.8854209445585216,0.524647990613083,0.48502205137855603,0.4206248986085089,0.423164265915306,10,,,,,,
yeast,GSI_MLC_PA_MLP,0.40,5,IL,,,,,,,0.9296714579055442,0.4893908281998631,0.57515625,0.18473318713450293,0.23931399482870072,4
yeast,GSI_MLC_PA_MLP,0.50,1,DL,1.0,0.4807339224349534,0.40669542766483796,0.32624528861487784,0.34249843032983895,14,,,,,,
yeast,GSI_MLC_PA_MLP,0.50,1,IL,,,,,,,,,,,,0
yeast,GSI_MLC_PA_MLP,0.50,2,DL,1.0,0.5603141875306824,0.45783652010456133,0.3946439034555248,0.38038219415802627,9,,,,,,
yeast,GSI_MLC_PA_MLP,0.50,2,IL,,,,,,,1.0,0.31408934707903774,0.559230129616043,0.21688439458001577,0.2838640068359618,5
yeast,GSI_MLC_PA_MLP,0.50,3,DL,1.0,0.5259630072391579,0.4079849289454261,0.33142108991849684,0.3290102793195466,12,,,,,,
yeast,GSI_MLC_PA_MLP,0.50,3,IL,,,,,,,1.0,0.5972803347280334,0.7501286670097786,0.386437908496732,0.5089454976303318,2
yeast,GSI_MLC_PA_MLP,0.50,4,DL,1.0,0.5022467562405322,0.4189313124772686,0.3336311698115946,0.3358455388328113,13,,,,,,
yeast,GSI_MLC_PA_MLP,0.50,4,IL,,,,,,,1.0,0.7780082987551867,0.7534246575342466,0.3819444444444444,0.5069124423963134,1
yeast,GSI_MLC_PA_MLP,0.50,5,DL,1.0,0.524647990613083,0.48502205137855603,0.4206248986085089,0.423164265915306,10,,,,,,
yeast,GSI_MLC_PA_MLP,0.50,5,IL,,,,,,,1.0,0.4893908281998631,0.57515625,0.18473318713450293,0.23931399482870072,4
genbase,GSI_MLC_PA_MLP,,1,DL,1.0,0.6378446115288221,0.5185185185185185,0.31571979219038043,0.3667411302772508,27,,,,,,
genbase,GSI_MLC_PA_MLP,,1,IL,,,,,,,,,,,,0
genbase,GSI_MLC_PA_MLP,,2,DL,1.0,0.6251262626262626,0.4444444444444444,0.3066566512644944,0.34810564163505336,27,,,,,,
genbase,GSI_MLC_PA_MLP,,2,IL,,,,,,,,,,,,0
genbase,GSI_MLC_PA_MLP,,3,DL,1.0,0.6630050505050505,0.47530864197530864,0.3080857414190748,0.3471083434368459,27,,,,,,
genbase,GSI_MLC_PA_MLP,,3,IL,,,,,,,,,,,,0
genbase,GSI_MLC_PA_MLP,,4,DL,1.0,0.6079545454545454,0.48148148148148145,0.2842509523882073,0.33392267029212824,27,,,,,,
genbase,GSI_MLC_PA_MLP,,4,IL,,,,,,,,,,,,0
genbase,GSI_MLC_PA_MLP,,5,DL,1.0,0.6152882205513784,0.5185185185185185,0.31966370593821575,0.37622646961573986,27,,,,,,
genbase,GSI_MLC_PA_MLP,,5,IL,,,,,,,,,,,,0
genbase,GSI_MLC_PA_MLP,0.20,1,DL,0.9610136452241715,0.6378446115288221,0.5185185185185185,0.31571979219038043,0.3667411302772508,27,,,,,,
genbase,GSI_MLC_PA_MLP,0.20,1,IL,,,,,,,,,,,,0
genbase,GSI_MLC_PA_MLP,0.20,2,DL,0.9590347923681257,0.6251262626262626,0.4444444444444444,0.3066566512644944,0.34810564163505336,27,,,,,,
genbase,GSI_MLC_PA_MLP,0.20,2,IL,,,,,,,,,,,,0
genbase,GSI_MLC_PA_MLP,0.20,3,DL,0.9590347923681257,0.6630050505050505,0.47530864197530864,0.3080857414190748,0.3471083434368459,27,,,,,,
genbase,GSI_MLC_PA_MLP,0.20,3,IL,,,,,,,,,,,,0
genbase,GSI_MLC_PA_MLP,0.20,4,DL,0.9618406285072951,0.6079545454545454,0.48148148148148145,0.2842509523882073,0.33392267029212824,27,,,,,,
genbase,GSI_MLC_PA_MLP,0.20,4,IL,,,,,,,,,,,,0
genbase,GSI_MLC_PA_MLP,0.20,5,DL,0.961292119186856,0.6152882205513784,0.5185185185185185,0.31966370593821575,0.37622646961573986,27,,,,,,
genbase,GSI_MLC_PA_MLP,0.20,5,IL,,,,,,,,,,,,0
genbase,GSI_MLC_PA_MLP,0.25,1,DL,0.9632414369256475,0.6378446115288221,0.5185185185185185,0.31571979219038043,0.3667411302772508,27,,,,,,
genbase,GSI_MLC_PA_MLP,0.25,1,IL,,,,,,,,,,,,0
genbase,GSI_MLC_PA_MLP,0.25,2,DL,0.9621212121212122,0.6251262626262626,0.4444444444444444,0.3066566512644944,0.34810564163505336,27,,,,,,
genbase,GSI_MLC_PA_MLP,0.25,2,IL,,,,,,,,,,,,0
genbase,GSI_MLC_PA_MLP,0.25,3,DL,0.9654882154882155,0.6630050505050505,0.47530864197530864,0.3080857414190748,0.3471083434368459,27,,,,,,
genbase,GSI_MLC_PA_MLP,0.25,3,IL,,,,,,,,,,,,0
genbase,GSI_MLC_PA_MLP,0.25,4,DL,0.9646464646464646,0.6079545454545454,0.48148148148148145,0.2842509523882073,0.33392267029212824,27,,,,,,
genbase,GSI_MLC_PA_MLP,0.25,4,IL,,,,,,,,,,,,0
genbase,GSI_MLC_PA_MLP,0.25,5,DL,0.9646338067390698,0.6152882205513784,0.5185185185185185,0.31966370593821575,0.37622646961573986,27,,,,,,
genbase,GSI_MLC_PA_MLP,0.25,5,IL,,,,,,,,,,,,0
genbase,GSI_MLC_PA_MLP,0.30,1,DL,0.9732664995822891,0.6378446115288221,0.5185185185185185,0.31571979219038043,0.3667411302772508,27,,,,,,
genbase,GSI_MLC_PA_MLP,0.30,1,IL,,,,,,,,,,,,0
genbase,GSI_MLC_PA_MLP,0.30,2,DL,0.9750280583613917,0.6251262626262626,0.4444444444444444,0.3066566512644944,0.34810564163505336,27,,,,,,
genbase,GSI_MLC_PA_MLP,0.30,2,IL,,,,,,,,,,,,0
genbase,GSI_MLC_PA_MLP,0.30,3,DL,0.9755892255892256,0.6630050505050505,0.47530864197530864,0.3080857414190748,0.3471083434368459,27,,,,,,
genbase,GSI_MLC_PA_MLP,0.30,3,IL,,,,,,,,,,,,0
genbase,GSI_MLC_PA_MLP,0.30,4,DL,0.9722222222222222,0.6079545454545454,0.48148148148148145,0.2842509523882073,0.33392267029212824,27,,,,,,
genbase,GSI_MLC_PA_MLP,0.30,4,IL,,,,,,,,,,,,0
genbase,GSI_MLC_PA_MLP,0.30,5,DL,0.976051239209134,0.6152882205513784,0.5185185185185185,0.31966370593821575,0.37622646961573986,27,,,,,,
genbase,GSI_MLC_PA_MLP,0.30,5,IL,,,,,,,,,,,,0
genbase,GSI_MLC_PA_MLP,0.35,1,DL,0.9799498746867168,0.6378446115288221,0.5185185185185185,0.31571979219038043,0.3667411302772508,27,,,,,,
genbase,GSI_MLC_PA_MLP,0.35,1,IL,,,,,,,,,,,,0
genbase,GSI_MLC_PA_MLP,0.35,2,DL,0.9820426487093153,0.6251262626262626,0.4444444444444444,0.3066566512644944,0.34810564163505336,27,,,,,,
genbase,GSI_MLC_PA_MLP,0.35,2,IL,,,,,,,,,,,,0
genbase,GSI_MLC_PA_MLP,0.35,3,DL,0.9831649831649831,0.6630050505050505,0.47530864197530864,0.3080857414190748,0.3471083434368459,27,,,,,,
genbase,GSI_MLC_PA_MLP,0.35,3,IL,,,,,,,,,,,,0
genbase,GSI_MLC_PA_MLP,0.35,4,DL,0.9795173961840629,0.6079545454545454,0.48148148148148145,0.2842509523882073,0.33392267029212824,27,,,,,,
genbase,GSI_MLC_PA_MLP,0.35,4,IL,,,,,,,,,,,,0
genbase,GSI_MLC_PA_MLP,0.35,5,DL,0.9835700362016151,0.6152882205513784,0.5185185185185185,0.31966370593821575,0.37622646961573986,27,,,,,,
genbase,GSI_MLC_PA_MLP,0.35,5,IL,,,,,,,,,,,,0
genbase,GSI_MLC_PA_MLP,0.40,1,DL,0.9849624060150376,0.6378446115288221,0.5185185185185185,0.31571979219038043,0.3667411302772508,27,,,,,,
genbase,GSI_MLC_PA_MLP,0.40,1,IL,,,,,,,,,,,,0
genbase,GSI_MLC_PA_MLP,0.40,2,DL,0.9876543209876543,0.6251262626262626,0.4444444444444444,0.3066566512644944,0.34810564163505336,27,,,,,,
genbase,GSI_MLC_PA_MLP,0.40,2,IL,,,,,,,,,,,,0
genbase,GSI_MLC_PA_MLP,0.40,3,DL,0.9865319865319865,0.6630050505050505,0.47530864197530864,0.3080857414190748,0.3471083434368459,27,,,,,,
genbase,GSI_MLC_PA_MLP,0.40,3,IL,,,,,,,,,,,,0
genbase,GSI_MLC_PA_MLP,0.40,4,DL,0.9854096520763187,0.6079545454545454,0.48148148148148145,0.2842509523882073,0.33392267029212824,27,,,,,,
genbase,GSI_MLC_PA_MLP,0.40,4,IL,,,,,,,,,,,,0
genbase,GSI_MLC_PA_MLP,0.40,5,DL,0.9910888331940964,0.6152882205513784,0.5185185185185185,0.31966370593821575,0.37622646961573986,27,,,,,,
genbase,GSI_MLC_PA_MLP,0.40,5,IL,,,,,,,,,,,,0
genbase,GSI_MLC_PA_MLP,0.50,1,DL,1.0,0.6378446115288221,0.5185185185185185,0.31571979219038043,0.3667411302772508,27,,,,,,
genbase,GSI_MLC_PA_MLP,0.50,1,IL,,,,,,,,,,,,0
genbase,GSI_MLC_PA_MLP,0.50,2,DL,1.0,0.6251262626262626,0.4444444444444444,0.3066566512644944,0.34810564163505336,27,,,,,,
genbase,GSI_MLC_PA_MLP,0.50,2,IL,,,,,,,,,,,,0
genbase,GSI_MLC_PA_MLP,0.50,3,DL,1.0,0.6630050505050505,0.47530864197530864,0.3080857414190748,0.3471083434368459,27,,,,,,
genbase,GSI_MLC_PA_MLP,0.50,3,IL,,,,,,,,,,,,0
genbase,GSI_MLC_PA_MLP,0.50,4,DL,1.0,0.6079545454545454,0.48148148148148145,0.2842509523882073,0.33392267029212824,27,,,,,,
genbase,GSI_MLC_PA_MLP,0.50,4,IL,,,,,,,,,,,,0
genbase,GSI_MLC_PA_MLP,0.50,5,DL,1.0,0.6152882205513784,0.5185185185185185,0.31966370593821575,0.37622646961573986,27,,,,,,
genbase,GSI_MLC_PA_MLP,0.50,5,IL,,,,,,,,,,,,0
medical,GSI_MLC_PA_MLP,,1,DL,1.0,0.5034722222222222,0.17362012987012987,0.07794642857142857,0.10337109575012801,40,,,,,,
medical,GSI_MLC_PA_MLP,,1,IL,,,,,,,1.0,0.7109375,0.48421926910299007,0.22861952861952864,0.29491813220133417,5
medical,GSI_MLC_PA_MLP,,2,DL,1.0,0.38299663299663306,0.17244673890636622,0.09790377849750286,0.11741353797601745,44,,,,,,
medical,GSI_MLC_PA_MLP,,2,IL,,,,,,,1.0,0.898989898989899,0.8888888888888888,0.2962962962962963,0.4444444444444444,1
medical,GSI_MLC_PA_MLP,,3,DL,1.0,0.3837606837606838,0.2288388121466457,0.09529639981091799,0.1227602044969231,43,,,,,,
medical,GSI_MLC_PA_MLP,,3,IL,,,,,,,1.0,0.9692307692307692,0.0,0.0,0.0,2
medical,GSI_MLC_PA_MLP,,4,DL,1.0,0.5783828382838284,0.2328769077164456,0.10723084503572308,0.14038322111492843,41,,,,,,
medical,GSI_MLC_PA_MLP,,4,IL,,,,,,,1.0,0.7821782178217822,0.5566553544494721,0.3255840071877808,0.38814102564102565,4
medical,GSI_MLC_PA_MLP,,5,DL,1.0,0.5549738219895288,0.2006651884700665,0.049825783972125434,0.07508065556846044,41,,,,,,
medical,GSI_MLC_PA_MLP,,5,IL,,,,,,,1.0,0.693717277486911,0.8065055031446541,0.5404923043868901,0.6353610226251736,4
medical,GSI_MLC_PA_MLP,0.20,1,DL,0.9864583333333333,0.5034722222222222,0.17362012987012987,0.07794642857142857,0.10337109575012801,40,,,,,,
medical,GSI_MLC_PA_MLP,0.20,1,IL,,,,,,,0.8635416666666667,0.7109375,0.48421926910299007,0.22861952861952864,0.29491813220133417,5
medical,GSI_MLC_PA_MLP,0.20,2,DL,0.9776170798898072,0.38299663299663306,0.17244673890636622,0.09790377849750286,0.11741353797601745,44,,,,,,
medical,GSI_MLC_PA_MLP,0.20,2,IL,,,,,,,0.8181818181818182,0.898989898989899,0.8888888888888888,0.2962962962962963,0.4444444444444444,1
medical,GSI_MLC_PA_MLP,0.20,3,DL,0.9763864042933811,0.3837606837606838,0.2288388121466457,0.09529639981091799,0.1227602044969231,43,,,,,,
medical,GSI_MLC_PA_MLP,0.20,3,IL,,,,,,,1.0,0.9692307692307692,0.0,0.0,0.0,2
medical,GSI_MLC_PA_MLP,0.20,4,DL,0.986597440231828,0.5783828382838284,0.2328769077164456,0.10723084503572308,0.14038322111492843,41,,,,,,
medical,GSI_MLC_PA_MLP,0.20,4,IL,,,,,,,0.8279702970297029,0.7821782178217822,0.5566553544494721,0.3255840071877808,0.38814102564102565,4
medical,GSI_MLC_PA_MLP,0.20,5,DL,0.9915719576043928,0.5549738219895288,0.2006651884700665,0.049825783972125434,0.07508065556846044,41,,,,,,
medical,GSI_MLC_PA_MLP,0.20,5,IL,,,,,,,0.7801047120418848,0.693717277486911,0.8065055031446541,0.5404923043868901,0.6353610226251736,4
medical,GSI_MLC_PA_MLP,0.25,1,DL,0.9899739583333333,0.5034722222222222,0.17362012987012987,0.07794642857142857,0.10337109575012801,40,,,,,,
medical,GSI_MLC_PA_MLP,0.25,1,IL,,,,,,,0.8854166666666666,0.7109375,0.48421926910299007,0.22861952861952864,0.29491813220133417,5
medical,GSI_MLC_PA_MLP,0.25,2,DL,0.9828971533516988,0.38299663299663306,0.17244673890636622,0.09790377849750286,0.11741353797601745,44,,,,,,
medical,GSI_MLC_PA_MLP,0.25,2,IL,,,,,,,0.8535353535353535,0.898989898989899,0.8888888888888888,0.2962962962962963,0.4444444444444444,1
medical,GSI_MLC_PA_MLP,0.25,3,DL,0.9798449612403101,0.3837606837606838,0.2288388121466457,0.09529639981091799,0.1227602044969231,43,,,,,,
medical,GSI_MLC_PA_MLP,0.25,3,IL,,,,,,,1.0,0.9692307692307692,0.0,0.0,0.0,2
medical,GSI_MLC_PA_MLP,0.25,4,DL,0.9886500845206472,0.5783828382838284,0.2328769077164456,0.10723084503572308,0.14038322111492843,41,,,,,,
medical,GSI_MLC_PA_MLP,0.25,4,IL,,,,,,,0.8589108910891089,0.7821782178217822,0.5566553544494721,0.3255840071877808,0.38814102564102565,4
medical,GSI_MLC_PA_MLP,0.25,5,DL,0.993359724173158,0.5549738219895288,0.2006651884700665,0.049825783972125434,0.07508065556846044,41,,,,,,
medical,GSI_MLC_PA_MLP,0.25,5,IL,,,,,,,0.8154450261780105,0.693717277486911,0.8065055031446541,0.5404923043868901,0.6353610226251736,4
medical,GSI_MLC_PA_MLP,0.30,1,DL,0.9921875,0.5034722222222222,0.17362012987012987,0.07794642857142857,0.10337109575012801,40,,,,,,
medical,GSI_MLC_PA_MLP,0.30,1,IL,,,,,,,0.9041666666666667,0.7109375,0.48421926910299007,0.22861952861952864,0.29491813220133417,5
medical,GSI_MLC_PA_MLP,0.30,2,DL,0.9867998163452709,0.38299663299663306,0.17244673890636622,0.09790377849750286,0.11741353797601745,44,,,,,,
medical,GSI_MLC_PA_MLP,0.30,2,IL,,,,,,,0.8888888888888888,0.898989898989899,0.8888888888888888,0.2962962962962963,0.4444444444444444,1
medical,GSI_MLC_PA_MLP,0.30,3,DL,0.9836612999403697,0.3837606837606838,0.2288388121466457,0.09529639981091799,0.1227602044969231,43,,,,,,
medical,GSI_MLC_PA_MLP,0.30,3,IL,,,,,,,1.0,0.9692307692307692,0.0,0.0,0.0,2
medical,GSI_MLC_PA_MLP,0.30,4,DL,0.9916686790630282,0.5783828382838284,0.2328769077164456,0.10723084503572308,0.14038322111492843,41,,,,,,
medical,GSI_MLC_PA_MLP,0.30,4,IL,,,,,,,0.8898514851485149,0.7821782178217822,0.5566553544494721,0.3255840071877808,0.38814102564102565,4
medical,GSI_MLC_PA_MLP,0.30,5,DL,0.9947643979057592,0.5549738219895288,0.2006651884700665,0.049825783972125434,0.07508065556846044,41,,,,,,
medical,GSI_MLC_PA_MLP,0.30,5,IL,,,,,,,0.8534031413612565,0.693717277486911,0.8065055031446541,0.5404923043868901,0.6353610226251736,4
medical,GSI_MLC_PA_MLP,0.35,1,DL,0.99375,0.5034722222222222,0.17362012987012987,0.07794642857142857,0.10337109575012801,40,,,,,,
medical,GSI_MLC_PA_MLP,0.35,1,IL,,,,,,,0.9229166666666667,0.7109375,0.48421926910299007,0.22861952861952864,0.29491813220133417,5
medical,GSI_MLC_PA_MLP,0.35,2,DL,0.9900137741046832,0.38299663299663306,0.17244673890636622,0.09790377849750286,0.11741353797601745,44,,,,,,
medical,GSI_MLC_PA_MLP,0.35,2,IL,,,,,,,0.9040404040404041,0.898989898989899,0.8888888888888888,0.2962962962962963,0.4444444444444444,1
medical,GSI_MLC_PA_MLP,0.35,3,DL,0.9879546809779368,0.3837606837606838,0.2288388121466457,0.09529639981091799,0.1227602044969231,43,,,,,,
medical,GSI_MLC_PA_MLP,0.35,3,IL,,,,,,,1.0,0.9692307692307692,0.0,0.0,0.0,2
medical,GSI_MLC_PA_MLP,0.35,4,DL,0.9938420671335426,0.5783828382838284,0.2328769077164456,0.10723084503572308,0.14038322111492843,41,,,,,,
medical,GSI_MLC_PA_MLP,0.35,4,IL,,,,,,,0.905940594059406,0.7821782178217822,0.5566553544494721,0.3255840071877808,0.38814102564102565,4
medical,GSI_MLC_PA_MLP,0.35,5,DL,0.9959136764142511,0.5549738219895288,0.2006651884700665,0.049825783972125434,0.07508065556846044,41,,,,,,
medical,GSI_MLC_PA_MLP,0.35,5,IL,,,,,,,0.8965968586387435,0.693717277486911,0.8065055031446541,0.5404923043868901,0.6353610226251736,4
medical,GSI_MLC_PA_MLP,0.40,1,DL,0.99609375,0.5034722222222222,0.17362012987012987,0.07794642857142857,0.10337109575012801,40,,,,,,
medical,GSI_MLC_PA_MLP,0.40,1,IL,,,,,,,0.9479166666666666,0.7109375,0.48421926910299007,0.22861952861952864,0.29491813220133417,5
medical,GSI_MLC_PA_MLP,0.40,2,DL,0.9944903581267218,0.38299663299663306,0.17244673890636622,0.09790377849750286,0.11741353797601745,44,,,,,,
medical,GSI_MLC_PA_MLP,0.40,2,IL,,,,,,,0.9191919191919192,0.898989898989899,0.8888888888888888,0.2962962962962963,0.4444444444444444,1
medical,GSI_MLC_PA_MLP,0.40,3,DL,0.9918902802623732,0.3837606837606838,0.2288388121466457,0.09529639981091799,0.1227602044969231,43,,,,,,
medical,GSI_MLC_PA_MLP,0.40,3,IL,,,,,,,1.0,0.9692307692307692,0.0,0.0,0.0,2
medical,GSI_MLC_PA_MLP,0.40,4,DL,0.9962569427674475,0.5783828382838284,0.2328769077164456,0.10723084503572308,0.14038322111492843,41,,,,,,
medical,GSI_MLC_PA_MLP,0.40,4,IL,,,,,,,0.9405940594059405,0.7821782178217822,0.5566553544494721,0.3255840071877808,0.38814102564102565,4
medical,GSI_MLC_PA_MLP,0.40,5,DL,0.9980845358191802,0.5549738219895288,0.2006651884700665,0.049825783972125434,0.07508065556846044,41,,,,,,
medical,GSI_MLC_PA_MLP,0.40,5,IL,,,,,,,0.9345549738219895,0.693717277486911,0.8065055031446541,0.5404923043868901,0.6353610226251736,4
medical,GSI_MLC_PA_MLP,0.50,1,DL,1.0,0.5034722222222222,0.17362012987012987,0.07794642857142857,0.10337109575012801,40,,,,,,
medical,GSI_MLC_PA_MLP,0.50,1,IL,,,,,,,1.0,0.7109375,0.48421926910299007,0.22861952861952864,0.29491813220133417,5
medical,GSI_MLC_PA_MLP,0.50,2,DL,1.0,0.38299663299663306,0.17244673890636622,0.09790377849750286,0.11741353797601745,44,,,,,,
medical,GSI_MLC_PA_MLP,0.50,2,IL,,,,,,,1.0,0.898989898989899,0.8888888888888888,0.2962962962962963,0.4444444444444444,1
medical,GSI_MLC_PA_MLP,0.50,3,DL,1.0,0.3837606837606838,0.2288388121466457,0.09529639981091799,0.1227602044969231,43,,,,,,
medical,GSI_MLC_PA_MLP,0.50,3,IL,,,,,,,1.0,0.9692307692307692,0.0,0.0,0.0,2
medical,GSI_MLC_PA_MLP,0.50,4,DL,1.0,0.5783828382838284,0.2328769077164456,0.10723084503572308,0.14038322111492843,41,,,,,,
medical,GSI_MLC_PA_MLP,0.50,4,IL,,,,,,,1.0,0.7821782178217822,0.5566553544494721,0.3255840071877808,0.38814102564102565,4
medical,GSI_MLC_PA_MLP,0.50,5,DL,1.0,0.5549738219895288,0.2006651884700665,0.049825783972125434,0.07508065556846044,41,,,,,,
medical,GSI_MLC_PA_MLP,0.50,5,IL,,,,,,,1.0,0.693717277486911,0.8065055031446541,0.5404923043868901,0.6353610226251736,4
cal500,GSI_MLC_PA_MLP,,1,DL,1.0,0.2149598192850172,0.10625078418377183,0.0635969399418109,0.06543288968295102,167,,,,,,
cal500,GSI_MLC_PA_MLP,,1,IL,,,,,,,1.0,0.3877887788778878,0.08345120226308345,0.14285714285714285,0.10535714285714286,7
cal500,GSI_MLC_PA_MLP,,2,DL,1.0,0.2150583243328631,0.10052695493304051,0.0679186947784101,0.06639894866458351,166,,,,,,
cal500,GSI_MLC_PA_MLP,,2,IL,,,,,,,1.0,0.2610561056105611,0.052884615384615384,0.059782608695652176,0.05612244897959184,8
cal500,GSI_MLC_PA_MLP,,3,DL,1.0,0.16695315112205966,0.09501963930157252,0.046452438483863455,0.049968289549937026,166,,,,,,
cal500,GSI_MLC_PA_MLP,,3,IL,,,,,,,1.0,0.49407191448007765,0.24838260046286553,0.3732638888888889,0.2977923816160978,8
cal500,GSI_MLC_PA_MLP,,4,DL,1.0,0.19629776960766235,0.12413009179954727,0.057499304893665656,0.06117534381325634,167,,,,,,
cal500,GSI_MLC_PA_MLP,,4,IL,,,,,,,1.0,0.3825396825396825,0.09523809523809523,0.14285714285714285,0.1142857142857143,7
cal500,GSI_MLC_PA_MLP,,5,DL,1.0,0.2251349163326857,0.11489406433845836,0.07769074201153289,0.08181316817898153,168,,,,,,
cal500,GSI_MLC_PA_MLP,,5,IL,,,,,,,1.0,0.4536082474226804,0.0,0.0,0.0,6
cal500,GSI_MLC_PA_MLP,0.20,1,DL,0.8044109800201577,0.2149598192850172,0.10625078418377183,0.0635969399418109,0.06543288968295102,167,,,,,,
cal500,GSI_MLC_PA_MLP,0.20,1,IL,,,,,,,0.545968882602546,0.3877887788778878,0.08345120226308345,0.14285714285714285,0.10535714285714286,7
cal500,GSI_MLC_PA_MLP,0.20,2,DL,0.8102111415960873,0.2150583243328631,0.10052695493304051,0.0679186947784101,0.06639894866458351,166,,,,,,
cal500,GSI_MLC_PA_MLP,0.20,2,IL,,,,,,,0.5977722772277227,0.2610561056105611,0.052884615384615384,0.059782608695652176,0.05612244897959184,8
cal500,GSI_MLC_PA_MLP,0.20,3,DL,0.8205065158593557,0.16695315112205966,0.09501963930157252,0.046452438483863455,0.049968289549937026,166,,,,,,
cal500,GSI_MLC_PA_MLP,0.20,3,IL,,,,,,,0.33290816326530615,0.49407191448007765,0.24838260046286553,0.3732638888888889,0.2977923816160978,8
cal500,GSI_MLC_PA_MLP,0.20,4,DL,0.81089250071286,0.19629776960766235,0.12413009179954727,0.057499304893665656,0.06117534381325634,167,,,,,,
cal500,GSI_MLC_PA_MLP,0.20,4,IL,,,,,,,0.564625850340136,0.3825396825396825,0.09523809523809523,0.14285714285714285,0.1142857142857143,7
cal500,GSI_MLC_PA_MLP,0.20,5,DL,0.7988463426607757,0.2251349163326857,0.11489406433845836,0.07769074201153289,0.08181316817898153,168,,,,,,
cal500,GSI_MLC_PA_MLP,0.20,5,IL,,,,,,,0.9123711340206185,0.4536082474226804,0.0,0.0,0.0,6
cal500,GSI_MLC_PA_MLP,0.25,1,DL,0.8478686191972491,0.2149598192850172,0.10625078418377183,0.0635969399418109,0.06543288968295102,167,,,,,,
cal500,GSI_MLC_PA_MLP,0.25,1,IL,,,,,,,0.8076379066478077,0.3877887788778878,0.08345120226308345,0.14285714285714285,0.10535714285714286,7
cal500,GSI_MLC_PA_MLP,0.25,2,DL,0.8513062149588453,0.2150583243328631,0.10052695493304051,0.0679186947784101,0.06639894866458351,166,,,,,,
cal500,GSI_MLC_PA_MLP,0.25,2,IL,,,,,,,0.8254950495049505,0.2610561056105611,0.052884615384615384,0.059782608695652176,0.05612244897959184,8
cal500,GSI_MLC_PA_MLP,0.25,3,DL,0.8619375461027785,0.16695315112205966,0.09501963930157252,0.046452438483863455,0.049968289549937026,166,,,,,,
cal500,GSI_MLC_PA_MLP,0.25,3,IL,,,,,,,0.4642857142857143,0.49407191448007765,0.24838260046286553,0.3732638888888889,0.2977923816160978,8
cal500,GSI_MLC_PA_MLP,0.25,4,DL,0.8544625035643,0.19629776960766235,0.12413009179954727,0.057499304893665656,0.06117534381325634,167,,,,,,
cal500,GSI_MLC_PA_MLP,0.25,4,IL,,,,,,,0.6340136054421769,0.3825396825396825,0.09523809523809523,0.14285714285714285,0.1142857142857143,7
cal500,GSI_MLC_PA_MLP,0.25,5,DL,0.8414948453608248,0.2251349163326857,0.11489406433845836,0.07769074201153289,0.08181316817898153,168,,,,,,
cal500,GSI_MLC_PA_MLP,0.25,5,IL,,,,,,,1.0,0.4536082474226804,0.0,0.0,0.0,6
cal500,GSI_MLC_PA_MLP,0.30,1,DL,0.885931108080868,0.2149598192850172,0.10625078418377183,0.0635969399418109,0.06543288968295102,167,,,,,,
cal500,GSI_MLC_PA_MLP,0.30,1,IL,,,,,,,0.8472418670438473,0.3877887788778878,0.08345120226308345,0.14285714285714285,0.10535714285714286,7
cal500,GSI_MLC_PA_MLP,0.30,2,DL,0.8918644876535846,0.2150583243328631,0.10052695493304051,0.0679186947784101,0.06639894866458351,166,,,,,,
cal500,GSI_MLC_PA_MLP,0.30,2,IL,,,,,,,0.8638613861386139,0.2610561056105611,0.052884615384615384,0.059782608695652176,0.05612244897959184,8
cal500,GSI_MLC_PA_MLP,0.30,3,DL,0.8975288910745021,0.16695315112205966,0.09501963930157252,0.046452438483863455,0.049968289549937026,166,,,,,,
cal500,GSI_MLC_PA_MLP,0.30,3,IL,,,,,,,0.5038265306122449,0.49407191448007765,0.24838260046286553,0.3732638888888889,0.2977923816160978,8
cal500,GSI_MLC_PA_MLP,0.30,4,DL,0.8924436840604505,0.19629776960766235,0.12413009179954727,0.057499304893665656,0.06117534381325634,167,,,,,,
cal500,GSI_MLC_PA_MLP,0.30,4,IL,,,,,,,0.8244897959183674,0.3825396825396825,0.09523809523809523,0.14285714285714285,0.1142857142857143,7
cal500,GSI_MLC_PA_MLP,0.30,5,DL,0.8807682866961217,0.2251349163326857,0.11489406433845836,0.07769074201153289,0.08181316817898153,168,,,,,,
cal500,GSI_MLC_PA_MLP,0.30,5,IL,,,,,,,1.0,0.4536082474226804,0.0,0.0,0.0,6
cal500,GSI_MLC_PA_MLP,0.35,1,DL,0.9220371138910298,0.2149598192850172,0.10625078418377183,0.0635969399418109,0.06543288968295102,167,,,,,,
cal500,GSI_MLC_PA_MLP,0.35,1,IL,,,,,,,0.8571428571428571,0.3877887788778878,0.08345120226308345,0.14285714285714285,0.10535714285714286,7
cal500,GSI_MLC_PA_MLP,0.35,2,DL,0.9257425742574258,0.2150583243328631,0.10052695493304051,0.0679186947784101,0.06639894866458351,166,,,,,,
cal500,GSI_MLC_PA_MLP,0.35,2,IL,,,,,,,0.8725247524752475,0.2610561056105611,0.052884615384615384,0.059782608695652176,0.05612244897959184,8
cal500,GSI_MLC_PA_MLP,0.35,3,DL,0.9321367101057291,0.16695315112205966,0.09501963930157252,0.046452438483863455,0.049968289549937026,166,,,,,,
cal500,GSI_MLC_PA_MLP,0.35,3,IL,,,,,,,0.6071428571428571,0.49407191448007765,0.24838260046286553,0.3732638888888889,0.2977923816160978,8
cal500,GSI_MLC_PA_MLP,0.35,4,DL,0.9270031365839749,0.19629776960766235,0.12413009179954727,0.057499304893665656,0.06117534381325634,167,,,,,,
cal500,GSI_MLC_PA_MLP,0.35,4,IL,,,,,,,0.9714285714285714,0.3825396825396825,0.09523809523809523,0.14285714285714285,0.1142857142857143,7
cal500,GSI_MLC_PA_MLP,0.35,5,DL,0.9161757486499754,0.2251349163326857,0.11489406433845836,0.07769074201153289,0.08181316817898153,168,,,,,,
cal500,GSI_MLC_PA_MLP,0.35,5,IL,,,,,,,1.0,0.4536082474226804,0.0,0.0,0.0,6
cal500,GSI_MLC_PA_MLP,0.40,1,DL,0.9538151419932412,0.2149598192850172,0.10625078418377183,0.0635969399418109,0.06543288968295102,167,,,,,,
cal500,GSI_MLC_PA_MLP,0.40,1,IL,,,,,,,0.8585572842998586,0.3877887788778878,0.08345120226308345,0.14285714285714285,0.10535714285714286,7
cal500,GSI_MLC_PA_MLP,0.40,2,DL,0.9546105212930932,0.2150583243328631,0.10052695493304051,0.0679186947784101,0.06639894866458351,166,,,,,,
cal500,GSI_MLC_PA_MLP,0.40,2,IL,,,,,,,0.875,0.2610561056105611,0.052884615384615384,0.059782608695652176,0.05612244897959184,8
cal500,GSI_MLC_PA_MLP,0.40,3,DL,0.959613966068355,0.16695315112205966,0.09501963930157252,0.046452438483863455,0.049968289549937026,166,,,,,,
cal500,GSI_MLC_PA_MLP,0.40,3,IL,,,,,,,0.8443877551020408,0.49407191448007765,0.24838260046286553,0.3732638888888889,0.2977923816160978,8
cal500,GSI_MLC_PA_MLP,0.40,4,DL,0.9535215283718278,0.19629776960766235,0.12413009179954727,0.057499304893665656,0.06117534381325634,167,,,,,,
cal500,GSI_MLC_PA_MLP,0.40,4,IL,,,,,,,1.0,0.3825396825396825,0.09523809523809523,0.14285714285714285,0.1142857142857143,7
cal500,GSI_MLC_PA_MLP,0.40,5,DL,0.9445876288659794,0.2251349163326857,0.11489406433845836,0.07769074201153289,0.08181316817898153,168,,,,,,
cal500,GSI_MLC_PA_MLP,0.40,5,IL,,,,,,,1.0,0.4536082474226804,0.0,0.0,0.0,6
cal500,GSI_MLC_PA_MLP,0.50,1,DL,1.0,0.2149598192850172,0.10625078418377183,0.0635969399418109,0.06543288968295102,167,,,,,,
cal500,GSI_MLC_PA_MLP,0.50,1,IL,,,,,,,1.0,0.3877887788778878,0.08345120226308345,0.14285714285714285,0.10535714285714286,7
cal500,GSI_MLC_PA_MLP,0.50,2,DL,1.0,0.2150583243328631,0.10052695493304051,0.0679186947784101,0.06639894866458351,166,,,,,,
cal500,GSI_MLC_PA_MLP,0.50,2,IL,,,,,,,1.0,0.2610561056105611,0.052884615384615384,0.059782608695652176,0.05612244897959184,8
cal500,GSI_MLC_PA_MLP,0.50,3,DL,1.0,0.16695315112205966,0.09501963930157252,0.046452438483863455,0.049968289549937026,166,,,,,,
cal500,GSI_MLC_PA_MLP,0.50,3,IL,,,,,,,1.0,0.49407191448007765,0.24838260046286553,0.3732638888888889,0.2977923816160978,8
cal500,GSI_MLC_PA_MLP,0.50,4,DL,1.0,0.19629776960766235,0.12413009179954727,0.057499304893665656,0.06117534381325634,167,,,,,,
cal500,GSI_MLC_PA_MLP,0.50,4,IL,,,,,,,1.0,0.3825396825396825,0.09523809523809523,0.14285714285714285,0.1142857142857143,7
cal500,GSI_MLC_PA_MLP,0.50,5,DL,1.0,0.2251349163326857,0.11489406433845836,0.07769074201153289,0.08181316817898153,168,,,,,,
cal500,GSI_MLC_PA_MLP,0.50,5,IL,,,,,,,1.0,0.4536082474226804,0.0,0.0,0.0,6
enron,GSI_MLC_PA_MLP,,1,DL,1.0,0.40704196481812766,0.2658563620285065,0.1487048679785152,0.18129154943904568,49,,,,,,
enron,GSI_MLC_PA_MLP,,1,IL,,,,,,,1.0,0.8081395348837209,0.09090909090909091,0.030303030303030304,0.045454545454545456,4
enron,GSI_MLC_PA_MLP,,2,DL,1.0,0.38646684512069124,0.19719509066768068,0.12965859269341434,0.14721655309099269,52,,,,,,
enron,GSI_MLC_PA_MLP,,2,IL,,,,,,,1.0,0.9408284023668639,0.6666666666666666,0.09523809523809523,0.16666666666666666,1
enron,GSI_MLC_PA_MLP,,3,DL,1.0,0.3449471945124119,0.2162785626327587,0.11285110424092025,0.13960420095762582,50,,,,,,
enron,GSI_MLC_PA_MLP,,3,IL,,,,,,,1.0,0.672463768115942,0.7328767123287672,0.3268864468864469,0.33966150840631304,3
enron,GSI_MLC_PA_MLP,,4,DL,1.0,0.39428377592556707,0.25869757271564564,0.13704648863697638,0.16556498414811396,51,,,,,,
enron,GSI_MLC_PA_MLP,,4,IL,,,,,,,1.0,0.9641791044776119,0.0,0.0,0.0,2
enron,GSI_MLC_PA_MLP,,5,DL,1.0,0.4030905695611578,0.24670814567655802,0.13462082502139375,0.1596480853029517,49,,,,,,
enron,GSI_MLC_PA_MLP,,5,IL,,,,,,,1.0,0.8058823529411765,0.225,0.08142857142857142,0.10185185185185185,4
enron,GSI_MLC_PA_MLP,0.20,1,DL,0.947733744660655,0.40704196481812766,0.2658563620285065,0.1487048679785152,0.18129154943904568,49,,,,,,
enron,GSI_MLC_PA_MLP,0.20,1,IL,,,,,,,0.9723837209302325,0.8081395348837209,0.09090909090909091,0.030303030303030304,0.045454545454545456,4
enron,GSI_MLC_PA_MLP,0.20,2,DL,0.9498748293126992,0.38646684512069124,0.19719509066768068,0.12965859269341434,0.14721655309099269,52,,,,,,
enron,GSI_MLC_PA_MLP,0.20,2,IL,,,,,,,0.9822485207100592,0.9408284023668639,0.6666666666666666,0.09523809523809523,0.16666666666666666,1
enron,GSI_MLC_PA_MLP,0.20,3,DL,0.9560579710144927,0.3449471945124119,0.2162785626327587,0.11285110424092025,0.13960420095762582,50,,,,,,
enron,GSI_MLC_PA_MLP,0.20,3,IL,,,,,,,0.7777777777777778,0.672463768115942,0.7328767123287672,0.3268864468864469,0.33966150840631304,3
enron,GSI_MLC_PA_MLP,0.20,4,DL,0.9500146327187592,0.39428377592556707,0.25869757271564564,0.13704648863697638,0.16556498414811396,51,,,,,,
enron,GSI_MLC_PA_MLP,0.20,4,IL,,,,,,,0.9985074626865672,0.9641791044776119,0.0,0.0,0.0,2
enron,GSI_MLC_PA_MLP,0.20,5,DL,0.9493397358943577,0.4030905695611578,0.24670814567655802,0.13462082502139375,0.1596480853029517,49,,,,,,
enron,GSI_MLC_PA_MLP,0.20,5,IL,,,,,,,0.9647058823529412,0.8058823529411765,0.225,0.08142857142857142,0.10185185185185185,4
enron,GSI_MLC_PA_MLP,0.25,1,DL,0.9574632178452777,0.40704196481812766,0.2658563620285065,0.1487048679785152,0.18129154943904568,49,,,,,,
enron,GSI_MLC_PA_MLP,0.25,1,IL,,,,,,,0.9781976744186046,0.8081395348837209,0.09090909090909091,0.030303030303030304,0.045454545454545456,4
enron,GSI_MLC_PA_MLP,0.25,2,DL,0.9594333181611289,0.38646684512069124,0.19719509066768068,0.12965859269341434,0.14721655309099269,52,,,,,,
enron,GSI_MLC_PA_MLP,0.25,2,IL,,,,,,,0.985207100591716,0.9408284023668639,0.6666666666666666,0.09523809523809523,0.16666666666666666,1
enron,GSI_MLC_PA_MLP,0.25,3,DL,0.9646956521739131,0.3449471945124119,0.2162785626327587,0.11285110424092025,0.13960420095762582,50,,,,,,
enron,GSI_MLC_PA_MLP,0.25,3,IL,,,,,,,0.8183574879227054,0.672463768115942,0.7328767123287672,0.3268864468864469,0.33966150840631304,3
enron,GSI_MLC_PA_MLP,0.25,4,DL,0.9601990049751243,0.39428377592556707,0.25869757271564564,0.13704648863697638,0.16556498414811396,51,,,,,,
enron,GSI_MLC_PA_MLP,0.25,4,IL,,,,,,,1.0,0.9641791044776119,0.0,0.0,0.0,2
enron,GSI_MLC_PA_MLP,0.25,5,DL,0.9592436974789916,0.4030905695611578,0.24670814567655802,0.13462082502139375,0.1596480853029517,49,,,,,,
enron,GSI_MLC_PA_MLP,0.25,5,IL,,,,,,,0.975,0.8058823529411765,0.225,0.08142857142857142,0.10185185185185185,4
enron,GSI_MLC_PA_MLP,0.30,1,DL,0.9677859515899383,0.40704196481812766,0.2658563620285065,0.1487048679785152,0.18129154943904568,49,,,,,,
enron,GSI_MLC_PA_MLP,0.30,1,IL,,,,,,,0.9847383720930233,0.8081395348837209,0.09090909090909091,0.030303030303030304,0.045454545454545456,4
enron,GSI_MLC_PA_MLP,0.30,2,DL,0.9681383705052344,0.38646684512069124,0.19719509066768068,0.12965859269341434,0.14721655309099269,52,,,,,,
enron,GSI_MLC_PA_MLP,0.30,2,IL,,,,,,,0.9881656804733728,0.9408284023668639,0.6666666666666666,0.09523809523809523,0.16666666666666666,1
enron,GSI_MLC_PA_MLP,0.30,3,DL,0.9721159420289855,0.3449471945124119,0.2162785626327587,0.11285110424092025,0.13960420095762582,50,,,,,,
enron,GSI_MLC_PA_MLP,0.30,3,IL,,,,,,,0.8705314009661835,0.672463768115942,0.7328767123287672,0.3268864468864469,0.33966150840631304,3
enron,GSI_MLC_PA_MLP,0.30,4,DL,0.9701492537313433,0.39428377592556707,0.25869757271564564,0.13704648863697638,0.16556498414811396,51,,,,,,
enron,GSI_MLC_PA_MLP,0.30,4,IL,,,,,,,1.0,0.9641791044776119,0.0,0.0,0.0,2
enron,GSI_MLC_PA_MLP,0.30,5,DL,0.9682472989195678,0.4030905695611578,0.24670814567655802,0.13462082502139375,0.1596480853029517,49,,,,,,
enron,GSI_MLC_PA_MLP,0.30,5,IL,,,,,,,0.9764705882352941,0.8058823529411765,0.225,0.08142857142857142,0.10185185185185185,4
enron,GSI_MLC_PA_MLP,0.35,1,DL,0.9781680113906027,0.40704196481812766,0.2658563620285065,0.1487048679785152,0.18129154943904568,49,,,,,,
enron,GSI_MLC_PA_MLP,0.35,1,IL,,,,,,,0.9890988372093024,0.8081395348837209,0.09090909090909091,0.030303030303030304,0.045454545454545456,4
enron,GSI_MLC_PA_MLP,0.35,2,DL,0.9767296313154301,0.38646684512069124,0.19719509066768068,0.12965859269341434,0.14721655309099269,52,,,,,,
enron,GSI_MLC_PA_MLP,0.35,2,IL,,,,,,,0.9881656804733728,0.9408284023668639,0.6666666666666666,0.09523809523809523,0.16666666666666666,1
enron,GSI_MLC_PA_MLP,0.35,3,DL,0.9786086956521739,0.3449471945124119,0.2162785626327587,0.11285110424092025,0.13960420095762582,50,,,,,,
enron,GSI_MLC_PA_MLP,0.35,3,IL,,,,,,,0.9004830917874396,0.672463768115942,0.7328767123287672,0.3268864468864469,0.33966150840631304,3
enron,GSI_MLC_PA_MLP,0.35,4,DL,0.9773485513608429,0.39428377592556707,0.25869757271564564,0.13704648863697638,0.16556498414811396,51,,,,,,
enron,GSI_MLC_PA_MLP,0.35,4,IL,,,,,,,1.0,0.9641791044776119,0.0,0.0,0.0,2
enron,GSI_MLC_PA_MLP,0.35,5,DL,0.9776110444177671,0.4030905695611578,0.24670814567655802,0.13462082502139375,0.1596480853029517,49,,,,,,
enron,GSI_MLC_PA_MLP,0.35,5,IL,,,,,,,0.9830882352941176,0.8058823529411765,0.225,0.08142857142857142,0.10185185185185185,4
enron,GSI_MLC_PA_MLP,0.40,1,DL,0.9861770289511154,0.40704196481812766,0.2658563620285065,0.1487048679785152,0.18129154943904568,49,,,,,,
enron,GSI_MLC_PA_MLP,0.40,1,IL,,,,,,,0.9912790697674418,0.8081395348837209,0.09090909090909091,0.030303030303030304,0.045454545454545456,4
enron,GSI_MLC_PA_MLP,0.40,2,DL,0.9850933090578061,0.38646684512069124,0.19719509066768068,0.12965859269341434,0.14721655309099269,52,,,,,,
enron,GSI_MLC_PA_MLP,0.40,2,IL,,,,,,,0.9970414201183432,0.9408284023668639,0.6666666666666666,0.09523809523809523,0.16666666666666666,1
enron,GSI_MLC_PA_MLP,0.40,3,DL,0.9862028985507246,0.3449471945124119,0.2162785626327587,0.11285110424092025,0.13960420095762582,50,,,,,,
enron,GSI_MLC_PA_MLP,0.40,3,IL,,,,,,,0.9342995169082126,0.672463768115942,0.7328767123287672,0.3268864468864469,0.33966150840631304,3
enron,GSI_MLC_PA_MLP,0.40,4,DL,0.9852502194907814,0.39428377592556707,0.25869757271564564,0.13704648863697638,0.16556498414811396,51,,,,,,
enron,GSI_MLC_PA_MLP,0.40,4,IL,,,,,,,1.0,0.9641791044776119,0.0,0.0,0.0,2
enron,GSI_MLC_PA_MLP,0.40,5,DL,0.9849939975990396,0.4030905695611578,0.24670814567655802,0.13462082502139375,0.1596480853029517,49,,,,,,
enron,GSI_MLC_PA_MLP,0.40,5,IL,,,,,,,0.9911764705882353,0.8058823529411765,0.225,0.08142857142857142,0.10185185185185185,4
enron,GSI_MLC_PA_MLP,0.50,1,DL,1.0,0.40704196481812766,0.2658563620285065,0.1487048679785152,0.18129154943904568,49,,,,,,
enron,GSI_MLC_PA_MLP,0.50,1,IL,,,,,,,1.0,0.8081395348837209,0.09090909090909091,0.030303030303030304,0.045454545454545456,4
enron,GSI_MLC_PA_MLP,0.50,2,DL,1.0,0.38646684512069124,0.19719509066768068,0.12965859269341434,0.14721655309099269,52,,,,,,
enron,GSI_MLC_PA_MLP,0.50,2,IL,,,,,,,1.0,0.9408284023668639,0.6666666666666666,0.09523809523809523,0.16666666666666666,1
enron,GSI_MLC_PA_MLP,0.50,3,DL,1.0,0.3449471945124119,0.2162785626327587,0.11285110424092025,0.13960420095762582,50,,,,,,
enron,GSI_MLC_PA_MLP,0.50,3,IL,,,,,,,1.0,0.672463768115942,0.7328767123287672,0.3268864468864469,0.33966150840631304,3
enron,GSI_MLC_PA_MLP,0.50,4,DL,1.0,0.39428377592556707,0.25869757271564564,0.13704648863697638,0.16556498414811396,51,,,,,,
enron,GSI_MLC_PA_MLP,0.50,4,IL,,,,,,,1.0,0.9641791044776119,0.0,0.0,0.0,2
enron,GSI_MLC_PA_MLP,0.50,5,DL,1.0,0.4030905695611578,0.24670814567655802,0.13462082502139375,0.1596480853029517,49,,,,,,
enron,GSI_MLC_PA_MLP,0.50,5,IL,,,,,,,1.0,0.8058823529411765,0.225,0.08142857142857142,0.10185185185185185,4
reuters-k500,GSI_MLC_PA_MLP,,1,DL,1.0,0.17673034330011075,0.1204679655640634,0.024834084519978646,0.03715798548671859,101,,,,,,
reuters-k500,GSI_MLC_PA_MLP,,1,IL,,,,,,,1.0,0.9210963455149501,0.4722222222222222,0.20481927710843373,0.2857142857142857,2
reuters-k500,GSI_MLC_PA_MLP,,2,DL,1.0,0.10337482710926695,0.1582516339869281,0.02399441419005959,0.03898513310254897,102,,,,,,
reuters-k500,GSI_MLC_PA_MLP,,2,IL,,,,,,,1.0,0.9394190871369295,0.625,0.12987012987012986,0.21505376344086022,1
reuters-k500,GSI_MLC_PA_MLP,,3,DL,1.0,0.131885268727374,0.13636273115512604,0.029560993215402308,0.04547777145488669,102,,,,,,
reuters-k500,GSI_MLC_PA_MLP,,3,IL,,,,,,,1.0,0.9598997493734336,0.8333333333333334,0.09615384615384616,0.1724137931034483,1
reuters-k500,GSI_MLC_PA_MLP,,4,DL,1.0,0.16586872051068552,0.13517522899243328,0.02285351678308262,0.03623315473756652,99,,,,,,
reuters-k500,GSI_MLC_PA_MLP,,4,IL,,,,,,,1.0,0.8850957535387177,0.4086021505376344,0.12702156334231807,0.1919732441471572,4
reuters-k500,GSI_MLC_PA_MLP,,5,DL,1.0,0.14022073204805813,0.16239536997177978,0.024094121272101695,0.03873005140546563,101,,,,,,
reuters-k500,GSI_MLC_PA_MLP,,5,IL,,,,,,,1.0,0.9488683989941324,0.4375,0.16666666666666666,0.2413793103448276,2
reuters-k500,GSI_MLC_PA_MLP,0.20,1,DL,0.9937419821716391,0.17673034330011075,0.1204679655640634,0.024834084519978646,0.03715798548671859,101,,,,,,
reuters-k500,GSI_MLC_PA_MLP,0.20,1,IL,,,,,,,0.9667774086378738,0.9210963455149501,0.4722222222222222,0.20481927710843373,0.2857142857142857,2
reuters-k500,GSI_MLC_PA_MLP,0.20,2,DL,0.9946220811976243,0.10337482710926695,0.1582516339869281,0.02399441419005959,0.03898513310254897,102,,,,,,
reuters-k500,GSI_MLC_PA_MLP,0.20,2,IL,,,,,,,0.9551867219917013,0.9394190871369295,0.625,0.12987012987012986,0.21505376344086022,1
reuters-k500,GSI_MLC_PA_MLP,0.20,3,DL,0.9937916687142694,0.131885268727374,0.13636273115512604,0.029560993215402308,0.04547777145488669,102,,,,,,
reuters-k500,GSI_MLC_PA_MLP,0.20,3,IL,,,,,,,0.9674185463659147,0.9598997493734336,0.8333333333333334,0.09615384615384616,0.1724137931034483,1
reuters-k500,GSI_MLC_PA_MLP,0.20,4,DL,0.9948611847029832,0.16586872051068552,0.13517522899243328,0.02285351678308262,0.03623315473756652,99,,,,,,
reuters-k500,GSI_MLC_PA_MLP,0.20,4,IL,,,,,,,0.9723147377185679,0.8850957535387177,0.4086021505376344,0.12702156334231807,0.1919732441471572,4
reuters-k500,GSI_MLC_PA_MLP,0.20,5,DL,0.9939996514320334,0.14022073204805813,0.16239536997177978,0.024094121272101695,0.03873005140546563,101,,,,,,
reuters-k500,GSI_MLC_PA_MLP,0.20,5,IL,,,,,,,0.962699077954736,0.9488683989941324,0.4375,0.16666666666666666,0.2413793103448276,2
reuters-k500,GSI_MLC_PA_MLP,0.25,1,DL,0.9956169204960363,0.17673034330011075,0.1204679655640634,0.024834084519978646,0.03715798548671859,101,,,,,,
reuters-k500,GSI_MLC_PA_MLP,0.25,1,IL,,,,,,,0.9771594684385382,0.9210963455149501,0.4722222222222222,0.20481927710843373,0.2857142857142857,2
reuters-k500,GSI_MLC_PA_MLP,0.25,2,DL,0.9960458872345619,0.10337482710926695,0.1582516339869281,0.02399441419005959,0.03898513310254897,102,,,,,,
reuters-k500,GSI_MLC_PA_MLP,0.25,2,IL,,,,,,,0.9701244813278008,0.9394190871369295,0.625,0.12987012987012986,0.21505376344086022,1
reuters-k500,GSI_MLC_PA_MLP,0.25,3,DL,0.9953068946876996,0.131885268727374,0.13636273115512604,0.029560993215402308,0.04547777145488669,102,,,,,,
reuters-k500,GSI_MLC_PA_MLP,0.25,3,IL,,,,,,,0.974937343358396,0.9598997493734336,0.8333333333333334,0.09615384615384616,0.1724137931034483,1
reuters-k500,GSI_MLC_PA_MLP,0.25,4,DL,0.9961984541501611,0.16586872051068552,0.13517522899243328,0.02285351678308262,0.03623315473756652,99,,,,,,
reuters-k500,GSI_MLC_PA_MLP,0.25,4,IL,,,,,,,0.9816819317235637,0.8850957535387177,0.4086021505376344,0.12702156334231807,0.1919732441471572,4
reuters-k500,GSI_MLC_PA_MLP,0.25,5,DL,0.9957175935531525,0.14022073204805813,0.16239536997177978,0.024094121272101695,0.03873005140546563,101,,,,,,
reuters-k500,GSI_MLC_PA_MLP,0.25,5,IL,,,,,,,0.9702430846605197,0.9488683989941324,0.4375,0.16666666666666666,0.2413793103448276,2
reuters-k500,GSI_MLC_PA_MLP,0.30,1,DL,0.9969408901022992,0.17673034330011075,0.1204679655640634,0.024834084519978646,0.03715798548671859,101,,,,,,
reuters-k500,GSI_MLC_PA_MLP,0.30,1,IL,,,,,,,0.9838039867109635,0.9210963455149501,0.4722222222222222,0.20481927710843373,0.2857142857142857,2
reuters-k500,GSI_MLC_PA_MLP,0.30,2,DL,0.9970384834431698,0.10337482710926695,0.1582516339869281,0.02399441419005959,0.03898513310254897,102,,,,,,
reuters-k500,GSI_MLC_PA_MLP,0.30,2,IL,,,,,,,0.9784232365145228,0.9394190871369295,0.625,0.12987012987012986,0.21505376344086022,1
reuters-k500,GSI_MLC_PA_MLP,0.30,3,DL,0.9964535521811063,0.131885268727374,0.13636273115512604,0.029560993215402308,0.04547777145488669,102,,,,,,
reuters-k500,GSI_MLC_PA_MLP,0.30,3,IL,,,,,,,0.9816207184628237,0.9598997493734336,0.8333333333333334,0.09615384615384616,0.1724137931034483,1
reuters-k500,GSI_MLC_PA_MLP,0.30,4,DL,0.9971993036106275,0.16586872051068552,0.13517522899243328,0.02285351678308262,0.03623315473756652,99,,,,,,
reuters-k500,GSI_MLC_PA_MLP,0.30,4,IL,,,,,,,0.9868859283930058,0.8850957535387177,0.4086021505376344,0.12702156334231807,0.1919732441471572,4
reuters-k500,GSI_MLC_PA_MLP,0.30,5,DL,0.9970288730465671,0.14022073204805813,0.16239536997177978,0.024094121272101695,0.03873005140546563,101,,,,,,
reuters-k500,GSI_MLC_PA_MLP,0.30,5,IL,,,,,,,0.9790444258172674,0.9488683989941324,0.4375,0.16666666666666666,0.2413793103448276,2
reuters-k500,GSI_MLC_PA_MLP,0.35,1,DL,0.997713890990428,0.17673034330011075,0.1204679655640634,0.024834084519978646,0.03715798548671859,101,,,,,,
reuters-k500,GSI_MLC_PA_MLP,0.35,1,IL,,,,,,,0.9875415282392026,0.9210963455149501,0.4722222222222222,0.20481927710843373,0.2857142857142857,2
reuters-k500,GSI_MLC_PA_MLP,0.35,2,DL,0.9979334472378163,0.10337482710926695,0.1582516339869281,0.02399441419005959,0.03898513310254897,102,,,,,,
reuters-k500,GSI_MLC_PA_MLP,0.35,2,IL,,,,,,,0.9800829875518672,0.9394190871369295,0.625,0.12987012987012986,0.21505376344086022,1
reuters-k500,GSI_MLC_PA_MLP,0.35,3,DL,0.9974282110505021,0.131885268727374,0.13636273115512604,0.029560993215402308,0.04547777145488669,102,,,,,,
reuters-k500,GSI_MLC_PA_MLP,0.35,3,IL,,,,,,,0.9874686716791979,0.9598997493734336,0.8333333333333334,0.09615384615384616,0.1724137931034483,1
reuters-k500,GSI_MLC_PA_MLP,0.35,4,DL,0.9979730695800637,0.16586872051068552,0.13517522899243328,0.02285351678308262,0.03623315473756652,99,,,,,,
reuters-k500,GSI_MLC_PA_MLP,0.35,4,IL,,,,,,,0.9895920066611157,0.8850957535387177,0.4086021505376344,0.12702156334231807,0.1919732441471572,4
reuters-k500,GSI_MLC_PA_MLP,0.35,5,DL,0.9979749860987776,0.14022073204805813,0.16239536997177978,0.024094121272101695,0.03873005140546563,101,,,,,,
reuters-k500,GSI_MLC_PA_MLP,0.35,5,IL,,,,,,,0.9836546521374686,0.9488683989941324,0.4375,0.16666666666666666,0.2413793103448276,2
reuters-k500,GSI_MLC_PA_MLP,0.40,1,DL,0.99865958356633,0.17673034330011075,0.1204679655640634,0.024834084519978646,0.03715798548671859,101,,,,,,
reuters-k500,GSI_MLC_PA_MLP,0.40,1,IL,,,,,,,0.9896179401993356,0.9210963455149501,0.4722222222222222,0.20481927710843373,0.2857142857142857,2
reuters-k500,GSI_MLC_PA_MLP,0.40,2,DL,0.9985599218940688,0.10337482710926695,0.1582516339869281,0.02399441419005959,0.03898513310254897,102,,,,,,
reuters-k500,GSI_MLC_PA_MLP,0.40,2,IL,,,,,,,0.9867219917012449,0.9394190871369295,0.625,0.12987012987012986,0.21505376344086022,1
reuters-k500,GSI_MLC_PA_MLP,0.40,3,DL,0.998370108277229,0.131885268727374,0.13636273115512604,0.029560993215402308,0.04547777145488669,102,,,,,,
reuters-k500,GSI_MLC_PA_MLP,0.40,3,IL,,,,,,,0.9933166248955723,0.9598997493734336,0.8333333333333334,0.09615384615384616,0.1724137931034483,1
reuters-k500,GSI_MLC_PA_MLP,0.40,4,DL,0.9986879620518255,0.16586872051068552,0.13517522899243328,0.02285351678308262,0.03623315473756652,99,,,,,,
reuters-k500,GSI_MLC_PA_MLP,0.40,4,IL,,,,,,,0.9933388842631141,0.8850957535387177,0.4086021505376344,0.12702156334231807,0.1919732441471572,4
reuters-k500,GSI_MLC_PA_MLP,0.40,5,DL,0.9987966105914866,0.14022073204805813,0.16239536997177978,0.024094121272101695,0.03873005140546563,101,,,,,,
reuters-k500,GSI_MLC_PA_MLP,0.40,5,IL,,,,,,,0.9920368818105616,0.9488683989941324,0.4375,0.16666666666666666,0.2413793103448276,2
reuters-k500,GSI_MLC_PA_MLP,0.50,1,DL,1.0,0.17673034330011075,0.1204679655640634,0.024834084519978646,0.03715798548671859,101,,,,,,
reuters-k500,GSI_MLC_PA_MLP,0.50,1,IL,,,,,,,1.0,0.9210963455149501,0.4722222222222222,0.20481927710843373,0.2857142857142857,2
reuters-k500,GSI_MLC_PA_MLP,0.50,2,DL,1.0,0.10337482710926695,0.1582516339869281,0.02399441419005959,0.03898513310254897,102,,,,,,
reuters-k500,GSI_MLC_PA_MLP,0.50,2,IL,,,,,,,1.0,0.9394190871369295,0.625,0.12987012987012986,0.21505376344086022,1
reuters-k500,GSI_MLC_PA_MLP,0.50,3,DL,1.0,0.131885268727374,0.13636273115512604,0.029560993215402308,0.04547777145488669,102,,,,,,
reuters-k500,GSI_MLC_PA_MLP,0.50,3,IL,,,,,,,1.0,0.9598997493734336,0.8333333333333334,0.09615384615384616,0.1724137931034483,1
reuters-k500,GSI_MLC_PA_MLP,0.50,4,DL,1.0,0.16586872051068552,0.13517522899243328,0.02285351678308262,0.03623315473756652,99,,,,,,
reuters-k500,GSI_MLC_PA_MLP,0.50,4,IL,,,,,,,1.0,0.8850957535387177,0.4086021505376344,0.12702156334231807,0.1919732441471572,4
reuters-k500,GSI_MLC_PA_MLP,0.50,5,DL,1.0,0.14022073204805813,0.16239536997177978,0.024094121272101695,0.03873005140546563,101,,,,,,
reuters-k500,GSI_MLC_PA_MLP,0.50,5,IL,,,,,,,1.0,0.9488683989941324,0.4375,0.16666666666666666,0.2413793103448276,2
bibtex,GSI_MLC_PA_MLP,,1,DL,1.0,0.2103158629895687,0.171784450710378,0.06824917634157043,0.08785461951255955,148,,,,,,
bibtex,GSI_MLC_PA_MLP,,1,IL,,,,,,,1.0,0.8426430517711172,0.18701298701298705,0.06363636363636364,0.09071358748778104,11
bibtex,GSI_MLC_PA_MLP,,2,DL,1.0,0.22494693699023874,0.19216214090542572,0.08042249949836798,0.1012673979080702,151,,,,,,
bibtex,GSI_MLC_PA_MLP,,2,IL,,,,,,,1.0,0.859212900315742,0.49030172413793105,0.11477598946264128,0.16304469387217801,8
bibtex,GSI_MLC_PA_MLP,,3,DL,1.0,0.19922779922779923,0.20181793953474758,0.06771896402808264,0.08947669441744965,150,,,,,,
bibtex,GSI_MLC_PA_MLP,,3,IL,,,,,,,1.0,0.8464073829927489,0.22366522366522368,0.03664717348927875,0.05940430226144512,9
bibtex,GSI_MLC_PA_MLP,,4,DL,1.0,0.23976604944842647,0.17475428415634012,0.08433244947737156,0.10280485635278375,141,,,,,,
bibtex,GSI_MLC_PA_MLP,,4,IL,,,,,,,1.0,0.7814207650273224,0.14695340501792115,0.026958078717392732,0.04313319530710835,18
bibtex,GSI_MLC_PA_MLP,,5,DL,1.0,0.2150928809307556,0.16765026003810826,0.06312567395771677,0.0827567865615649,151,,,,,,
bibtex,GSI_MLC_PA_MLP,,5,IL,,,,,,,1.0,0.8937329700272479,0.225,0.10861581920903954,0.13475473801560758,8
bibtex,GSI_MLC_PA_MLP,0.20,1,DL,0.9941867957876133,0.2103158629895687,0.171784450710378,0.06824917634157043,0.08785461951255955,148,,,,,,
bibtex,GSI_MLC_PA_MLP,0.20,1,IL,,,,,,,0.992135248947238,0.8426430517711172,0.18701298701298705,0.06363636363636364,0.09071358748778104,11
bibtex,GSI_MLC_PA_MLP,0.20,2,DL,0.9945155884540591,0.22494693699023874,0.19216214090542572,0.08042249949836798,0.1012673979080702,151,,,,,,
bibtex,GSI_MLC_PA_MLP,0.20,2,IL,,,,,,,0.9785182679296346,0.859212900315742,0.49030172413793105,0.11477598946264128,0.16304469387217801,8
bibtex,GSI_MLC_PA_MLP,0.20,3,DL,0.9947615908591518,0.19922779922779923,0.20181793953474758,0.06771896402808264,0.08947669441744965,150,,,,,,
bibtex,GSI_MLC_PA_MLP,0.20,3,IL,,,,,,,0.991723430747821,0.8464073829927489,0.22366522366522368,0.03664717348927875,0.05940430226144512,9
bibtex,GSI_MLC_PA_MLP,0.20,4,DL,0.9942400108514514,0.23976604944842647,0.17475428415634012,0.08433244947737156,0.10280485635278375,141,,,,,,
bibtex,GSI_MLC_PA_MLP,0.20,4,IL,,,,,,,0.9943457802064359,0.7814207650273224,0.14695340501792115,0.026958078717392732,0.04313319530710835,18
bibtex,GSI_MLC_PA_MLP,0.20,5,DL,0.9938060522944223,0.2150928809307556,0.16765026003810826,0.06312567395771677,0.0827567865615649,151,,,,,,
bibtex,GSI_MLC_PA_MLP,0.20,5,IL,,,,,,,0.9935286103542235,0.8937329700272479,0.225,0.10861581920903954,0.13475473801560758,8
bibtex,GSI_MLC_PA_MLP,0.25,1,DL,0.9958391634140953,0.2103158629895687,0.171784450710378,0.06824917634157043,0.08785461951255955,148,,,,,,
bibtex,GSI_MLC_PA_MLP,0.25,1,IL,,,,,,,0.9942407728511271,0.8426430517711172,0.18701298701298705,0.06363636363636364,0.09071358748778104,11
bibtex,GSI_MLC_PA_MLP,0.25,2,DL,0.9960345553773221,0.22494693699023874,0.19216214090542572,0.08042249949836798,0.1012673979080702,151,,,,,,
bibtex,GSI_MLC_PA_MLP,0.25,2,IL,,,,,,,0.98452300405954,0.859212900315742,0.49030172413793105,0.11477598946264128,0.16304469387217801,8
bibtex,GSI_MLC_PA_MLP,0.25,3,DL,0.9960799824214458,0.19922779922779923,0.20181793953474758,0.06771896402808264,0.08947669441744965,150,,,,,,
bibtex,GSI_MLC_PA_MLP,0.25,3,IL,,,,,,,0.994433457848092,0.8464073829927489,0.22366522366522368,0.03664717348927875,0.05940430226144512,9
bibtex,GSI_MLC_PA_MLP,0.25,4,DL,0.9957902181916831,0.23976604944842647,0.17475428415634012,0.08433244947737156,0.10280485635278375,141,,,,,,
bibtex,GSI_MLC_PA_MLP,0.25,4,IL,,,,,,,0.9958636915604129,0.7814207650273224,0.14695340501792115,0.026958078717392732,0.04313319530710835,18
bibtex,GSI_MLC_PA_MLP,0.25,5,DL,0.9954661926845553,0.2150928809307556,0.16765026003810826,0.06312567395771677,0.0827567865615649,151,,,,,,
bibtex,GSI_MLC_PA_MLP,0.25,5,IL,,,,,,,0.9959979564032697,0.8937329700272479,0.225,0.10861581920903954,0.13475473801560758,8
bibtex,GSI_MLC_PA_MLP,0.30,1,DL,0.9969852345533544,0.2103158629895687,0.171784450710378,0.06824917634157043,0.08785461951255955,148,,,,,,
bibtex,GSI_MLC_PA_MLP,0.30,1,IL,,,,,,,0.9956031706712906,0.8426430517711172,0.18701298701298705,0.06363636363636364,0.09071358748778104,11
bibtex,GSI_MLC_PA_MLP,0.30,2,DL,0.9970203156225076,0.22494693699023874,0.19216214090542572,0.08042249949836798,0.1012673979080702,151,,,,,,
bibtex,GSI_MLC_PA_MLP,0.30,2,IL,,,,,,,0.9884133964817321,0.859212900315742,0.49030172413793105,0.11477598946264128,0.16304469387217801,8
bibtex,GSI_MLC_PA_MLP,0.30,3,DL,0.9970995385629532,0.19922779922779923,0.20181793953474758,0.06771896402808264,0.08947669441744965,150,,,,,,
bibtex,GSI_MLC_PA_MLP,0.30,3,IL,,,,,,,0.995898337361752,0.8464073829927489,0.22366522366522368,0.03664717348927875,0.05940430226144512,9
bibtex,GSI_MLC_PA_MLP,0.30,4,DL,0.996996473278301,0.23976604944842647,0.17475428415634012,0.08433244947737156,0.10280485635278375,141,,,,,,
bibtex,GSI_MLC_PA_MLP,0.30,4,IL,,,,,,,0.9968882817243473,0.7814207650273224,0.14695340501792115,0.026958078717392732,0.04313319530710835,18
bibtex,GSI_MLC_PA_MLP,0.30,5,DL,0.9966526517133731,0.2150928809307556,0.16765026003810826,0.06312567395771677,0.0827567865615649,151,,,,,,
bibtex,GSI_MLC_PA_MLP,0.30,5,IL,,,,,,,0.9969346049046321,0.8937329700272479,0.225,0.10861581920903954,0.13475473801560758,8
bibtex,GSI_MLC_PA_MLP,0.35,1,DL,0.9978827601443405,0.2103158629895687,0.171784450710378,0.06824917634157043,0.08785461951255955,148,,,,,,
bibtex,GSI_MLC_PA_MLP,0.35,1,IL,,,,,,,0.9967178597968789,0.8426430517711172,0.18701298701298705,0.06363636363636364,0.09071358748778104,11
bibtex,GSI_MLC_PA_MLP,0.35,2,DL,0.9978806154728512,0.22494693699023874,0.19216214090542572,0.08042249949836798,0.1012673979080702,151,,,,,,
bibtex,GSI_MLC_PA_MLP,0.35,2,IL,,,,,,,0.9910351826792964,0.859212900315742,0.49030172413793105,0.11477598946264128,0.16304469387217801,8
bibtex,GSI_MLC_PA_MLP,0.35,3,DL,0.9978993627774115,0.19922779922779923,0.20181793953474758,0.06771896402808264,0.08947669441744965,150,,,,,,
bibtex,GSI_MLC_PA_MLP,0.35,3,IL,,,,,,,0.997216728924046,0.8464073829927489,0.22366522366522368,0.03664717348927875,0.05940430226144512,9
bibtex,GSI_MLC_PA_MLP,0.35,4,DL,0.997776421346355,0.23976604944842647,0.17475428415634012,0.08433244947737156,0.10280485635278375,141,,,,,,
bibtex,GSI_MLC_PA_MLP,0.35,4,IL,,,,,,,0.9978369763205829,0.7814207650273224,0.14695340501792115,0.026958078717392732,0.04313319530710835,18
bibtex,GSI_MLC_PA_MLP,0.35,5,DL,0.9976631719508454,0.2150928809307556,0.16765026003810826,0.06312567395771677,0.0827567865615649,151,,,,,,
bibtex,GSI_MLC_PA_MLP,0.35,5,IL,,,,,,,0.9978712534059946,0.8937329700272479,0.225,0.10861581920903954,0.13475473801560758,8
bibtex,GSI_MLC_PA_MLP,0.40,1,DL,0.998596177921791,0.2103158629895687,0.171784450710378,0.06824917634157043,0.08785461951255955,148,,,,,,
bibtex,GSI_MLC_PA_MLP,0.40,1,IL,,,,,,,0.9978325489224672,0.8426430517711172,0.18701298701298705,0.06363636363636364,0.09071358748778104,11
bibtex,GSI_MLC_PA_MLP,0.40,2,DL,0.99858857055803,0.22494693699023874,0.19216214090542572,0.08042249949836798,0.1012673979080702,151,,,,,,
bibtex,GSI_MLC_PA_MLP,0.40,2,IL,,,,,,,0.9943335588633289,0.859212900315742,0.49030172413793105,0.11477598946264128,0.16304469387217801,8
bibtex,GSI_MLC_PA_MLP,0.40,3,DL,0.9985893210283454,0.19922779922779923,0.20181793953474758,0.06771896402808264,0.08947669441744965,150,,,,,,
bibtex,GSI_MLC_PA_MLP,0.40,3,IL,,,,,,,0.998168900607925,0.8464073829927489,0.22366522366522368,0.03664717348927875,0.05940430226144512,9
bibtex,GSI_MLC_PA_MLP,0.40,4,DL,0.9985176142309033,0.23976604944842647,0.17475428415634012,0.08433244947737156,0.10280485635278375,141,,,,,,
bibtex,GSI_MLC_PA_MLP,0.40,4,IL,,,,,,,0.9988236187006678,0.7814207650273224,0.14695340501792115,0.026958078717392732,0.04313319530710835,18
bibtex,GSI_MLC_PA_MLP,0.40,5,DL,0.9985383546565133,0.2150928809307556,0.16765026003810826,0.06312567395771677,0.0827567865615649,151,,,,,,
bibtex,GSI_MLC_PA_MLP,0.40,5,IL,,,,,,,0.9988930517711172,0.8937329700272479,0.225,0.10861581920903954,0.13475473801560758,8
bibtex,GSI_MLC_PA_MLP,0.50,1,DL,1.0,0.2103158629895687,0.171784450710378,0.06824917634157043,0.08785461951255955,148,,,,,,
bibtex,GSI_MLC_PA_MLP,0.50,1,IL,,,,,,,1.0,0.8426430517711172,0.18701298701298705,0.06363636363636364,0.09071358748778104,11
bibtex,GSI_MLC_PA_MLP,0.50,2,DL,1.0,0.22494693699023874,0.19216214090542572,0.08042249949836798,0.1012673979080702,151,,,,,,
bibtex,GSI_MLC_PA_MLP,0.50,2,IL,,,,,,,1.0,0.859212900315742,0.49030172413793105,0.11477598946264128,0.16304469387217801,8
bibtex,GSI_MLC_PA_MLP,0.50,3,DL,1.0,0.19922779922779923,0.20181793953474758,0.06771896402808264,0.08947669441744965,150,,,,,,
bibtex,GSI_MLC_PA_MLP,0.50,3,IL,,,,,,,1.0,0.8464073829927489,0.22366522366522368,0.03664717348927875,0.05940430226144512,9
bibtex,GSI_MLC_PA_MLP,0.50,4,DL,1.0,0.23976604944842647,0.17475428415634012,0.08433244947737156,0.10280485635278375,141,,,,,,
bibtex,GSI_MLC_PA_MLP,0.50,4,IL,,,,,,,1.0,0.7814207650273224,0.14695340501792115,0.026958078717392732,0.04313319530710835,18
bibtex,GSI_MLC_PA_MLP,0.50,5,DL,1.0,0.2150928809307556,0.16765026003810826,0.06312567395771677,0.0827567865615649,151,,,,,,
bibtex,GSI_MLC_PA_MLP,0.50,5,IL,,,,,,,1.0,0.8937329700272479,0.225,0.10861581920903954,0.13475473801560758,8
