dataset,n_samples,n_labels,base_learner,model,selective_macro_f1,selective_macro_f1_std,coverage,full_macro_f1,full_micro_f1,selective_micro_f1,hamming_loss,subset_accuracy,mean_il_labels,fit_time_sec
emotions,593,6,Logistic,BR,0.5971886323818217,0.013419916476562696,1.0,0.5971886323818217,0.6288902816450872,0.6288902816450872,0.2013467606130352,0.2515766545128152,6.0,0.038257460000022545
emotions,593,6,Logistic,CC,0.5931895185035888,0.019587014672553034,1.0,0.5931895185035888,0.6310367764906089,0.6310367764906089,0.2239877409010355,0.2837646579381251,0.0,0.04157838000101037
emotions,593,6,Logistic,GSI_v5_1,0.597526130714138,0.02537797465680685,0.7139902119057122,0.5993987666743518,0.6304455929292604,0.6578051268883838,0.1983916550221755,0.26320895366572616,3.0,0.3538824199989904
emotions,593,6,Logistic,GSI_v6,0.5874983740305788,0.03283843499378413,0.7067078598279977,0.5926481346459582,0.6248545171725265,0.654385248411269,0.2008061589779151,0.2430218134522975,2.4,0.5364451599991298
scene,2407,6,Logistic,BR,0.6993890885977598,0.02022334170304339,1.0,0.6993890885977598,0.6938475257702652,0.6938475257702652,0.0991959688554073,0.536118500835672,6.0,0.4939078600007633
scene,2407,6,Logistic,CC,0.7234450058068981,0.018734425778234705,1.0,0.7234450058068981,0.7109573946478269,0.7109573946478269,0.10114066828934218,0.6623015991254704,0.0,0.4220292399993923
scene,2407,6,Logistic,GSI_v5_1,0.7520887157327181,0.01565647943270841,0.8976790534339887,0.7058368663308972,0.6998595090688199,0.7634339891359703,0.09748626807684034,0.5788264482103219,3.2,3.0795531200004915
scene,2407,6,Logistic,GSI_v6,0.7452539081369544,0.01736049017313058,0.8967074412372371,0.7001192981842073,0.6943325110042833,0.7577450437658291,0.09920557728292773,0.5705570461625193,4.0,4.173919339999702
chd49,555,6,Logistic,BR,0.510348231680916,0.030268698391592873,1.0,0.510348231680916,0.6603942614678033,0.6603942614678033,0.2940208629682314,0.15852579852579854,6.0,0.031124199999612755
chd49,555,6,Logistic,CC,0.5073186200630037,0.008450385285901894,1.0,0.5073186200630037,0.65753778427524,0.65753778427524,0.3009182867077604,0.1873434199749989,0.0,0.025427720000152476
chd49,555,6,Logistic,GSI_v5_1,0.5227061585320036,0.013936432187365374,0.669219793956636,0.5124175981584406,0.6633761322126033,0.7032301899463865,0.29164762848973375,0.16394758394758396,2.0,0.20883666000081574
chd49,555,6,Logistic,GSI_v6,0.5215672595912473,0.014115970235023593,0.6674016121384543,0.5125114355307785,0.6633761322126033,0.7044132649359132,0.29164762848973375,0.16212940212940213,1.8,0.3223935400004848
music,592,6,Logistic,BR,0.60674071937973,0.017789014746657058,1.0,0.60674071937973,0.6436328371788422,0.6436328371788422,0.19568317838507268,0.26027034890444656,6.0,0.026570859999628736
music,592,6,Logistic,CC,0.60307739342831,0.013150704079519552,1.0,0.60307739342831,0.6440444062747045,0.6440444062747045,0.21654509406254174,0.2836993293623403,0.0,0.027938199999334758
music,592,6,Logistic,GSI_v5_1,0.6195897548909063,0.025792149192215563,0.7167915666918658,0.6167863570864685,0.6496499604438346,0.6727100173973477,0.19118710210435036,0.2771342870046759,3.2,0.21227369999905932
music,592,6,Logistic,GSI_v6,0.6163730259309446,0.018794286169795348,0.7122860356658961,0.6067935509637488,0.6405219350013304,0.6740234604436525,0.1937247273239297,0.26868819670414884,2.4,0.30890348000029916
gpositivepseaac,519,4,Logistic,BR,0.5535478988405843,0.04543430130008941,1.0,0.5535478988405843,0.6864598958060564,0.6864598958060564,0.145981142643764,0.5953696788648244,4.0,0.04697782000148436
gpositivepseaac,519,4,Logistic,CC,0.5791179085138392,0.043753602777498554,1.0,0.5791179085138392,0.7126903023241696,0.7126903023241696,0.14455283793876025,0.7031740104555639,0.0,0.04235448000035831
gpositivepseaac,519,4,Logistic,GSI_v5_1,0.5540566690291623,0.03698401167526934,0.8728762135922331,0.5670303595885506,0.6996443826384133,0.7534251377019359,0.1397124719940254,0.6320014936519791,2.0,0.26170663999946553
gpositivepseaac,519,4,Logistic,GSI_v6,0.552637595405683,0.04209037185490242,0.8699775952203137,0.5420275780649526,0.6968742557245415,0.7485274586756966,0.1426157580283794,0.6261575802837939,1.8,0.3982493199990131
genbase,662,27,Logistic,BR,0.6782256582866804,0.0293125349472652,1.0,0.6782256582866804,0.9796872089008006,0.9796872089008006,0.00184636675864746,0.9546821599453178,27.0,0.11008001999871339
genbase,662,27,Logistic,CC,0.6930404731014953,0.023575223821219692,1.0,0.6930404731014953,0.9809291094279118,0.9809291094279118,0.0017345552433271731,0.9577010708589656,0.0,0.10760045999995782
genbase,662,27,Logistic,GSI_v5_1,0.6334303366492535,0.04280785601322632,0.9976481608060557,0.6782256582866804,0.9796872089008006,0.9851833588332382,0.00184636675864746,0.9546821599453178,26.8,0.5890251600001648
genbase,662,27,Logistic,GSI_v6,0.6334303366492535,0.04280785601322632,0.997704277528839,0.6782256582866804,0.9796872089008006,0.9845448773837127,0.00184636675864746,0.9546821599453178,18.2,1.0280313600014779
humanpseaac,3106,14,Logistic,BR,0.11238528172211378,0.01104429102530425,1.0,0.11238528172211378,0.2851162535646782,0.2851162535646782,0.08604618086663716,0.15263914498488002,14.0,0.8814321200006816
humanpseaac,3106,14,Logistic,CC,0.13966714260729812,0.005708199898572617,1.0,0.13966714260729812,0.377436956358,0.377436956358,0.09794352239095563,0.29291778346678526,0.0,0.9004151600005571
humanpseaac,3106,14,Logistic,GSI_v5_1,0.0775539026769128,0.008134066725357826,0.9270096879109714,0.1058164743496038,0.28827969257986596,0.19067170993798993,0.08500937968205274,0.1684572626405657,0.0,4.479560879999918
humanpseaac,3106,14,Logistic,GSI_v6,0.0775539026769128,0.008134066725357826,0.9270096879109714,0.1058164743496038,0.28827969257986596,0.19067170993798993,0.08500937968205274,0.1684572626405657,0.0,5.56029994000055
plantpseaac,978,12,Logistic,BR,0.14098675297108149,0.02034359720809843,1.0,0.14098675297108149,0.26042323925009847,0.26042323925009847,0.09450345546331414,0.15530352362587624,12.0,0.21244881999955395
plantpseaac,978,12,Logistic,CC,0.1715098822155169,0.0178995996265322,1.0,0.1715098822155169,0.32647156537951355,0.32647156537951355,0.09875977978954914,0.243301391729119,0.0,0.21062370000072406
plantpseaac,978,12,Logistic,GSI_v5_1,0.08674814118773833,0.026107690906794833,0.9338982758850303,0.12986902973658196,0.24961386414002038,0.17374085482875892,0.09142971811310299,0.16147392422608942,0.0,1.1171248400001788
plantpseaac,978,12,Logistic,GSI_v6,0.08674814118773833,0.026107690906794833,0.9338982758850303,0.12986902973658196,0.24961386414002038,0.17374085482875892,0.09142971811310299,0.16147392422608942,0.0,1.4751432800003386
viruspseaac,207,6,Logistic,BR,0.36923775175528334,0.02269753996375351,1.0,0.36923775175528334,0.407034447034447,0.407034447034447,0.19952295766249256,0.25971675611210493,6.0,0.031127500000002327
viruspseaac,207,6,Logistic,CC,0.3836459734364541,0.034662850313548474,1.0,0.3836459734364541,0.44255900879836335,0.44255900879836335,0.2024730007288147,0.3130361757105943,0.0,0.028634640000382204
viruspseaac,207,6,Logistic,GSI_v5_1,0.35502053699612807,0.037881278850525446,0.8394292055919964,0.3789561826910516,0.4280449395565675,0.43570928247929075,0.19807592923871992,0.28325680779169154,1.2,0.24873510000034002
viruspseaac,207,6,Logistic,GSI_v6,0.35687238884797995,0.04062943303969597,0.8364662426290334,0.37791722165209046,0.42587076964046205,0.44115722436791066,0.19955741072020142,0.28325680779169154,1.0,0.31205352000106357
yeast,2417,14,Logistic,BR,0.37475132679826995,0.008211760176235717,1.0,0.37475132679826995,0.6350631933787626,0.6350631933787626,0.20189970043729644,0.14649841248260445,14.0,0.3112160800010315
yeast,2417,14,Logistic,CC,0.4017310680094662,0.0065445226523462505,1.0,0.4017310680094662,0.6197915727307824,0.6197915727307824,0.21551998141168904,0.20192914792002528,0.0,0.3172379800002091
yeast,2417,14,Logistic,GSI_v5_1,0.36577154207382934,0.0021025035424988027,0.8121676827811812,0.3757101735507379,0.638876200089179,0.6589986099790959,0.20331049118273622,0.16057429462896125,2.0,2.0567649000004167
yeast,2417,14,Logistic,GSI_v6,0.36577154207382934,0.0021025035424988027,0.8121676827811812,0.3757101735507379,0.638876200089179,0.6589986099790959,0.20331049118273622,0.16057429462896125,2.0,3.0675090199991244
emotions,593,6,SVM,BR,0.572631532924705,0.01650320893165792,1.0,0.572631532924705,0.6176876222666378,0.6176876222666378,0.20380608931356142,0.24840607056331993,6.0,0.12443119999952615
emotions,593,6,SVM,CC,0.5617977895791684,0.017806032203288507,1.0,0.5617977895791684,0.6142390398192846,0.6142390398192846,0.22699618531021531,0.26613724515076653,0.0,0.1227307999994082
emotions,593,6,SVM,GSI_v5_1,0.569809365652019,0.04999672636187813,0.6847921838725599,0.5917892448511519,0.6209929248716224,0.6445740641635245,0.203724212787923,0.2525494987932409,2.8,0.8016209799992794
emotions,593,6,SVM,GSI_v6,0.5470359234584715,0.049941615982250775,0.6837481896455819,0.5728828678667428,0.6074612790416805,0.6383807682992273,0.20608415464196633,0.23179048741308347,2.0,1.3088791399997717
scene,2407,6,SVM,BR,0.5967657591356481,0.005604982559829692,1.0,0.5967657591356481,0.6043740468957532,0.6043740468957532,0.11287096438366975,0.44455261967057175,6.0,1.153865660000156
scene,2407,6,SVM,CC,0.6776485878945675,0.0157229514332011,1.0,0.6776485878945675,0.6671242598843106,0.6671242598843106,0.1160182203732705,0.6228354977766972,0.0,0.9385669400006009
scene,2407,6,SVM,GSI_v5_1,0.6562305437936717,0.011347684971533647,0.8840906391907035,0.6457054384385915,0.6446309295158332,0.6973603992500188,0.10968158361087835,0.5181367597936902,2.6,7.461147700000583
scene,2407,6,SVM,GSI_v6,0.6625215918347814,0.01891746049194844,0.8859552242607986,0.6493127473125975,0.6494650925190723,0.7044315042487639,0.10705224644917337,0.5243389673847745,2.6,10.745361959998991
chd49,555,6,SVM,BR,0.38301131495770513,0.03241044566451453,1.0,0.38301131495770513,0.6315433664345318,0.6315433664345318,0.29280414385677545,0.14235182550972023,6.0,0.12059926000074483
chd49,555,6,SVM,CC,0.4495282009241691,0.04829851754492556,1.0,0.4495282009241691,0.653982776887504,0.653982776887504,0.29372386740807793,0.16933660933660932,0.0,0.10893883999960963
chd49,555,6,SVM,GSI_v5_1,0.33936744492276466,0.034888818251399265,0.5046305156831472,0.4782082732853117,0.6669116995176656,0.7686729779318902,0.28889664784401625,0.15131514289409026,2.0,0.8042444600003364
chd49,555,6,SVM,GSI_v6,0.33562360255823265,0.031064100740165076,0.4997820308346624,0.4659426081594771,0.6617239808861164,0.7714611420827465,0.2907148296621981,0.14949696107590843,2.4,1.3713085199990018
music,592,6,SVM,BR,0.5664045510529105,0.009561120430490035,1.0,0.5664045510529105,0.6168721313678435,0.6168721313678435,0.20191010200980292,0.23814904492870595,6.0,0.11182568000076572
music,592,6,SVM,CC,0.5668088047332132,0.017342427316318017,1.0,0.5668088047332132,0.6228561942812216,0.6228561942812216,0.22131653472630544,0.27535342689879083,0.0,0.10108840000102645
music,592,6,SVM,GSI_v5_1,0.5998283472723982,0.019511415332221275,0.6807176557425809,0.5911833969112648,0.6220303156065625,0.6588494628368146,0.20134042317491968,0.23474424102539757,3.2,0.7171553400003177
music,592,6,SVM,GSI_v6,0.5832866658284195,0.03334520485753853,0.6832650603338539,0.5693817968193216,0.6049096378517176,0.6591401098417624,0.2058388732865303,0.23142611238324098,2.2,1.2718758599992726
gpositivepseaac,519,4,SVM,BR,0.47482402364796705,0.07155561822502991,1.0,0.47482402364796705,0.6393531257394433,0.6393531257394433,0.15900858849887978,0.5239731142643764,4.0,0.19080543999953078
gpositivepseaac,519,4,SVM,CC,0.528267737723928,0.03564535583227794,1.0,0.528267737723928,0.7043143812709031,0.7043143812709031,0.1489124346527259,0.6935026138909632,0.0,0.15354493999984697
gpositivepseaac,519,4,SVM,GSI_v5_1,0.4889853964139463,0.05456893068151036,0.8507048170276326,0.4866227091576931,0.6513433236265246,0.7013744708562214,0.16044622852875282,0.576008215085885,1.2,1.0618110400006118
gpositivepseaac,519,4,SVM,GSI_v6,0.520616379977866,0.044810052958249115,0.8439320388349515,0.49066895068196875,0.6634576707115567,0.7016552982535846,0.1556292008961912,0.5856422703510082,1.6,1.484381559999747
genbase,662,27,SVM,BR,0.7616454613556064,0.015238317077154524,1.0,0.7616454613556064,0.990261203185893,0.990261203185893,0.0008957579133017729,0.9773296878560037,27.0,0.46395361999966556
genbase,662,27,SVM,CC,0.7616454613556064,0.015238317077154524,1.0,0.7616454613556064,0.990261203185893,0.990261203185893,0.0008957579133017729,0.9773296878560037,0.0,0.4621591000002809
genbase,662,27,SVM,GSI_v5_1,0.7468306465407915,0.016319583389716116,0.9996649873842858,0.7616454613556064,0.990261203185893,0.9908244932287105,0.0008957579133017729,0.9773296878560037,27.0,2.598417180000979
genbase,662,27,SVM,GSI_v6,0.7468306465407915,0.016319583389716116,0.999721104107069,0.7616454613556064,0.990261203185893,0.990216764757205,0.0008957579133017729,0.9773296878560037,19.4,4.17585825999995
humanpseaac,3106,14,SVM,BR,0.013833215607378662,0.0039191347224810606,1.0,0.013833215607378662,0.04233362796188732,0.04233362796188732,0.08402069637647808,0.0232212282575259,14.0,2.677780699998402
humanpseaac,3106,14,SVM,CC,0.07901606242324197,0.0063562864170959394,1.0,0.07901606242324197,0.29896265218436213,0.29896265218436213,0.09732874988060367,0.21967036442081814,0.0,2.461846319999313
humanpseaac,3106,14,SVM,GSI_v5_1,0.016552350162567703,0.0046796079994465825,0.9459047595448944,0.0371626214377421,0.12637317407218665,0.03928343251278506,0.08415057377301349,0.0661224720026898,0.0,13.276052660000278
humanpseaac,3106,14,SVM,GSI_v6,0.016552350162567703,0.0046796079994465825,0.9459047595448944,0.0371626214377421,0.12637317407218665,0.03928343251278506,0.08415057377301349,0.0661224720026898,0.0,15.815289719999418
plantpseaac,978,12,SVM,BR,0.05565365559256953,0.03478434844213671,1.0,0.05565365559256953,0.0736627145176584,0.0736627145176584,0.09042713284713308,0.03876877176349032,12.0,0.3967332399995939
plantpseaac,978,12,SVM,CC,0.12609985125658293,0.013423095942741367,1.0,0.12609985125658293,0.2075371633754357,0.2075371633754357,0.10966496064012951,0.14012225922937696,0.0,0.37983326000030504
plantpseaac,978,12,SVM,GSI_v5_1,0.055778660048301544,0.03324581213825624,0.9606538476783684,0.07892421647163379,0.17592816739531988,0.1313007835064083,0.09264914657764664,0.11125945824248162,0.0,2.0374854399997275
plantpseaac,978,12,SVM,GSI_v6,0.055778660048301544,0.03324581213825624,0.9606538476783684,0.07892421647163379,0.17592816739531988,0.1313007835064083,0.09264914657764664,0.11125945824248162,0.0,2.7361843799997585
viruspseaac,207,6,SVM,BR,0.28573014272590797,0.008920190758780918,1.0,0.28573014272590797,0.2777565428493945,0.2777565428493945,0.20402438216391702,0.16307096004770422,6.0,0.07866474000038579
viruspseaac,207,6,SVM,CC,0.3378379515879516,0.03983233823649276,1.0,0.3378379515879516,0.39394274598612206,0.39394274598612206,0.2126464254952627,0.26377658517193403,0.0,0.06764100000000325
viruspseaac,207,6,SVM,GSI_v5_1,0.26871794871794874,0.04238803560121862,0.7508992579341417,0.3172123855236886,0.3503212276080493,0.30021725763476126,0.20929155900086133,0.20290001987676404,1.2,0.4878843799997412
viruspseaac,207,6,SVM,GSI_v6,0.2692307692307693,0.042375625335995905,0.7538622208971046,0.3187848019298646,0.3544757229017851,0.3037886862061898,0.20855081826012062,0.2073444643212085,1.0,0.7582959599996684
yeast,2417,14,SVM,BR,0.325997252555485,0.0010260728664447695,1.0,0.325997252555485,0.6278031128195835,0.6278031128195835,0.19962566704494608,0.13818900485151164,14.0,0.4864467399987916
yeast,2417,14,SVM,CC,0.38287948564494795,0.0032318912846187216,1.0,0.38287948564494795,0.6312854368289271,0.6312854368289271,0.20715355264778168,0.1978208688795367,0.0,0.4603151200004504
yeast,2417,14,SVM,GSI_v5_1,0.31701189001471286,0.007084765251673587,0.825144785211059,0.34561066869672674,0.6357972199900731,0.6542360239268692,0.20220243993339068,0.1489510502807621,2.0,3.3727146199984417
yeast,2417,14,SVM,GSI_v6,0.31701189001471286,0.007084765251673587,0.825144785211059,0.34561066869672674,0.6357972199900731,0.6542360239268692,0.20220243993339068,0.1489510502807621,2.0,5.221348460001172
emotions,593,6,MLP,BR,0.441090281026454,0.030494286081521136,1.0,0.441090281026454,0.49475743834658675,0.49475743834658675,0.23349696896440797,0.16809278005447786,6.0,2.0826601600005232
emotions,593,6,MLP,CC,0.5081871371817002,0.02673038141452082,1.0,0.5081871371817002,0.5542223767132731,0.5542223767132731,0.24229398226061516,0.18528279701405487,0.0,0.23673305999982402
emotions,593,6,MLP,GSI_v5_1,0.4459425390260554,0.07155740930464617,0.6376054250945439,0.48537671763838575,0.5258464506264396,0.5123068077125671,0.2347139291603449,0.17258386132350956,1.4,1.4404612400008774
emotions,593,6,MLP,GSI_v6,0.4864053621556261,0.044893515308071834,0.6376703148394828,0.47490384090377047,0.5137684271593832,0.5474563066937084,0.2410162342604568,0.16569366532933508,1.0,2.64062023999868
scene,2407,6,MLP,BR,0.6458140738662229,0.020616390358501362,1.0,0.6458140738662229,0.6483953052409689,0.6483953052409689,0.10475775314479847,0.4999002013113166,6.0,0.08923174000083237
scene,2407,6,MLP,CC,0.597156185963525,0.011464336608710254,1.0,0.597156185963525,0.5939330291838665,0.5939330291838665,0.12593820248395257,0.3860264447044435,0.0,0.2344896399998106
scene,2407,6,MLP,GSI_v5_1,0.5750661935392559,0.01454463465082122,0.8300267134501975,0.5829937254966728,0.57835250221719,0.6285125348518903,0.12558662483788938,0.3756559410876628,1.8,1.5323298600007547
scene,2407,6,MLP,GSI_v6,0.5775821057543495,0.016902457438879585,0.828913282691673,0.5801438432548511,0.5753007238586837,0.6294874510700278,0.12614334021715173,0.37231564881208873,2.0,2.7077274199989914
chd49,555,6,MLP,BR,0.48810814638742217,0.013388827316236923,1.0,0.48810814638742217,0.662567601335066,0.662567601335066,0.30002011580958954,0.13713780766412345,6.0,0.07501056000037351
chd49,555,6,MLP,CC,0.4967621412448523,0.01870051787176558,1.0,0.4967621412448523,0.6650807097601052,0.6650807097601052,0.29434027328764173,0.1678063709642657,0.0,0.21410278000112157
chd49,555,6,MLP,GSI_v5_1,0.512193899516061,0.020661069874040323,0.6277228903544694,0.5069674768912085,0.6750385591989341,0.7253268991793279,0.2931436699857753,0.16029311608258973,1.8,1.2410491400005412
chd49,555,6,MLP,GSI_v6,0.499241822348384,0.02329051358427475,0.6220472146787936,0.4970656407244901,0.6634060160661142,0.7168604899984861,0.30162305846516374,0.1404405362300099,1.8,2.3350627600004374
music,592,6,MLP,BR,0.44530355755547274,0.018025859650965297,1.0,0.44530355755547274,0.5131186571399512,0.5131186571399512,0.2303228491164683,0.1639281179660043,6.0,0.061455500000010946
music,592,6,MLP,CC,0.522513129602086,0.021706021836813447,1.0,0.522513129602086,0.5703373149037587,0.5703373149037587,0.23766772535466454,0.22793633750762363,0.0,0.16400596000021322
music,592,6,MLP,GSI_v5_1,0.4826514943407115,0.04019613626118063,0.6336063035963335,0.5063857118175905,0.5481833554067272,0.5193057027620266,0.23286542488935308,0.1773730091775954,1.4,1.060740880000958
music,592,6,MLP,GSI_v6,0.5332886085617853,0.029549235902623396,0.6537840893274594,0.5220226686225967,0.5603827065041262,0.5556759742086098,0.22867823067224863,0.19754083293465147,1.2,1.9493331400000897
gpositivepseaac,519,4,MLP,BR,0.5282770039062004,0.05440561318242369,1.0,0.5282770039062004,0.6547194212056822,0.6547194212056822,0.14837098581030622,0.547218073188947,4.0,0.06471769999989192
gpositivepseaac,519,4,MLP,CC,0.5945239094757728,0.053826618150988624,1.0,0.5945239094757728,0.7142202517872281,0.7142202517872281,0.1358709858103062,0.6492531740104555,0.0,0.12179070000056527
gpositivepseaac,519,4,MLP,GSI_v5_1,0.5453018642916342,0.13594010916144134,0.746116504854369,0.5428228032705115,0.6832496950406003,0.64037241076828,0.13971713965646004,0.5856796116504854,2.6,0.7231112199995551
gpositivepseaac,519,4,MLP,GSI_v6,0.5849535652476829,0.03218066646328819,0.7591486183719194,0.5628455977709896,0.6962184840806319,0.6540348969146159,0.1353855489171023,0.6107356235997013,2.0,1.3414138600011938
genbase,662,27,MLP,BR,0.0,0.0,1.0,0.0,0.0,0.0,0.04638068234559463,0.0,27.0,0.0820852399985597
genbase,662,27,MLP,CC,0.4396966219250765,0.013740294431435148,1.0,0.4396966219250765,0.8857634685534748,0.8857634685534748,0.009511151616414774,0.7855092276144907,0.0,0.8903547800000524
genbase,662,27,MLP,GSI_v5_1,0.0,0.0,0.9892584997848155,0.0,0.0,0.0,0.04638068234559463,0.0,24.2,4.222375719998672
genbase,662,27,MLP,GSI_v6,0.013127572016460903,0.009128384635443468,0.9855104934052303,0.042833627278071724,0.06254333521662025,0.02060477456232116,0.04487017206315452,0.009068124857598541,9.4,12.594133739999961
humanpseaac,3106,14,MLP,BR,0.006524227182970133,0.003907633955762709,1.0,0.006524227182970133,0.006466910349725638,0.006466910349725638,0.08466724817256319,0.00290898504600864,14.0,0.06367935999951442
humanpseaac,3106,14,MLP,CC,0.11828883300509926,0.0064096493135601855,1.0,0.11828883300509926,0.2944245494522377,0.2944245494522377,0.08527925496132652,0.16901480501752736,0.0,0.41155609999914305
humanpseaac,3106,14,MLP,GSI_v5_1,0.06313366801795055,0.00822042549448538,0.9251201856795583,0.10649785960765593,0.26683165213847837,0.1589184699133866,0.0854451361302541,0.13648923268705485,0.0,1.7867006800006493
humanpseaac,3106,14,MLP,GSI_v6,0.06313366801795055,0.00822042549448538,0.9251201856795583,0.10649785960765593,0.26683165213847837,0.1589184699133866,0.0854451361302541,0.13648923268705485,0.0,3.1798242800003207
plantpseaac,978,12,MLP,BR,0.020740935476653954,0.013108581052357873,1.0,0.020740935476653954,0.03474136676037295,0.03474136676037295,0.08948338729121114,0.019378731277182558,12.0,0.07826278000065941
plantpseaac,978,12,MLP,CC,0.17033079819481486,0.027350826341190057,1.0,0.17033079819481486,0.30199932532719764,0.30199932532719764,0.09331229968970656,0.1912669262696023,0.0,0.4708157400003984
plantpseaac,978,12,MLP,GSI_v5_1,0.10877858306726469,0.01565487854285163,0.9369640864085349,0.15211147332755004,0.2777150743771852,0.2396766915302539,0.09357134007086436,0.16145806287546033,0.0,2.073451319999731
plantpseaac,978,12,MLP,GSI_v6,0.10877858306726469,0.01565487854285163,0.9369640864085349,0.15211147332755004,0.2777150743771852,0.2396766915302539,0.09357134007086436,0.16145806287546033,0.0,3.3786867599992547
viruspseaac,207,6,MLP,BR,0.3940097058068072,0.06560564611098095,1.0,0.3940097058068072,0.39603002488399075,0.39603002488399075,0.18199082356059101,0.2593182269926456,6.0,0.15267040000035195
viruspseaac,207,6,MLP,CC,0.42363303363303356,0.02489978711731441,1.0,0.42363303363303356,0.4629901544158706,0.4629901544158706,0.19236732259988076,0.28731663685152065,0.0,0.366560500000196
viruspseaac,207,6,MLP,GSI_v5_1,0.42263731516502184,0.040695098519954856,0.8826548731199895,0.42261141287675813,0.45997087806076564,0.46730588683796376,0.18962747631352284,0.2762482607831445,1.2,2.3892562199995155
viruspseaac,207,6,MLP,GSI_v6,0.419069023553252,0.03364058097768581,0.8878400583051744,0.42077906582382285,0.4567748730670079,0.4623348843524625,0.1903682170542636,0.2718038163387001,1.0,4.908583160000125
yeast,2417,14,MLP,BR,0.28413810468037787,0.0050524267659433665,1.0,0.28413810468037787,0.5875310138990064,0.5875310138990064,0.21294244878628246,0.09769311291200097,14.0,0.16098977999936323
yeast,2417,14,MLP,CC,0.35677602403420605,0.007601948198319603,1.0,0.35677602403420605,0.6197363538205515,0.6197363538205515,0.21410298289952445,0.14486613901279372,0.0,1.16813589999947
yeast,2417,14,MLP,GSI_v5_1,0.33606342309467363,0.008267246775118673,0.7862594846901549,0.3543830515985297,0.6211637627802821,0.6691666066705109,0.21418996592894368,0.13781263156755727,2.0,7.158167139999568
yeast,2417,14,MLP,GSI_v6,0.33606342309467363,0.008267246775118673,0.7862594846901549,0.3543830515985297,0.6211637627802821,0.6691666066705109,0.21418996592894368,0.13781263156755727,2.0,13.417686959999992
