Dataset,Model,Fold,Scope,Label Index,Label Name,Brier Score,ECE,Log Loss
emotions,BR_Logistic,1,Aggregate,,,0.1447056820566005,0.04869095189517996,0.4517926240234186
emotions,BR_Logistic,2,Aggregate,,,0.1397123354805463,0.04364767882380118,0.42958329112871185
emotions,BR_Logistic,3,Aggregate,,,0.1440898618330251,0.028155903310435347,0.44588941912090657
emotions,BR_Logistic,4,Aggregate,,,0.1380764849538708,0.054579807909532166,0.4304320057584839
emotions,BR_Logistic,5,Aggregate,,,0.14423604922771105,0.05521165990224038,0.4415422582260316
emotions,BR_Logistic,1,Per Label,0,amazed-suprised,0.13730671588904308,0.0641039941745207,0.4330785610014311
emotions,BR_Logistic,1,Per Label,1,happy-pleased,0.19624116385670448,0.06990935632073486,0.576814325503414
emotions,BR_Logistic,1,Per Label,2,relaxing-calm,0.19217468125282547,0.10412851942428311,0.586606460626568
emotions,BR_Logistic,1,Per Label,3,quiet-still,0.07572118855242288,0.06088106592660999,0.2641796659009957
emotions,BR_Logistic,1,Per Label,4,sad-lonely,0.1384497471352831,0.08890714420036214,0.45025520693716
emotions,BR_Logistic,1,Per Label,5,angry-aggresive,0.1283405956533239,0.09828840080512027,0.3998215241709425
emotions,BR_Logistic,2,Per Label,0,amazed-suprised,0.16117854957978645,0.09984650918353002,0.48158546631220683
emotions,BR_Logistic,2,Per Label,1,happy-pleased,0.17100150192918204,0.07831290764968936,0.514614676012005
emotions,BR_Logistic,2,Per Label,2,relaxing-calm,0.1926845267028752,0.10564339423098233,0.5610576959713824
emotions,BR_Logistic,2,Per Label,3,quiet-still,0.05103207421707167,0.10302596738925908,0.18988667819502444
emotions,BR_Logistic,2,Per Label,4,sad-lonely,0.14170508271664117,0.056550271061695176,0.4481383425886852
emotions,BR_Logistic,2,Per Label,5,angry-aggresive,0.12067227773772121,0.08502783327159949,0.38221688769296736
emotions,BR_Logistic,3,Per Label,0,amazed-suprised,0.1292383552995599,0.09713690753314431,0.40828570460716035
emotions,BR_Logistic,3,Per Label,1,happy-pleased,0.21224374460028003,0.09917759910468163,0.6158620161406705
emotions,BR_Logistic,3,Per Label,2,relaxing-calm,0.14580126575490882,0.07306218875678089,0.44664341339772134
emotions,BR_Logistic,3,Per Label,3,quiet-still,0.08773407671205886,0.06563455591468828,0.2784156005124944
emotions,BR_Logistic,3,Per Label,4,sad-lonely,0.14219170989569724,0.11522179789844961,0.4534881554685086
emotions,BR_Logistic,3,Per Label,5,angry-aggresive,0.1473300187356458,0.06568636443859678,0.4726416245988836
emotions,BR_Logistic,4,Per Label,0,amazed-suprised,0.13792728389134837,0.09582976684129486,0.430932142008543
emotions,BR_Logistic,4,Per Label,1,happy-pleased,0.1732326154699018,0.08893187769378223,0.522389576488352
emotions,BR_Logistic,4,Per Label,2,relaxing-calm,0.18009929058355706,0.08485986387822773,0.5357654619323305
emotions,BR_Logistic,4,Per Label,3,quiet-still,0.07091689885003995,0.05081966659490718,0.2399509820899154
emotions,BR_Logistic,4,Per Label,4,sad-lonely,0.13487190430000892,0.10187650434672832,0.4253556931025693
emotions,BR_Logistic,4,Per Label,5,angry-aggresive,0.1314109166283685,0.0990304765116889,0.428198178929193
emotions,BR_Logistic,5,Per Label,0,amazed-suprised,0.15893031863385462,0.09279520544778863,0.4953429484265358
emotions,BR_Logistic,5,Per Label,1,happy-pleased,0.19515355290093545,0.1242409260140373,0.5646965720648681
emotions,BR_Logistic,5,Per Label,2,relaxing-calm,0.1551867829629628,0.13256333430015713,0.47817733870044515
emotions,BR_Logistic,5,Per Label,3,quiet-still,0.07990359785299903,0.04463245575433734,0.26520799777334797
emotions,BR_Logistic,5,Per Label,4,sad-lonely,0.13385705698751055,0.07819994060544792,0.4152516960801141
emotions,BR_Logistic,5,Per Label,5,angry-aggresive,0.142384986028004,0.08301859503342779,0.4305769963108784
emotions,BR_MLP,1,Aggregate,,,0.21769562275562399,0.20804387699466587,0.6270460062174227
emotions,BR_MLP,2,Aggregate,,,0.21526114823366405,0.22437822034045093,0.6223197748553889
emotions,BR_MLP,3,Aggregate,,,0.21251581507956893,0.21903969597848774,0.6166161503266777
emotions,BR_MLP,4,Aggregate,,,0.21461035395269606,0.2113283113886913,0.6212178294738742
emotions,BR_MLP,5,Aggregate,,,0.21158790620518236,0.1870133594954415,0.6145843219302648
emotions,BR_MLP,1,Per Label,0,amazed-suprised,0.2015076253415485,0.22350481067036018,0.594033856382813
emotions,BR_MLP,1,Per Label,1,happy-pleased,0.2441329243450366,0.23272838358019216,0.6813021712785323
emotions,BR_MLP,1,Per Label,2,relaxing-calm,0.22997392400162076,0.1910276310365708,0.6528304041690605
emotions,BR_MLP,1,Per Label,3,quiet-still,0.20420861238691923,0.3078019953653461,0.5988978700236209
emotions,BR_MLP,1,Per Label,4,sad-lonely,0.22731367727963084,0.281891083863915,0.646467097973804
emotions,BR_MLP,1,Per Label,5,angry-aggresive,0.19903697317898805,0.24751075418269047,0.5887446374767054
emotions,BR_MLP,2,Per Label,0,amazed-suprised,0.20710536807571758,0.1889975526753594,0.6054683508376436
emotions,BR_MLP,2,Per Label,1,happy-pleased,0.23836778523471022,0.22350967005521302,0.6697182891605654
emotions,BR_MLP,2,Per Label,2,relaxing-calm,0.2203791995725705,0.17086527152221742,0.6329498353252414
emotions,BR_MLP,2,Per Label,3,quiet-still,0.19707726364965164,0.34351478178961936,0.5852380160419117
emotions,BR_MLP,2,Per Label,4,sad-lonely,0.22546627672905786,0.282386345773184,0.64273843956833
emotions,BR_MLP,2,Per Label,5,angry-aggresive,0.20317099614027628,0.263612716137862,0.597805718198641
emotions,BR_MLP,3,Per Label,0,amazed-suprised,0.1990078074623086,0.22593590980622832,0.5892366392751424
emotions,BR_MLP,3,Per Label,1,happy-pleased,0.24223762067769383,0.2222782116595322,0.6775566149577428
emotions,BR_MLP,3,Per Label,2,relaxing-calm,0.21024532035236176,0.24344657276704054,0.6123276026658638
emotions,BR_MLP,3,Per Label,3,quiet-still,0.2005001979093923,0.279747557833912,0.5919550577772648
emotions,BR_MLP,3,Per Label,4,sad-lonely,0.21463821210798822,0.28688780345567844,0.6200760477829518
emotions,BR_MLP,3,Per Label,5,angry-aggresive,0.20846573196766868,0.21588582406199075,0.608544939501101
emotions,BR_MLP,4,Per Label,0,amazed-suprised,0.20503516393741175,0.24954145873586336,0.6019080592256465
emotions,BR_MLP,4,Per Label,1,happy-pleased,0.2385360632777659,0.22742739493648212,0.6701211553574224
emotions,BR_MLP,4,Per Label,2,relaxing-calm,0.2210061143594381,0.13699323808153474,0.6341935225811799
emotions,BR_MLP,4,Per Label,3,quiet-still,0.19854358668423888,0.33875741735100745,0.5882276220072374
emotions,BR_MLP,4,Per Label,4,sad-lonely,0.2177549306432389,0.26434519862135253,0.6274552416695354
emotions,BR_MLP,4,Per Label,5,angry-aggresive,0.2067862648140829,0.23735218097766245,0.6054013760022234
emotions,BR_MLP,5,Per Label,0,amazed-suprised,0.202565574611925,0.17633525165942832,0.5962335589639257
emotions,BR_MLP,5,Per Label,1,happy-pleased,0.2395542996304535,0.19630785300097334,0.6719280837925347
emotions,BR_MLP,5,Per Label,2,relaxing-calm,0.21446303336757863,0.28405376585251696,0.6211799174391084
emotions,BR_MLP,5,Per Label,3,quiet-still,0.19502980476358997,0.29320329318352795,0.5800002446986583
emotions,BR_MLP,5,Per Label,4,sad-lonely,0.21422009779947174,0.267326966885033,0.6195323580907828
emotions,BR_MLP,5,Per Label,5,angry-aggresive,0.2036946270580754,0.19145248420194744,0.5986317685965784
emotions,CC_Logistic,1,Aggregate,,,0.15549783730606134,0.06045619489684656,0.4792772747361081
emotions,CC_Logistic,2,Aggregate,,,0.14975790610530437,0.03930228918789228,0.4547689318386866
emotions,CC_Logistic,3,Aggregate,,,0.16150938952793967,0.054197289810532304,0.49381398072274973
emotions,CC_Logistic,4,Aggregate,,,0.14961437526368473,0.07252462987142837,0.46546541429478416
emotions,CC_Logistic,5,Aggregate,,,0.15348673317876474,0.02518569108107024,0.4679286549864189
emotions,CC_Logistic,1,Per Label,0,amazed-suprised,0.13730671588904308,0.0641039941745207,0.4330785610014311
emotions,CC_Logistic,1,Per Label,1,happy-pleased,0.1955145965694785,0.08198111092091584,0.5751855979496322
emotions,CC_Logistic,1,Per Label,2,relaxing-calm,0.1849895740933199,0.0867068876939841,0.5501339795100482
emotions,CC_Logistic,1,Per Label,3,quiet-still,0.08421699892757965,0.06847526970308476,0.27835714982929116
emotions,CC_Logistic,1,Per Label,4,sad-lonely,0.1618233018354952,0.1411377832056863,0.5315078797369112
emotions,CC_Logistic,1,Per Label,5,angry-aggresive,0.1691358365214517,0.16581358646207725,0.5074004803893348
emotions,CC_Logistic,2,Per Label,0,amazed-suprised,0.16117854957978645,0.09984650918353002,0.48158546631220683
emotions,CC_Logistic,2,Per Label,1,happy-pleased,0.1717181505238951,0.07326909143696811,0.5162083719920189
emotions,CC_Logistic,2,Per Label,2,relaxing-calm,0.19397238862949948,0.0922941319476187,0.5752622065990162
emotions,CC_Logistic,2,Per Label,3,quiet-still,0.06377506706984834,0.09128614309223804,0.2181605941306214
emotions,CC_Logistic,2,Per Label,4,sad-lonely,0.15653500939431358,0.09174437879216897,0.4936152730109323
emotions,CC_Logistic,2,Per Label,5,angry-aggresive,0.15136827143448336,0.12215075013637415,0.4437816789873245
emotions,CC_Logistic,3,Per Label,0,amazed-suprised,0.1292383552995599,0.09713690753314431,0.40828570460716035
emotions,CC_Logistic,3,Per Label,1,happy-pleased,0.2127990088612909,0.09924792262112221,0.6174053603241751
emotions,CC_Logistic,3,Per Label,2,relaxing-calm,0.1470263961989605,0.06100351239433434,0.4396325247776848
emotions,CC_Logistic,3,Per Label,3,quiet-still,0.09125025008726179,0.06517225958102459,0.28881665293937553
emotions,CC_Logistic,3,Per Label,4,sad-lonely,0.1588735924177466,0.1323689015951799,0.4865921015277864
emotions,CC_Logistic,3,Per Label,5,angry-aggresive,0.22986873430281834,0.22046593697687208,0.7221515401603165
emotions,CC_Logistic,4,Per Label,0,amazed-suprised,0.13792728389134837,0.09582976684129486,0.430932142008543
emotions,CC_Logistic,4,Per Label,1,happy-pleased,0.17337858571361214,0.09585577026009559,0.5227485523365696
emotions,CC_Logistic,4,Per Label,2,relaxing-calm,0.18984729838745176,0.1330942429757367,0.5525270823098414
emotions,CC_Logistic,4,Per Label,3,quiet-still,0.08620675182099412,0.07053917108731488,0.2773707023106816
emotions,CC_Logistic,4,Per Label,4,sad-lonely,0.15153290903370595,0.09545954708398009,0.4796010627084598
emotions,CC_Logistic,4,Per Label,5,angry-aggresive,0.15879342273499616,0.12914606144416516,0.5296129440946094
emotions,CC_Logistic,5,Per Label,0,amazed-suprised,0.15893031863385462,0.09279520544778863,0.4953429484265358
emotions,CC_Logistic,5,Per Label,1,happy-pleased,0.1937365245073872,0.11110390476677395,0.5615355255885028
emotions,CC_Logistic,5,Per Label,2,relaxing-calm,0.14769541528360347,0.10580975279412788,0.45567824909776944
emotions,CC_Logistic,5,Per Label,3,quiet-still,0.09119175993195365,0.07931558734928514,0.2879524949840202
emotions,CC_Logistic,5,Per Label,4,sad-lonely,0.17011702687907013,0.1294970399520676,0.524265800511179
emotions,CC_Logistic,5,Per Label,5,angry-aggresive,0.15924935383671948,0.10844507915437235,0.4827969113105063
emotions,CC_MLP,1,Aggregate,,,0.21158076252306873,0.1779105924477017,0.6133710121994538
emotions,CC_MLP,2,Aggregate,,,0.205997555639581,0.19117747856622314,0.6019319428448415
emotions,CC_MLP,3,Aggregate,,,0.20716570340936824,0.1910501086736113,0.6042335708902256
emotions,CC_MLP,4,Aggregate,,,0.20751700399644138,0.19141387722144523,0.605100455266803
emotions,CC_MLP,5,Aggregate,,,0.2032624612542076,0.1620356905578838,0.5961523826239224
emotions,CC_MLP,1,Per Label,0,amazed-suprised,0.202735888701487,0.24663442055710028,0.5965886626095704
emotions,CC_MLP,1,Per Label,1,happy-pleased,0.2386623993581377,0.2237178417014294,0.6702699115019405
emotions,CC_MLP,1,Per Label,2,relaxing-calm,0.23019374797853076,0.10868903383856914,0.6530254699718532
emotions,CC_MLP,1,Per Label,3,quiet-still,0.19328097771698666,0.2918942868709564,0.5755193849303027
emotions,CC_MLP,1,Per Label,4,sad-lonely,0.21830600904607267,0.2407269485172678,0.6268021634910431
emotions,CC_MLP,1,Per Label,5,angry-aggresive,0.18630555233719767,0.17232458647645887,0.5580204806920124
emotions,CC_MLP,2,Per Label,0,amazed-suprised,0.21354070125701988,0.1985768843598726,0.6187568768959689
emotions,CC_MLP,2,Per Label,1,happy-pleased,0.23547732496145435,0.22436777834130933,0.663922986276196
emotions,CC_MLP,2,Per Label,2,relaxing-calm,0.21927179362048552,0.14204375333144886,0.6301674724000107
emotions,CC_MLP,2,Per Label,3,quiet-still,0.17632970212610583,0.3136711982117982,0.5398500517143217
emotions,CC_MLP,2,Per Label,4,sad-lonely,0.21539815644804386,0.22064830838632177,0.6214565335479427
emotions,CC_MLP,2,Per Label,5,angry-aggresive,0.1759676554243763,0.2122947862919639,0.5374377362346093
emotions,CC_MLP,3,Per Label,0,amazed-suprised,0.20460381768057562,0.20630563953058503,0.6004090411684586
emotions,CC_MLP,3,Per Label,1,happy-pleased,0.2429300702887993,0.21610603245293225,0.678940972245944
emotions,CC_MLP,3,Per Label,2,relaxing-calm,0.21304096741360906,0.18665970074452037,0.6173050635132258
emotions,CC_MLP,3,Per Label,3,quiet-still,0.17846488396313817,0.2562541145134748,0.5432484055528569
emotions,CC_MLP,3,Per Label,4,sad-lonely,0.20956916603017015,0.22524240261655512,0.6079982980451082
emotions,CC_MLP,3,Per Label,5,angry-aggresive,0.19438531507991702,0.17821277665898083,0.5774996448157599
emotions,CC_MLP,4,Per Label,0,amazed-suprised,0.20707155506541006,0.2183712090055148,0.6057692667531759
emotions,CC_MLP,4,Per Label,1,happy-pleased,0.23594986031558024,0.21798937792579334,0.6649174435676131
emotions,CC_MLP,4,Per Label,2,relaxing-calm,0.22607943117045895,0.08884075830380124,0.6439779141420681
emotions,CC_MLP,4,Per Label,3,quiet-still,0.18904279833581922,0.30449364917973676,0.5655932519173109
emotions,CC_MLP,4,Per Label,4,sad-lonely,0.2047126251918851,0.21600565078357856,0.5989015335248914
emotions,CC_MLP,4,Per Label,5,angry-aggresive,0.18224575389949468,0.16263220024605593,0.5514433216957589
emotions,CC_MLP,5,Per Label,0,amazed-suprised,0.20218606543567763,0.22157566208358204,0.5953826384206168
emotions,CC_MLP,5,Per Label,1,happy-pleased,0.234805074674228,0.18279160190066066,0.6623473421385291
emotions,CC_MLP,5,Per Label,2,relaxing-calm,0.21315723261121622,0.18530866558398676,0.6181687119383475
emotions,CC_MLP,5,Per Label,3,quiet-still,0.18079914583803247,0.27878178751796756,0.5491589464460549
emotions,CC_MLP,5,Per Label,4,sad-lonely,0.20917196242616987,0.20280166626523394,0.6077187958492163
emotions,CC_MLP,5,Per Label,5,angry-aggresive,0.17945528653992146,0.1378827516092073,0.54413786095077
emotions,MLC_PA_Logistic,1,Aggregate,,,0.1447056820566005,0.04869095189517996,0.4517926240234186
emotions,MLC_PA_Logistic,2,Aggregate,,,0.1397123354805463,0.04364767882380118,0.42958329112871185
emotions,MLC_PA_Logistic,3,Aggregate,,,0.1440898618330251,0.028155903310435347,0.44588941912090657
emotions,MLC_PA_Logistic,4,Aggregate,,,0.1380764849538708,0.054579807909532166,0.4304320057584839
emotions,MLC_PA_Logistic,5,Aggregate,,,0.14423604922771105,0.05521165990224038,0.4415422582260316
emotions,MLC_PA_Logistic,1,Per Label,0,amazed-suprised,0.13730671588904308,0.0641039941745207,0.4330785610014311
emotions,MLC_PA_Logistic,1,Per Label,1,happy-pleased,0.19624116385670448,0.06990935632073486,0.576814325503414
emotions,MLC_PA_Logistic,1,Per Label,2,relaxing-calm,0.19217468125282547,0.10412851942428311,0.586606460626568
emotions,MLC_PA_Logistic,1,Per Label,3,quiet-still,0.07572118855242288,0.06088106592660999,0.2641796659009957
emotions,MLC_PA_Logistic,1,Per Label,4,sad-lonely,0.1384497471352831,0.08890714420036214,0.45025520693716
emotions,MLC_PA_Logistic,1,Per Label,5,angry-aggresive,0.1283405956533239,0.09828840080512027,0.3998215241709425
emotions,MLC_PA_Logistic,2,Per Label,0,amazed-suprised,0.16117854957978645,0.09984650918353002,0.48158546631220683
emotions,MLC_PA_Logistic,2,Per Label,1,happy-pleased,0.17100150192918204,0.07831290764968936,0.514614676012005
emotions,MLC_PA_Logistic,2,Per Label,2,relaxing-calm,0.1926845267028752,0.10564339423098233,0.5610576959713824
emotions,MLC_PA_Logistic,2,Per Label,3,quiet-still,0.05103207421707167,0.10302596738925908,0.18988667819502444
emotions,MLC_PA_Logistic,2,Per Label,4,sad-lonely,0.14170508271664117,0.056550271061695176,0.4481383425886852
emotions,MLC_PA_Logistic,2,Per Label,5,angry-aggresive,0.12067227773772121,0.08502783327159949,0.38221688769296736
emotions,MLC_PA_Logistic,3,Per Label,0,amazed-suprised,0.1292383552995599,0.09713690753314431,0.40828570460716035
emotions,MLC_PA_Logistic,3,Per Label,1,happy-pleased,0.21224374460028003,0.09917759910468163,0.6158620161406705
emotions,MLC_PA_Logistic,3,Per Label,2,relaxing-calm,0.14580126575490882,0.07306218875678089,0.44664341339772134
emotions,MLC_PA_Logistic,3,Per Label,3,quiet-still,0.08773407671205886,0.06563455591468828,0.2784156005124944
emotions,MLC_PA_Logistic,3,Per Label,4,sad-lonely,0.14219170989569724,0.11522179789844961,0.4534881554685086
emotions,MLC_PA_Logistic,3,Per Label,5,angry-aggresive,0.1473300187356458,0.06568636443859678,0.4726416245988836
emotions,MLC_PA_Logistic,4,Per Label,0,amazed-suprised,0.13792728389134837,0.09582976684129486,0.430932142008543
emotions,MLC_PA_Logistic,4,Per Label,1,happy-pleased,0.1732326154699018,0.08893187769378223,0.522389576488352
emotions,MLC_PA_Logistic,4,Per Label,2,relaxing-calm,0.18009929058355706,0.08485986387822773,0.5357654619323305
emotions,MLC_PA_Logistic,4,Per Label,3,quiet-still,0.07091689885003995,0.05081966659490718,0.2399509820899154
emotions,MLC_PA_Logistic,4,Per Label,4,sad-lonely,0.13487190430000892,0.10187650434672832,0.4253556931025693
emotions,MLC_PA_Logistic,4,Per Label,5,angry-aggresive,0.1314109166283685,0.0990304765116889,0.428198178929193
emotions,MLC_PA_Logistic,5,Per Label,0,amazed-suprised,0.15893031863385462,0.09279520544778863,0.4953429484265358
emotions,MLC_PA_Logistic,5,Per Label,1,happy-pleased,0.19515355290093545,0.1242409260140373,0.5646965720648681
emotions,MLC_PA_Logistic,5,Per Label,2,relaxing-calm,0.1551867829629628,0.13256333430015713,0.47817733870044515
emotions,MLC_PA_Logistic,5,Per Label,3,quiet-still,0.07990359785299903,0.04463245575433734,0.26520799777334797
emotions,MLC_PA_Logistic,5,Per Label,4,sad-lonely,0.13385705698751055,0.07819994060544792,0.4152516960801141
emotions,MLC_PA_Logistic,5,Per Label,5,angry-aggresive,0.142384986028004,0.08301859503342779,0.4305769963108784
emotions,MLC_PA_MLP,1,Aggregate,,,0.21769562275562399,0.20804387699466587,0.6270460062174227
emotions,MLC_PA_MLP,2,Aggregate,,,0.21526114823366405,0.22437822034045093,0.6223197748553889
emotions,MLC_PA_MLP,3,Aggregate,,,0.21251581507956893,0.21903969597848774,0.6166161503266777
emotions,MLC_PA_MLP,4,Aggregate,,,0.21461035395269606,0.2113283113886913,0.6212178294738742
emotions,MLC_PA_MLP,5,Aggregate,,,0.21158790620518236,0.1870133594954415,0.6145843219302648
emotions,MLC_PA_MLP,1,Per Label,0,amazed-suprised,0.2015076253415485,0.22350481067036018,0.594033856382813
emotions,MLC_PA_MLP,1,Per Label,1,happy-pleased,0.2441329243450366,0.23272838358019216,0.6813021712785323
emotions,MLC_PA_MLP,1,Per Label,2,relaxing-calm,0.22997392400162076,0.1910276310365708,0.6528304041690605
emotions,MLC_PA_MLP,1,Per Label,3,quiet-still,0.20420861238691923,0.3078019953653461,0.5988978700236209
emotions,MLC_PA_MLP,1,Per Label,4,sad-lonely,0.22731367727963084,0.281891083863915,0.646467097973804
emotions,MLC_PA_MLP,1,Per Label,5,angry-aggresive,0.19903697317898805,0.24751075418269047,0.5887446374767054
emotions,MLC_PA_MLP,2,Per Label,0,amazed-suprised,0.20710536807571758,0.1889975526753594,0.6054683508376436
emotions,MLC_PA_MLP,2,Per Label,1,happy-pleased,0.23836778523471022,0.22350967005521302,0.6697182891605654
emotions,MLC_PA_MLP,2,Per Label,2,relaxing-calm,0.2203791995725705,0.17086527152221742,0.6329498353252414
emotions,MLC_PA_MLP,2,Per Label,3,quiet-still,0.19707726364965164,0.34351478178961936,0.5852380160419117
emotions,MLC_PA_MLP,2,Per Label,4,sad-lonely,0.22546627672905786,0.282386345773184,0.64273843956833
emotions,MLC_PA_MLP,2,Per Label,5,angry-aggresive,0.20317099614027628,0.263612716137862,0.597805718198641
emotions,MLC_PA_MLP,3,Per Label,0,amazed-suprised,0.1990078074623086,0.22593590980622832,0.5892366392751424
emotions,MLC_PA_MLP,3,Per Label,1,happy-pleased,0.24223762067769383,0.2222782116595322,0.6775566149577428
emotions,MLC_PA_MLP,3,Per Label,2,relaxing-calm,0.21024532035236176,0.24344657276704054,0.6123276026658638
emotions,MLC_PA_MLP,3,Per Label,3,quiet-still,0.2005001979093923,0.279747557833912,0.5919550577772648
emotions,MLC_PA_MLP,3,Per Label,4,sad-lonely,0.21463821210798822,0.28688780345567844,0.6200760477829518
emotions,MLC_PA_MLP,3,Per Label,5,angry-aggresive,0.20846573196766868,0.21588582406199075,0.608544939501101
emotions,MLC_PA_MLP,4,Per Label,0,amazed-suprised,0.20503516393741175,0.24954145873586336,0.6019080592256465
emotions,MLC_PA_MLP,4,Per Label,1,happy-pleased,0.2385360632777659,0.22742739493648212,0.6701211553574224
emotions,MLC_PA_MLP,4,Per Label,2,relaxing-calm,0.2210061143594381,0.13699323808153474,0.6341935225811799
emotions,MLC_PA_MLP,4,Per Label,3,quiet-still,0.19854358668423888,0.33875741735100745,0.5882276220072374
emotions,MLC_PA_MLP,4,Per Label,4,sad-lonely,0.2177549306432389,0.26434519862135253,0.6274552416695354
emotions,MLC_PA_MLP,4,Per Label,5,angry-aggresive,0.2067862648140829,0.23735218097766245,0.6054013760022234
emotions,MLC_PA_MLP,5,Per Label,0,amazed-suprised,0.202565574611925,0.17633525165942832,0.5962335589639257
emotions,MLC_PA_MLP,5,Per Label,1,happy-pleased,0.2395542996304535,0.19630785300097334,0.6719280837925347
emotions,MLC_PA_MLP,5,Per Label,2,relaxing-calm,0.21446303336757863,0.28405376585251696,0.6211799174391084
emotions,MLC_PA_MLP,5,Per Label,3,quiet-still,0.19502980476358997,0.29320329318352795,0.5800002446986583
emotions,MLC_PA_MLP,5,Per Label,4,sad-lonely,0.21422009779947174,0.267326966885033,0.6195323580907828
emotions,MLC_PA_MLP,5,Per Label,5,angry-aggresive,0.2036946270580754,0.19145248420194744,0.5986317685965784
emotions,GSI_MLC_PA_Logistic,1,Aggregate,,,0.14279258385501237,0.0361414302633535,0.4473327710605934
emotions,GSI_MLC_PA_Logistic,2,Aggregate,,,0.13687805129182468,0.04854072756020441,0.4206842024994456
emotions,GSI_MLC_PA_Logistic,3,Aggregate,,,0.14136536254198934,0.02389809242106595,0.43917388992793577
emotions,GSI_MLC_PA_Logistic,4,Aggregate,,,0.13639039702353972,0.053329590065448594,0.42222620520123394
emotions,GSI_MLC_PA_Logistic,5,Aggregate,,,0.14636550045879834,0.06308299139438332,0.4494432991576338
emotions,GSI_MLC_PA_Logistic,1,Per Label,0,amazed-suprised,0.13727030587707623,0.05965523753423115,0.43674923213820716
emotions,GSI_MLC_PA_Logistic,1,Per Label,1,happy-pleased,0.18759253536954132,0.09752613062723903,0.5713512005587593
emotions,GSI_MLC_PA_Logistic,1,Per Label,2,relaxing-calm,0.18925022904510574,0.12572644397986316,0.5586406924169081
emotions,GSI_MLC_PA_Logistic,1,Per Label,3,quiet-still,0.07572118855242288,0.06088106592660999,0.2641796659009957
emotions,GSI_MLC_PA_Logistic,1,Per Label,4,sad-lonely,0.13858064863260416,0.05084030168119456,0.4532543111777478
emotions,GSI_MLC_PA_Logistic,1,Per Label,5,angry-aggresive,0.1283405956533239,0.09828840080512027,0.3998215241709425
emotions,GSI_MLC_PA_Logistic,2,Per Label,0,amazed-suprised,0.1633107760422608,0.08336133575398948,0.47396525687745966
emotions,GSI_MLC_PA_Logistic,2,Per Label,1,happy-pleased,0.1546135083765843,0.0684921181066641,0.47821323889900774
emotions,GSI_MLC_PA_Logistic,2,Per Label,2,relaxing-calm,0.1926845267028752,0.10564339423098233,0.5610576959713824
emotions,GSI_MLC_PA_Logistic,2,Per Label,3,quiet-still,0.05103207421707167,0.10302596738925908,0.18988667819502444
emotions,GSI_MLC_PA_Logistic,2,Per Label,4,sad-lonely,0.13895514467443482,0.03632725600305254,0.4387654573608319
emotions,GSI_MLC_PA_Logistic,2,Per Label,5,angry-aggresive,0.12067227773772121,0.08502783327159949,0.38221688769296736
emotions,GSI_MLC_PA_Logistic,3,Per Label,0,amazed-suprised,0.13091425347002456,0.08664626112391825,0.41188325836994566
emotions,GSI_MLC_PA_Logistic,3,Per Label,1,happy-pleased,0.19429231854219273,0.09855817469689974,0.5773391967859456
emotions,GSI_MLC_PA_Logistic,3,Per Label,2,relaxing-calm,0.14580126575490882,0.07306218875678089,0.44664341339772134
emotions,GSI_MLC_PA_Logistic,3,Per Label,3,quiet-still,0.08773407671205886,0.06563455591468828,0.2784156005124944
emotions,GSI_MLC_PA_Logistic,3,Per Label,4,sad-lonely,0.14219170989569724,0.11522179789844961,0.4534881554685086
emotions,GSI_MLC_PA_Logistic,3,Per Label,5,angry-aggresive,0.1472585508770537,0.06362840873936512,0.4672737150329989
emotions,GSI_MLC_PA_Logistic,4,Per Label,0,amazed-suprised,0.1403554545154026,0.08277136443745996,0.42547428127872594
emotions,GSI_MLC_PA_Logistic,4,Per Label,1,happy-pleased,0.159257296004146,0.128723891637212,0.4776592855187795
emotions,GSI_MLC_PA_Logistic,4,Per Label,2,relaxing-calm,0.18009929058355706,0.08485986387822773,0.5357654619323305
emotions,GSI_MLC_PA_Logistic,4,Per Label,3,quiet-still,0.07234752010975516,0.045522204137259416,0.2409043304458055
emotions,GSI_MLC_PA_Logistic,4,Per Label,4,sad-lonely,0.13487190430000892,0.10187650434672832,0.4253556931025693
emotions,GSI_MLC_PA_Logistic,4,Per Label,5,angry-aggresive,0.1314109166283685,0.0990304765116889,0.428198178929193
emotions,GSI_MLC_PA_Logistic,5,Per Label,0,amazed-suprised,0.16327206215121384,0.09145900395262507,0.5144487621558684
emotions,GSI_MLC_PA_Logistic,5,Per Label,1,happy-pleased,0.20264816234032337,0.12382384755045354,0.5998143904725698
emotions,GSI_MLC_PA_Logistic,5,Per Label,2,relaxing-calm,0.1533690834507629,0.13210138724879392,0.46474276922489477
emotions,GSI_MLC_PA_Logistic,5,Per Label,3,quiet-still,0.08266165179497535,0.06940582077538862,0.2718251807014777
emotions,GSI_MLC_PA_Logistic,5,Per Label,4,sad-lonely,0.13385705698751055,0.07819994060544792,0.4152516960801141
emotions,GSI_MLC_PA_Logistic,5,Per Label,5,angry-aggresive,0.142384986028004,0.08301859503342779,0.4305769963108784
emotions,GSI_MLC_PA_MLP,1,Aggregate,,,0.21192397868854865,0.20055299382555025,0.6153215624840935
emotions,GSI_MLC_PA_MLP,2,Aggregate,,,0.21354783029691357,0.21626652789263182,0.6187597927209856
emotions,GSI_MLC_PA_MLP,3,Aggregate,,,0.20761459722421943,0.20614868891109941,0.6061399001291048
emotions,GSI_MLC_PA_MLP,4,Aggregate,,,0.2127825899194472,0.19645831324160098,0.6174089479348915
emotions,GSI_MLC_PA_MLP,5,Aggregate,,,0.20808196534742474,0.19711831118626696,0.607461732467367
emotions,GSI_MLC_PA_MLP,1,Per Label,0,amazed-suprised,0.2015076253415485,0.22350481067036018,0.594033856382813
emotions,GSI_MLC_PA_MLP,1,Per Label,1,happy-pleased,0.2441329243450366,0.23272838358019216,0.6813021712785323
emotions,GSI_MLC_PA_MLP,1,Per Label,2,relaxing-calm,0.22748216687155826,0.1737368294938666,0.6474163595802227
emotions,GSI_MLC_PA_MLP,1,Per Label,3,quiet-still,0.18904664077765546,0.2822810989178595,0.5684261784989482
emotions,GSI_MLC_PA_MLP,1,Per Label,4,sad-lonely,0.21033754161650478,0.25120311267063267,0.6120061716873393
emotions,GSI_MLC_PA_MLP,1,Per Label,5,angry-aggresive,0.19903697317898805,0.24751075418269047,0.5887446374767054
emotions,GSI_MLC_PA_MLP,2,Per Label,0,amazed-suprised,0.21724873322699353,0.1987117486340659,0.626561044729491
emotions,GSI_MLC_PA_MLP,2,Per Label,1,happy-pleased,0.23323346016560728,0.22730675014127202,0.6594972434638917
emotions,GSI_MLC_PA_MLP,2,Per Label,2,relaxing-calm,0.22603671880633341,0.18815324459037966,0.6445457440252178
emotions,GSI_MLC_PA_MLP,2,Per Label,3,quiet-still,0.18197215466251113,0.29656395115772216,0.553210641544488
emotions,GSI_MLC_PA_MLP,2,Per Label,4,sad-lonely,0.2196249187797598,0.21016924195930736,0.6309383643641842
emotions,GSI_MLC_PA_MLP,2,Per Label,5,angry-aggresive,0.20317099614027628,0.263612716137862,0.597805718198641
emotions,GSI_MLC_PA_MLP,3,Per Label,0,amazed-suprised,0.1947553603489246,0.21639447798573874,0.5792486828097091
emotions,GSI_MLC_PA_MLP,3,Per Label,1,happy-pleased,0.23221508840783894,0.19014135463450982,0.6573335148684061
emotions,GSI_MLC_PA_MLP,3,Per Label,2,relaxing-calm,0.21024532035236176,0.24344657276704054,0.6123276026658638
emotions,GSI_MLC_PA_MLP,3,Per Label,3,quiet-still,0.18536787016053455,0.2640272216583655,0.5593086131465973
emotions,GSI_MLC_PA_MLP,3,Per Label,4,sad-lonely,0.21463821210798822,0.28688780345567844,0.6200760477829518
emotions,GSI_MLC_PA_MLP,3,Per Label,5,angry-aggresive,0.20846573196766868,0.21588582406199075,0.608544939501101
emotions,GSI_MLC_PA_MLP,4,Per Label,0,amazed-suprised,0.20503516393741175,0.24954145873586336,0.6019080592256465
emotions,GSI_MLC_PA_MLP,4,Per Label,1,happy-pleased,0.2385360632777659,0.22742739493648212,0.6701211553574224
emotions,GSI_MLC_PA_MLP,4,Per Label,2,relaxing-calm,0.2210061143594381,0.13699323808153474,0.6341935225811799
emotions,GSI_MLC_PA_MLP,4,Per Label,3,quiet-still,0.18757700248474554,0.2704135708510876,0.5653743327733418
emotions,GSI_MLC_PA_MLP,4,Per Label,4,sad-lonely,0.2177549306432389,0.26434519862135253,0.6274552416695354
emotions,GSI_MLC_PA_MLP,4,Per Label,5,angry-aggresive,0.2067862648140829,0.23735218097766245,0.6054013760022234
emotions,GSI_MLC_PA_MLP,5,Per Label,0,amazed-suprised,0.20765120811651977,0.20378211386706852,0.6070741451177689
emotions,GSI_MLC_PA_MLP,5,Per Label,1,happy-pleased,0.23071444927980056,0.15309123489834847,0.6543089606210223
emotions,GSI_MLC_PA_MLP,5,Per Label,2,relaxing-calm,0.21446303336757863,0.28405376585251696,0.6211799174391084
emotions,GSI_MLC_PA_MLP,5,Per Label,3,quiet-still,0.18160478756828158,0.23929435465860804,0.552005988198632
emotions,GSI_MLC_PA_MLP,5,Per Label,4,sad-lonely,0.21036368669429226,0.22404361878513196,0.6115696148310918
emotions,GSI_MLC_PA_MLP,5,Per Label,5,angry-aggresive,0.2036946270580754,0.19145248420194744,0.5986317685965784
emotions,BR_SVM,1,Aggregate,,,0.14504611881950197,0.0443580654681672,0.45239764181990827
emotions,BR_SVM,2,Aggregate,,,0.14153458776781455,0.05427104490603805,0.4310861790025181
emotions,BR_SVM,3,Aggregate,,,0.1432404370783175,0.045027159645308734,0.44915629527701917
emotions,BR_SVM,4,Aggregate,,,0.14161703830354377,0.04673047745394695,0.4408890994395108
emotions,BR_SVM,5,Aggregate,,,0.14754633689689844,0.056349452984683635,0.45135343846211085
emotions,BR_SVM,1,Per Label,0,amazed-suprised,0.1468349482495732,0.0888271471141975,0.4521721025980284
emotions,BR_SVM,1,Per Label,1,happy-pleased,0.19775356642703634,0.05106074112604876,0.581815833216102
emotions,BR_SVM,1,Per Label,2,relaxing-calm,0.18823077692262702,0.0920395890143929,0.5699564430579924
emotions,BR_SVM,1,Per Label,3,quiet-still,0.07407906660108049,0.02861866850165169,0.259582696432274
emotions,BR_SVM,1,Per Label,4,sad-lonely,0.1352160968441057,0.100361289555726,0.4454782896492927
emotions,BR_SVM,1,Per Label,5,angry-aggresive,0.12816225787258917,0.1152681794887567,0.40538048596576065
emotions,BR_SVM,2,Per Label,0,amazed-suprised,0.16122698720886197,0.09277518102977454,0.48057332144777376
emotions,BR_SVM,2,Per Label,1,happy-pleased,0.17709059511897995,0.1443692879015658,0.5314927034316608
emotions,BR_SVM,2,Per Label,2,relaxing-calm,0.19772487368302696,0.10243659356937689,0.5702917279832673
emotions,BR_SVM,2,Per Label,3,quiet-still,0.051825754363398154,0.05677833748109341,0.1749493470003488
emotions,BR_SVM,2,Per Label,4,sad-lonely,0.13409476255130598,0.09541693514510363,0.4238692658887958
emotions,BR_SVM,2,Per Label,5,angry-aggresive,0.12724455368131424,0.12388795961336303,0.4053407082632624
emotions,BR_SVM,3,Per Label,0,amazed-suprised,0.13456779302981847,0.0801007816628591,0.4249053326818293
emotions,BR_SVM,3,Per Label,1,happy-pleased,0.2010929629199021,0.0518273217527847,0.5922412319357734
emotions,BR_SVM,3,Per Label,2,relaxing-calm,0.14783709869955514,0.1284029411409444,0.4625659437295069
emotions,BR_SVM,3,Per Label,3,quiet-still,0.09431362439598698,0.0978269697238016,0.29379557554628905
emotions,BR_SVM,3,Per Label,4,sad-lonely,0.13777856101258973,0.10303328681139255,0.45583993734599737
emotions,BR_SVM,3,Per Label,5,angry-aggresive,0.1438525824120524,0.07719886375683913,0.46558975042271916
emotions,BR_SVM,4,Per Label,0,amazed-suprised,0.1479953078758861,0.11521812301749984,0.46064519023279105
emotions,BR_SVM,4,Per Label,1,happy-pleased,0.18587378613335598,0.04669773007432619,0.551409572121472
emotions,BR_SVM,4,Per Label,2,relaxing-calm,0.1710331640136373,0.10520098488777879,0.518661154683281
emotions,BR_SVM,4,Per Label,3,quiet-still,0.06883739592914241,0.051740649652765563,0.23957156799452614
emotions,BR_SVM,4,Per Label,4,sad-lonely,0.14372333773653925,0.07976757016343375,0.44610770401386785
emotions,BR_SVM,4,Per Label,5,angry-aggresive,0.13223923813270153,0.09008865508221789,0.42893940759112653
emotions,BR_SVM,5,Per Label,0,amazed-suprised,0.16635883166937485,0.08829597551204744,0.5051329923981921
emotions,BR_SVM,5,Per Label,1,happy-pleased,0.19567042076655644,0.09112794273490203,0.573123496493958
emotions,BR_SVM,5,Per Label,2,relaxing-calm,0.16494335952824743,0.14636498081301327,0.5035551445837276
emotions,BR_SVM,5,Per Label,3,quiet-still,0.0904767465931029,0.06875528739490394,0.2931503493094103
emotions,BR_SVM,5,Per Label,4,sad-lonely,0.12813380805711633,0.03975925082768049,0.4061175728741731
emotions,BR_SVM,5,Per Label,5,angry-aggresive,0.13969485476699264,0.0707664874347873,0.42704107511320366
emotions,CC_SVM,1,Aggregate,,,0.15537640427003707,0.06325801444923253,0.4783813364804403
emotions,CC_SVM,2,Aggregate,,,0.1545508080530238,0.05688426988654204,0.4647188391395434
emotions,CC_SVM,3,Aggregate,,,0.1542099358577248,0.06230104432235,0.4763884381902939
emotions,CC_SVM,4,Aggregate,,,0.15447035706392256,0.05163673001783277,0.46874284909355246
emotions,CC_SVM,5,Aggregate,,,0.1558698921015807,0.04580387929186269,0.46901246971165605
emotions,CC_SVM,1,Per Label,0,amazed-suprised,0.1468349482495732,0.0888271471141975,0.4521721025980284
emotions,CC_SVM,1,Per Label,1,happy-pleased,0.197459859662452,0.04888240425068825,0.581155325974119
emotions,CC_SVM,1,Per Label,2,relaxing-calm,0.1895259541087723,0.09202798920851507,0.5615443149356626
emotions,CC_SVM,1,Per Label,3,quiet-still,0.08247722187153902,0.05224675036375446,0.27225863607979645
emotions,CC_SVM,1,Per Label,4,sad-lonely,0.15654974860577767,0.1511050244090987,0.507433092552748
emotions,CC_SVM,1,Per Label,5,angry-aggresive,0.15941069312210807,0.1531232806036031,0.4957245467422866
emotions,CC_SVM,2,Per Label,0,amazed-suprised,0.16122698720886197,0.09277518102977454,0.48057332144777376
emotions,CC_SVM,2,Per Label,1,happy-pleased,0.17776435405945545,0.13428169589082734,0.5330639925288679
emotions,CC_SVM,2,Per Label,2,relaxing-calm,0.2013502976287861,0.10568972293897963,0.5830898824745193
emotions,CC_SVM,2,Per Label,3,quiet-still,0.06559674189802887,0.07770049537291068,0.21791368919648813
emotions,CC_SVM,2,Per Label,4,sad-lonely,0.15536786379083045,0.08599576527378013,0.47707474167892844
emotions,CC_SVM,2,Per Label,5,angry-aggresive,0.16599860373217992,0.12365186651444704,0.49659740751068315
emotions,CC_SVM,3,Per Label,0,amazed-suprised,0.13456779302981847,0.0801007816628591,0.4249053326818293
emotions,CC_SVM,3,Per Label,1,happy-pleased,0.20104746064936566,0.06057760997758648,0.59204508558117
emotions,CC_SVM,3,Per Label,2,relaxing-calm,0.1480922872525094,0.11218134061683241,0.45354021755060014
emotions,CC_SVM,3,Per Label,3,quiet-still,0.09413385166433452,0.06334776838758949,0.30076556428379886
emotions,CC_SVM,3,Per Label,4,sad-lonely,0.14808270104336432,0.13999778921980927,0.47453849437318346
emotions,CC_SVM,3,Per Label,5,angry-aggresive,0.19933552150695633,0.17582341666180523,0.6125359346711821
emotions,CC_SVM,4,Per Label,0,amazed-suprised,0.1479953078758861,0.11521812301749984,0.46064519023279105
emotions,CC_SVM,4,Per Label,1,happy-pleased,0.18584487864670357,0.0405245503100256,0.5514803707160567
emotions,CC_SVM,4,Per Label,2,relaxing-calm,0.17471048527668526,0.10311654064183434,0.5213995368740745
emotions,CC_SVM,4,Per Label,3,quiet-still,0.08838062713332152,0.055206913098078306,0.2884997568987424
emotions,CC_SVM,4,Per Label,4,sad-lonely,0.17738507280082066,0.10561834470136092,0.5255129538570793
emotions,CC_SVM,4,Per Label,5,angry-aggresive,0.15250577065011814,0.11263300295892502,0.46491928598257054
emotions,CC_SVM,5,Per Label,0,amazed-suprised,0.16635883166937485,0.08829597551204744,0.5051329923981921
emotions,CC_SVM,5,Per Label,1,happy-pleased,0.19512331678603925,0.073644435938892,0.571788134346618
emotions,CC_SVM,5,Per Label,2,relaxing-calm,0.15824313367638204,0.12983093982767482,0.48042384442064906
emotions,CC_SVM,5,Per Label,3,quiet-still,0.09394600654776547,0.06718320601262057,0.28126039695064653
emotions,CC_SVM,5,Per Label,4,sad-lonely,0.15252605511967812,0.09457908987725547,0.47076033734907335
emotions,CC_SVM,5,Per Label,5,angry-aggresive,0.16902200881024457,0.13159810469142447,0.5047091128047568
emotions,MLC_PA_SVM,1,Aggregate,,,0.14504611881950197,0.0443580654681672,0.45239764181990827
emotions,MLC_PA_SVM,2,Aggregate,,,0.14153458776781455,0.05427104490603805,0.4310861790025181
emotions,MLC_PA_SVM,3,Aggregate,,,0.1432404370783175,0.045027159645308734,0.44915629527701917
emotions,MLC_PA_SVM,4,Aggregate,,,0.14161703830354377,0.04673047745394695,0.4408890994395108
emotions,MLC_PA_SVM,5,Aggregate,,,0.14754633689689844,0.056349452984683635,0.45135343846211085
emotions,MLC_PA_SVM,1,Per Label,0,amazed-suprised,0.1468349482495732,0.0888271471141975,0.4521721025980284
emotions,MLC_PA_SVM,1,Per Label,1,happy-pleased,0.19775356642703634,0.05106074112604876,0.581815833216102
emotions,MLC_PA_SVM,1,Per Label,2,relaxing-calm,0.18823077692262702,0.0920395890143929,0.5699564430579924
emotions,MLC_PA_SVM,1,Per Label,3,quiet-still,0.07407906660108049,0.02861866850165169,0.259582696432274
emotions,MLC_PA_SVM,1,Per Label,4,sad-lonely,0.1352160968441057,0.100361289555726,0.4454782896492927
emotions,MLC_PA_SVM,1,Per Label,5,angry-aggresive,0.12816225787258917,0.1152681794887567,0.40538048596576065
emotions,MLC_PA_SVM,2,Per Label,0,amazed-suprised,0.16122698720886197,0.09277518102977454,0.48057332144777376
emotions,MLC_PA_SVM,2,Per Label,1,happy-pleased,0.17709059511897995,0.1443692879015658,0.5314927034316608
emotions,MLC_PA_SVM,2,Per Label,2,relaxing-calm,0.19772487368302696,0.10243659356937689,0.5702917279832673
emotions,MLC_PA_SVM,2,Per Label,3,quiet-still,0.051825754363398154,0.05677833748109341,0.1749493470003488
emotions,MLC_PA_SVM,2,Per Label,4,sad-lonely,0.13409476255130598,0.09541693514510363,0.4238692658887958
emotions,MLC_PA_SVM,2,Per Label,5,angry-aggresive,0.12724455368131424,0.12388795961336303,0.4053407082632624
emotions,MLC_PA_SVM,3,Per Label,0,amazed-suprised,0.13456779302981847,0.0801007816628591,0.4249053326818293
emotions,MLC_PA_SVM,3,Per Label,1,happy-pleased,0.2010929629199021,0.0518273217527847,0.5922412319357734
emotions,MLC_PA_SVM,3,Per Label,2,relaxing-calm,0.14783709869955514,0.1284029411409444,0.4625659437295069
emotions,MLC_PA_SVM,3,Per Label,3,quiet-still,0.09431362439598698,0.0978269697238016,0.29379557554628905
emotions,MLC_PA_SVM,3,Per Label,4,sad-lonely,0.13777856101258973,0.10303328681139255,0.45583993734599737
emotions,MLC_PA_SVM,3,Per Label,5,angry-aggresive,0.1438525824120524,0.07719886375683913,0.46558975042271916
emotions,MLC_PA_SVM,4,Per Label,0,amazed-suprised,0.1479953078758861,0.11521812301749984,0.46064519023279105
emotions,MLC_PA_SVM,4,Per Label,1,happy-pleased,0.18587378613335598,0.04669773007432619,0.551409572121472
emotions,MLC_PA_SVM,4,Per Label,2,relaxing-calm,0.1710331640136373,0.10520098488777879,0.518661154683281
emotions,MLC_PA_SVM,4,Per Label,3,quiet-still,0.06883739592914241,0.051740649652765563,0.23957156799452614
emotions,MLC_PA_SVM,4,Per Label,4,sad-lonely,0.14372333773653925,0.07976757016343375,0.44610770401386785
emotions,MLC_PA_SVM,4,Per Label,5,angry-aggresive,0.13223923813270153,0.09008865508221789,0.42893940759112653
emotions,MLC_PA_SVM,5,Per Label,0,amazed-suprised,0.16635883166937485,0.08829597551204744,0.5051329923981921
emotions,MLC_PA_SVM,5,Per Label,1,happy-pleased,0.19567042076655644,0.09112794273490203,0.573123496493958
emotions,MLC_PA_SVM,5,Per Label,2,relaxing-calm,0.16494335952824743,0.14636498081301327,0.5035551445837276
emotions,MLC_PA_SVM,5,Per Label,3,quiet-still,0.0904767465931029,0.06875528739490394,0.2931503493094103
emotions,MLC_PA_SVM,5,Per Label,4,sad-lonely,0.12813380805711633,0.03975925082768049,0.4061175728741731
emotions,MLC_PA_SVM,5,Per Label,5,angry-aggresive,0.13969485476699264,0.0707664874347873,0.42704107511320366
emotions,GSI_MLC_PA_SVM,1,Aggregate,,,0.14612451757989062,0.03190717322633468,0.453175525780524
emotions,GSI_MLC_PA_SVM,2,Aggregate,,,0.13738392881130324,0.047714109528106445,0.4182877259550556
emotions,GSI_MLC_PA_SVM,3,Aggregate,,,0.14274133621731389,0.04304528697509346,0.44936156083649936
emotions,GSI_MLC_PA_SVM,4,Aggregate,,,0.14178360079797933,0.036017545755343945,0.43879916177633965
emotions,GSI_MLC_PA_SVM,5,Aggregate,,,0.14903672357341335,0.04483054048602388,0.455237873603742
emotions,GSI_MLC_PA_SVM,1,Per Label,0,amazed-suprised,0.14450413880583587,0.08434817856466903,0.4414428628160463
emotions,GSI_MLC_PA_SVM,1,Per Label,1,happy-pleased,0.19977893125536061,0.1240158758394011,0.6005791826297565
emotions,GSI_MLC_PA_SVM,1,Per Label,2,relaxing-calm,0.19239010791229944,0.08273431579158726,0.5641570401666668
emotions,GSI_MLC_PA_SVM,1,Per Label,3,quiet-still,0.07323574189031094,0.04536503345904427,0.254706645944373
emotions,GSI_MLC_PA_SVM,1,Per Label,4,sad-lonely,0.1352160968441057,0.100361289555726,0.4454782896492927
emotions,GSI_MLC_PA_SVM,1,Per Label,5,angry-aggresive,0.13162208877143108,0.12726256174468537,0.4126891334770088
emotions,GSI_MLC_PA_SVM,2,Per Label,0,amazed-suprised,0.16207952777644857,0.07537759181853879,0.47738857798656625
emotions,GSI_MLC_PA_SVM,2,Per Label,1,happy-pleased,0.16017544045082352,0.1013884781760976,0.48689242863045107
emotions,GSI_MLC_PA_SVM,2,Per Label,2,relaxing-calm,0.19481558190105663,0.1188612554104482,0.5605769369724722
emotions,GSI_MLC_PA_SVM,2,Per Label,3,quiet-still,0.051825754363398154,0.05677833748109341,0.1749493470003488
emotions,GSI_MLC_PA_SVM,2,Per Label,4,sad-lonely,0.13409476255130598,0.09541693514510363,0.4238692658887958
emotions,GSI_MLC_PA_SVM,2,Per Label,5,angry-aggresive,0.12131250582478655,0.11371516619472068,0.38604979925169974
emotions,GSI_MLC_PA_SVM,3,Per Label,0,amazed-suprised,0.1375195400032686,0.1008860687312072,0.4295989421989981
emotions,GSI_MLC_PA_SVM,3,Per Label,1,happy-pleased,0.19441737334179762,0.10593441211087426,0.5930899093679809
emotions,GSI_MLC_PA_SVM,3,Per Label,2,relaxing-calm,0.14783709869955514,0.1284029411409444,0.4625659437295069
emotions,GSI_MLC_PA_SVM,3,Per Label,3,quiet-still,0.09580412162253114,0.07727085855343191,0.29381547735681474
emotions,GSI_MLC_PA_SVM,3,Per Label,4,sad-lonely,0.13777856101258973,0.10303328681139255,0.45583993734599737
emotions,GSI_MLC_PA_SVM,3,Per Label,5,angry-aggresive,0.14309132262414123,0.09538294064252065,0.4612591550196981
emotions,GSI_MLC_PA_SVM,4,Per Label,0,amazed-suprised,0.14899468284249964,0.08157851405933964,0.4481055642537647
emotions,GSI_MLC_PA_SVM,4,Per Label,1,happy-pleased,0.18587378613335598,0.04669773007432619,0.551409572121472
emotions,GSI_MLC_PA_SVM,4,Per Label,2,relaxing-calm,0.1710331640136373,0.10520098488777879,0.518661154683281
emotions,GSI_MLC_PA_SVM,4,Per Label,3,quiet-still,0.06883739592914241,0.051740649652765563,0.23957156799452614
emotions,GSI_MLC_PA_SVM,4,Per Label,4,sad-lonely,0.14372333773653925,0.07976757016343375,0.44610770401386785
emotions,GSI_MLC_PA_SVM,4,Per Label,5,angry-aggresive,0.13223923813270153,0.09008865508221789,0.42893940759112653
emotions,GSI_MLC_PA_SVM,5,Per Label,0,amazed-suprised,0.17731476281593092,0.11948904288610468,0.5378530853605736
emotions,GSI_MLC_PA_SVM,5,Per Label,1,happy-pleased,0.18804278059302929,0.0837979138732844,0.5493061197889123
emotions,GSI_MLC_PA_SVM,5,Per Label,2,relaxing-calm,0.16117442762847065,0.14375032639868043,0.4901549057399123
emotions,GSI_MLC_PA_SVM,5,Per Label,3,quiet-still,0.09392493957081002,0.0626286070891764,0.30042976551768225
emotions,GSI_MLC_PA_SVM,5,Per Label,4,sad-lonely,0.12813380805711633,0.03975925082768049,0.4061175728741731
emotions,GSI_MLC_PA_SVM,5,Per Label,5,angry-aggresive,0.14562962277512295,0.06308520391997345,0.44756579234119886
music,BR_Logistic,1,Aggregate,,,0.13586488871412938,0.05643801077208935,0.42335914148461357
music,BR_Logistic,2,Aggregate,,,0.1479656697383185,0.03475597119137466,0.4493999604206552
music,BR_Logistic,3,Aggregate,,,0.13546313232067664,0.03757362861865068,0.4223463294554198
music,BR_Logistic,4,Aggregate,,,0.13606238192190273,0.0544326954582952,0.4292218695102716
music,BR_Logistic,5,Aggregate,,,0.14046009324981476,0.03103763563696794,0.43878832828059733
music,BR_Logistic,1,Per Label,0,amazed-suprised,0.127028348131262,0.0744085451079329,0.4042153563705829
music,BR_Logistic,1,Per Label,1,happy-pleased,0.18120821256843603,0.0384948155960115,0.5400587687316019
music,BR_Logistic,1,Per Label,2,relaxing-clam,0.17262345114287847,0.118459802120924,0.5125922304225798
music,BR_Logistic,1,Per Label,3,quiet-still,0.07618810080239542,0.06714842624572485,0.2553496122847984
music,BR_Logistic,1,Per Label,4,sad-lonely,0.1413008695648016,0.09163834963839095,0.4460034091480102
music,BR_Logistic,1,Per Label,5,angry-aggresive,0.11684035007500276,0.101966139629088,0.3819354719501081
music,BR_Logistic,2,Per Label,0,amazed-suprised,0.13254807825185555,0.05750057090105664,0.41218024118009206
music,BR_Logistic,2,Per Label,1,happy-pleased,0.21541176514952423,0.0944341391356837,0.6253738704794238
music,BR_Logistic,2,Per Label,2,relaxing-clam,0.1621551241535353,0.07619670033454894,0.4846337918318556
music,BR_Logistic,2,Per Label,3,quiet-still,0.06411422008742575,0.06346274874694921,0.22103872808403938
music,BR_Logistic,2,Per Label,4,sad-lonely,0.16289128987140492,0.0934716247780344,0.49742480863836047
music,BR_Logistic,2,Per Label,5,angry-aggresive,0.1506735409161655,0.08460338341011756,0.4557483223101594
music,BR_Logistic,3,Per Label,0,amazed-suprised,0.14546956437753267,0.06707542283870911,0.4524782712690952
music,BR_Logistic,3,Per Label,1,happy-pleased,0.1850367202158529,0.05753408516046859,0.5539716380610655
music,BR_Logistic,3,Per Label,2,relaxing-clam,0.15841039024876702,0.08116605511661303,0.48144090242900883
music,BR_Logistic,3,Per Label,3,quiet-still,0.07966440146848125,0.038007192356031984,0.26965833582401344
music,BR_Logistic,3,Per Label,4,sad-lonely,0.13800533021588382,0.08656355901423968,0.4381786766758561
music,BR_Logistic,3,Per Label,5,angry-aggresive,0.10619238739754198,0.09021627652161396,0.33835015247347894
music,BR_Logistic,4,Per Label,0,amazed-suprised,0.1647633599377395,0.13108934314154527,0.5146518673290819
music,BR_Logistic,4,Per Label,1,happy-pleased,0.17560001903586941,0.05430428783933654,0.5317692211485001
music,BR_Logistic,4,Per Label,2,relaxing-clam,0.1670088753616125,0.12631412114588028,0.5031588327634823
music,BR_Logistic,4,Per Label,3,quiet-still,0.06599045287142863,0.06320485376000616,0.22111677414125916
music,BR_Logistic,4,Per Label,4,sad-lonely,0.10324577620047791,0.11986784715236735,0.34555689525522093
music,BR_Logistic,4,Per Label,5,angry-aggresive,0.1397658081242884,0.07493025050772463,0.4590776264240855
music,BR_Logistic,5,Per Label,0,amazed-suprised,0.13860202826410664,0.07740019592202167,0.4254566629232995
music,BR_Logistic,5,Per Label,1,happy-pleased,0.1889176337959572,0.08038646818584755,0.5536849976984828
music,BR_Logistic,5,Per Label,2,relaxing-clam,0.17826130752478153,0.14112345420387612,0.550134025086697
music,BR_Logistic,5,Per Label,3,quiet-still,0.07092127079073607,0.051830019792561424,0.23713586075649773
music,BR_Logistic,5,Per Label,4,sad-lonely,0.1453173909046758,0.10500688841488182,0.4685915177866602
music,BR_Logistic,5,Per Label,5,angry-aggresive,0.12074092821863132,0.09291415518256917,0.3977269054319467
music,BR_MLP,1,Aggregate,,,0.21407241917040354,0.21592966078960596,0.6194120826019655
music,BR_MLP,2,Aggregate,,,0.21443079022047445,0.20915257107158672,0.6200123425509454
music,BR_MLP,3,Aggregate,,,0.21494779577102052,0.20498056301457734,0.6214080013602438
music,BR_MLP,4,Aggregate,,,0.21234813466986346,0.20233057330803372,0.6162145057403251
music,BR_MLP,5,Aggregate,,,0.21380848638269845,0.22529679549341441,0.6189435832748356
music,BR_MLP,1,Per Label,0,amazed-suprised,0.18984170028650116,0.24317084728669716,0.5696845317583384
music,BR_MLP,1,Per Label,1,happy-pleased,0.2310262206687404,0.20864873723823482,0.6543716406053266
music,BR_MLP,1,Per Label,2,relaxing-clam,0.21810746906374723,0.18084920779997563,0.6283556832212999
music,BR_MLP,1,Per Label,3,quiet-still,0.19520363317344577,0.35066680497482045,0.5788730220845675
music,BR_MLP,1,Per Label,4,sad-lonely,0.23144962208702385,0.2582584692149603,0.6553550703183993
music,BR_MLP,1,Per Label,5,angry-aggresive,0.2188058697429629,0.21419131605565045,0.6298325476238609
music,BR_MLP,2,Per Label,0,amazed-suprised,0.18783284798950742,0.21948485573132834,0.5654414410495064
music,BR_MLP,2,Per Label,1,happy-pleased,0.23422980465831852,0.2022837003072103,0.660824255923368
music,BR_MLP,2,Per Label,2,relaxing-clam,0.21577108081168037,0.17258579837970245,0.623399195325672
music,BR_MLP,2,Per Label,3,quiet-still,0.18715899052243432,0.309797483886409,0.5629032515241048
music,BR_MLP,2,Per Label,4,sad-lonely,0.23008325265552595,0.2495411007832258,0.6517954424302522
music,BR_MLP,2,Per Label,5,angry-aggresive,0.23150876468538026,0.20515278847808516,0.6557104690527693
music,BR_MLP,3,Per Label,0,amazed-suprised,0.2014883503147458,0.22886402223069788,0.593897009314229
music,BR_MLP,3,Per Label,1,happy-pleased,0.2294466416353618,0.213741099935467,0.6512620319679242
music,BR_MLP,3,Per Label,2,relaxing-clam,0.21769657050393634,0.1367138040772939,0.6273502361973201
music,BR_MLP,3,Per Label,3,quiet-still,0.19748758648715495,0.29374174268568976,0.5838586273474484
music,BR_MLP,3,Per Label,4,sad-lonely,0.22997123509696538,0.24376307655188997,0.6526444904618587
music,BR_MLP,3,Per Label,5,angry-aggresive,0.21359639058795898,0.22665510617070278,0.6194356128726821
music,BR_MLP,4,Per Label,0,amazed-suprised,0.20287496326160068,0.19567548226909476,0.5966855885018506
music,BR_MLP,4,Per Label,1,happy-pleased,0.22988283963757417,0.218700391404769,0.6523496549662591
music,BR_MLP,4,Per Label,2,relaxing-clam,0.21924198973199407,0.1984940206303316,0.6305331078344081
music,BR_MLP,4,Per Label,3,quiet-still,0.18667729817842277,0.29174121663350017,0.5624470264258967
music,BR_MLP,4,Per Label,4,sad-lonely,0.21128136058653738,0.27199795391379283,0.6142522902960738
music,BR_MLP,4,Per Label,5,angry-aggresive,0.22413035662305156,0.20946892244475235,0.6410193664174624
music,BR_MLP,5,Per Label,0,amazed-suprised,0.19360721224028662,0.24683994831157333,0.57758943588594
music,BR_MLP,5,Per Label,1,happy-pleased,0.2292912039292616,0.22004799031409897,0.6508404575653951
music,BR_MLP,5,Per Label,2,relaxing-clam,0.2253260020986749,0.15349820681980678,0.6430877908868726
music,BR_MLP,5,Per Label,3,quiet-still,0.19124284360342894,0.3229244373926595,0.5714319858310264
music,BR_MLP,5,Per Label,4,sad-lonely,0.2325689350551329,0.2678330888768204,0.6573469637734206
music,BR_MLP,5,Per Label,5,angry-aggresive,0.21081472136940557,0.24122151406873174,0.6133648657063583
music,CC_Logistic,1,Aggregate,,,0.14421616099579648,0.03420872236926675,0.4412534548096419
music,CC_Logistic,2,Aggregate,,,0.1636835049432255,0.06096829244443811,0.49771642560828006
music,CC_Logistic,3,Aggregate,,,0.14864247609904085,0.04620573757379288,0.453283805222403
music,CC_Logistic,4,Aggregate,,,0.1414714218405132,0.04993038759362118,0.4422971303596563
music,CC_Logistic,5,Aggregate,,,0.15310739982616833,0.04953958156212528,0.46607099442555905
music,CC_Logistic,1,Per Label,0,amazed-suprised,0.127028348131262,0.0744085451079329,0.4042153563705829
music,CC_Logistic,1,Per Label,1,happy-pleased,0.18449217513695268,0.042828750960967124,0.5478615665853703
music,CC_Logistic,1,Per Label,2,relaxing-clam,0.16862106529975732,0.09547984458020878,0.49313214304829295
music,CC_Logistic,1,Per Label,3,quiet-still,0.08742479337763912,0.07817332633023107,0.2798783801375616
music,CC_Logistic,1,Per Label,4,sad-lonely,0.15077866140495236,0.09659319259852421,0.48375768124848356
music,CC_Logistic,1,Per Label,5,angry-aggresive,0.14695192262421547,0.12212270412535627,0.43867560146755974
music,CC_Logistic,2,Per Label,0,amazed-suprised,0.13254807825185555,0.05750057090105664,0.41218024118009206
music,CC_Logistic,2,Per Label,1,happy-pleased,0.21566902006741498,0.08829507796873903,0.6261190572679489
music,CC_Logistic,2,Per Label,2,relaxing-clam,0.16034811647109368,0.09146406220741825,0.4688536607633298
music,CC_Logistic,2,Per Label,3,quiet-still,0.0761149280027737,0.04365642667931931,0.24589212424991144
music,CC_Logistic,2,Per Label,4,sad-lonely,0.17874174418934746,0.14942457836616832,0.5560391017440937
music,CC_Logistic,2,Per Label,5,angry-aggresive,0.21867914267686764,0.19976131118037146,0.6772143684443044
music,CC_Logistic,3,Per Label,0,amazed-suprised,0.14546956437753267,0.06707542283870911,0.4524782712690952
music,CC_Logistic,3,Per Label,1,happy-pleased,0.1843660131396452,0.07512357628951638,0.5525653075792798
music,CC_Logistic,3,Per Label,2,relaxing-clam,0.16791422679284437,0.09521809764900956,0.4954807770602196
music,CC_Logistic,3,Per Label,3,quiet-still,0.09695471308766038,0.0807757459788186,0.3048089094576976
music,CC_Logistic,3,Per Label,4,sad-lonely,0.16744461087512827,0.17474166339340272,0.5396092201677297
music,CC_Logistic,3,Per Label,5,angry-aggresive,0.1297057283214342,0.11838423089102434,0.3747603458003961
music,CC_Logistic,4,Per Label,0,amazed-suprised,0.1647633599377395,0.13108934314154527,0.5146518673290819
music,CC_Logistic,4,Per Label,1,happy-pleased,0.17527939834331993,0.07475906751361214,0.531125686524735
music,CC_Logistic,4,Per Label,2,relaxing-clam,0.16002316328528243,0.07477512953709028,0.4851587316781815
music,CC_Logistic,4,Per Label,3,quiet-still,0.075660402975667,0.1084554423173626,0.24387882736747507
music,CC_Logistic,4,Per Label,4,sad-lonely,0.12216139492066447,0.12189096959010393,0.38682864068762457
music,CC_Logistic,4,Per Label,5,angry-aggresive,0.15094081158040584,0.15192450293067827,0.49213902857083935
music,CC_Logistic,5,Per Label,0,amazed-suprised,0.13860202826410664,0.07740019592202167,0.4254566629232995
music,CC_Logistic,5,Per Label,1,happy-pleased,0.1898571611497101,0.08914792008635376,0.5558225980918825
music,CC_Logistic,5,Per Label,2,relaxing-clam,0.1834713317699757,0.11365393055759433,0.553098924502974
music,CC_Logistic,5,Per Label,3,quiet-still,0.07435880762602445,0.07029841289263192,0.24298310836478454
music,CC_Logistic,5,Per Label,4,sad-lonely,0.15658466855821837,0.09021423379068866,0.47651616680995623
music,CC_Logistic,5,Per Label,5,angry-aggresive,0.1757704015889747,0.15783300408502557,0.5425485058604573
music,CC_MLP,1,Aggregate,,,0.2077832867188335,0.1739913135015664,0.6056128811033538
music,CC_MLP,2,Aggregate,,,0.20744501125890838,0.17483649415592867,0.6049233383778143
music,CC_MLP,3,Aggregate,,,0.2066800157639732,0.18214864561618385,0.6027017456456859
music,CC_MLP,4,Aggregate,,,0.20509278013326857,0.17620751666588613,0.6002954432631039
music,CC_MLP,5,Aggregate,,,0.20428455959961456,0.18533151356779895,0.5979170070896634
music,CC_MLP,1,Per Label,0,amazed-suprised,0.1968807146810017,0.2716130356327826,0.5848432931441784
music,CC_MLP,1,Per Label,1,happy-pleased,0.23827102131035943,0.20285519005871613,0.6695504413513118
music,CC_MLP,1,Per Label,2,relaxing-clam,0.2143691506164446,0.19492717099790807,0.6203760013016582
music,CC_MLP,1,Per Label,3,quiet-still,0.19826966817531205,0.2926346226399686,0.5858214641521237
music,CC_MLP,1,Per Label,4,sad-lonely,0.2206449653151284,0.2063017204529097,0.6314177935163159
music,CC_MLP,1,Per Label,5,angry-aggresive,0.17826420021475464,0.14107643405930334,0.5416682931545339
music,CC_MLP,2,Per Label,0,amazed-suprised,0.19296358128860625,0.23611907520864764,0.5764176863860153
music,CC_MLP,2,Per Label,1,happy-pleased,0.24597058465090968,0.1984928173896594,0.6849738525581797
music,CC_MLP,2,Per Label,2,relaxing-clam,0.2119430612570066,0.1433036959069407,0.6151577440314503
music,CC_MLP,2,Per Label,3,quiet-still,0.18480490907262492,0.3014354749113067,0.5591829297636068
music,CC_MLP,2,Per Label,4,sad-lonely,0.2159600514556247,0.19940846177757302,0.6216456953406426
music,CC_MLP,2,Per Label,5,angry-aggresive,0.19302787982867803,0.13793586411027825,0.5721621221869904
music,CC_MLP,3,Per Label,0,amazed-suprised,0.20578923261673412,0.19847783395799543,0.6028255844332411
music,CC_MLP,3,Per Label,1,happy-pleased,0.24219826256529162,0.22215299863936538,0.6774568587950053
music,CC_MLP,3,Per Label,2,relaxing-clam,0.2129751375162578,0.13334201528864392,0.6168159220245278
music,CC_MLP,3,Per Label,3,quiet-still,0.1969667021509273,0.2825173155988677,0.5830101865234403
music,CC_MLP,3,Per Label,4,sad-lonely,0.20542681636649898,0.24433818977263014,0.5992483176712662
music,CC_MLP,3,Per Label,5,angry-aggresive,0.17672394336812935,0.20399658154633085,0.5368536044266351
music,CC_MLP,4,Per Label,0,amazed-suprised,0.21306985946264104,0.2095959116430844,0.6178692517294934
music,CC_MLP,4,Per Label,1,happy-pleased,0.23681302959189357,0.21549907376786237,0.666646987005014
music,CC_MLP,4,Per Label,2,relaxing-clam,0.21191885284394657,0.14628616876962805,0.6150403981576774
music,CC_MLP,4,Per Label,3,quiet-still,0.19249568327055783,0.26977736909850303,0.5742839612274067
music,CC_MLP,4,Per Label,4,sad-lonely,0.19705456730000406,0.2482858928812652,0.5825970476266948
music,CC_MLP,4,Per Label,5,angry-aggresive,0.17920468833056838,0.15174909299161254,0.5453350138323367
music,CC_MLP,5,Per Label,0,amazed-suprised,0.20091983885939993,0.1867283573921989,0.5924833459341652
music,CC_MLP,5,Per Label,1,happy-pleased,0.24017323190198492,0.21791988260605763,0.6733836599045635
music,CC_MLP,5,Per Label,2,relaxing-clam,0.22186530098668644,0.16053269114814886,0.6356273568605801
music,CC_MLP,5,Per Label,3,quiet-still,0.1854267484791977,0.33123669904821057,0.5595257986309154
music,CC_MLP,5,Per Label,4,sad-lonely,0.20902873295109659,0.21997985932506434,0.6072108791968354
music,CC_MLP,5,Per Label,5,angry-aggresive,0.16829350441932167,0.1609237840195664,0.5192710020109211
music,MLC_PA_Logistic,1,Aggregate,,,0.13586488871412938,0.05643801077208935,0.42335914148461357
music,MLC_PA_Logistic,2,Aggregate,,,0.1479656697383185,0.03475597119137466,0.4493999604206552
music,MLC_PA_Logistic,3,Aggregate,,,0.13546313232067664,0.03757362861865068,0.4223463294554198
music,MLC_PA_Logistic,4,Aggregate,,,0.13606238192190273,0.0544326954582952,0.4292218695102716
music,MLC_PA_Logistic,5,Aggregate,,,0.14046009324981476,0.03103763563696794,0.43878832828059733
music,MLC_PA_Logistic,1,Per Label,0,amazed-suprised,0.127028348131262,0.0744085451079329,0.4042153563705829
music,MLC_PA_Logistic,1,Per Label,1,happy-pleased,0.18120821256843603,0.0384948155960115,0.5400587687316019
music,MLC_PA_Logistic,1,Per Label,2,relaxing-clam,0.17262345114287847,0.118459802120924,0.5125922304225798
music,MLC_PA_Logistic,1,Per Label,3,quiet-still,0.07618810080239542,0.06714842624572485,0.2553496122847984
music,MLC_PA_Logistic,1,Per Label,4,sad-lonely,0.1413008695648016,0.09163834963839095,0.4460034091480102
music,MLC_PA_Logistic,1,Per Label,5,angry-aggresive,0.11684035007500276,0.101966139629088,0.3819354719501081
music,MLC_PA_Logistic,2,Per Label,0,amazed-suprised,0.13254807825185555,0.05750057090105664,0.41218024118009206
music,MLC_PA_Logistic,2,Per Label,1,happy-pleased,0.21541176514952423,0.0944341391356837,0.6253738704794238
music,MLC_PA_Logistic,2,Per Label,2,relaxing-clam,0.1621551241535353,0.07619670033454894,0.4846337918318556
music,MLC_PA_Logistic,2,Per Label,3,quiet-still,0.06411422008742575,0.06346274874694921,0.22103872808403938
music,MLC_PA_Logistic,2,Per Label,4,sad-lonely,0.16289128987140492,0.0934716247780344,0.49742480863836047
music,MLC_PA_Logistic,2,Per Label,5,angry-aggresive,0.1506735409161655,0.08460338341011756,0.4557483223101594
music,MLC_PA_Logistic,3,Per Label,0,amazed-suprised,0.14546956437753267,0.06707542283870911,0.4524782712690952
music,MLC_PA_Logistic,3,Per Label,1,happy-pleased,0.1850367202158529,0.05753408516046859,0.5539716380610655
music,MLC_PA_Logistic,3,Per Label,2,relaxing-clam,0.15841039024876702,0.08116605511661303,0.48144090242900883
music,MLC_PA_Logistic,3,Per Label,3,quiet-still,0.07966440146848125,0.038007192356031984,0.26965833582401344
music,MLC_PA_Logistic,3,Per Label,4,sad-lonely,0.13800533021588382,0.08656355901423968,0.4381786766758561
music,MLC_PA_Logistic,3,Per Label,5,angry-aggresive,0.10619238739754198,0.09021627652161396,0.33835015247347894
music,MLC_PA_Logistic,4,Per Label,0,amazed-suprised,0.1647633599377395,0.13108934314154527,0.5146518673290819
music,MLC_PA_Logistic,4,Per Label,1,happy-pleased,0.17560001903586941,0.05430428783933654,0.5317692211485001
music,MLC_PA_Logistic,4,Per Label,2,relaxing-clam,0.1670088753616125,0.12631412114588028,0.5031588327634823
music,MLC_PA_Logistic,4,Per Label,3,quiet-still,0.06599045287142863,0.06320485376000616,0.22111677414125916
music,MLC_PA_Logistic,4,Per Label,4,sad-lonely,0.10324577620047791,0.11986784715236735,0.34555689525522093
music,MLC_PA_Logistic,4,Per Label,5,angry-aggresive,0.1397658081242884,0.07493025050772463,0.4590776264240855
music,MLC_PA_Logistic,5,Per Label,0,amazed-suprised,0.13860202826410664,0.07740019592202167,0.4254566629232995
music,MLC_PA_Logistic,5,Per Label,1,happy-pleased,0.1889176337959572,0.08038646818584755,0.5536849976984828
music,MLC_PA_Logistic,5,Per Label,2,relaxing-clam,0.17826130752478153,0.14112345420387612,0.550134025086697
music,MLC_PA_Logistic,5,Per Label,3,quiet-still,0.07092127079073607,0.051830019792561424,0.23713586075649773
music,MLC_PA_Logistic,5,Per Label,4,sad-lonely,0.1453173909046758,0.10500688841488182,0.4685915177866602
music,MLC_PA_Logistic,5,Per Label,5,angry-aggresive,0.12074092821863132,0.09291415518256917,0.3977269054319467
music,MLC_PA_MLP,1,Aggregate,,,0.21407241917040354,0.21592966078960596,0.6194120826019655
music,MLC_PA_MLP,2,Aggregate,,,0.21443079022047445,0.20915257107158672,0.6200123425509454
music,MLC_PA_MLP,3,Aggregate,,,0.21494779577102052,0.20498056301457734,0.6214080013602438
music,MLC_PA_MLP,4,Aggregate,,,0.21234813466986346,0.20233057330803372,0.6162145057403251
music,MLC_PA_MLP,5,Aggregate,,,0.21380848638269845,0.22529679549341441,0.6189435832748356
music,MLC_PA_MLP,1,Per Label,0,amazed-suprised,0.18984170028650116,0.24317084728669716,0.5696845317583384
music,MLC_PA_MLP,1,Per Label,1,happy-pleased,0.2310262206687404,0.20864873723823482,0.6543716406053266
music,MLC_PA_MLP,1,Per Label,2,relaxing-clam,0.21810746906374723,0.18084920779997563,0.6283556832212999
music,MLC_PA_MLP,1,Per Label,3,quiet-still,0.19520363317344577,0.35066680497482045,0.5788730220845675
music,MLC_PA_MLP,1,Per Label,4,sad-lonely,0.23144962208702385,0.2582584692149603,0.6553550703183993
music,MLC_PA_MLP,1,Per Label,5,angry-aggresive,0.2188058697429629,0.21419131605565045,0.6298325476238609
music,MLC_PA_MLP,2,Per Label,0,amazed-suprised,0.18783284798950742,0.21948485573132834,0.5654414410495064
music,MLC_PA_MLP,2,Per Label,1,happy-pleased,0.23422980465831852,0.2022837003072103,0.660824255923368
music,MLC_PA_MLP,2,Per Label,2,relaxing-clam,0.21577108081168037,0.17258579837970245,0.623399195325672
music,MLC_PA_MLP,2,Per Label,3,quiet-still,0.18715899052243432,0.309797483886409,0.5629032515241048
music,MLC_PA_MLP,2,Per Label,4,sad-lonely,0.23008325265552595,0.2495411007832258,0.6517954424302522
music,MLC_PA_MLP,2,Per Label,5,angry-aggresive,0.23150876468538026,0.20515278847808516,0.6557104690527693
music,MLC_PA_MLP,3,Per Label,0,amazed-suprised,0.2014883503147458,0.22886402223069788,0.593897009314229
music,MLC_PA_MLP,3,Per Label,1,happy-pleased,0.2294466416353618,0.213741099935467,0.6512620319679242
music,MLC_PA_MLP,3,Per Label,2,relaxing-clam,0.21769657050393634,0.1367138040772939,0.6273502361973201
music,MLC_PA_MLP,3,Per Label,3,quiet-still,0.19748758648715495,0.29374174268568976,0.5838586273474484
music,MLC_PA_MLP,3,Per Label,4,sad-lonely,0.22997123509696538,0.24376307655188997,0.6526444904618587
music,MLC_PA_MLP,3,Per Label,5,angry-aggresive,0.21359639058795898,0.22665510617070278,0.6194356128726821
music,MLC_PA_MLP,4,Per Label,0,amazed-suprised,0.20287496326160068,0.19567548226909476,0.5966855885018506
music,MLC_PA_MLP,4,Per Label,1,happy-pleased,0.22988283963757417,0.218700391404769,0.6523496549662591
music,MLC_PA_MLP,4,Per Label,2,relaxing-clam,0.21924198973199407,0.1984940206303316,0.6305331078344081
music,MLC_PA_MLP,4,Per Label,3,quiet-still,0.18667729817842277,0.29174121663350017,0.5624470264258967
music,MLC_PA_MLP,4,Per Label,4,sad-lonely,0.21128136058653738,0.27199795391379283,0.6142522902960738
music,MLC_PA_MLP,4,Per Label,5,angry-aggresive,0.22413035662305156,0.20946892244475235,0.6410193664174624
music,MLC_PA_MLP,5,Per Label,0,amazed-suprised,0.19360721224028662,0.24683994831157333,0.57758943588594
music,MLC_PA_MLP,5,Per Label,1,happy-pleased,0.2292912039292616,0.22004799031409897,0.6508404575653951
music,MLC_PA_MLP,5,Per Label,2,relaxing-clam,0.2253260020986749,0.15349820681980678,0.6430877908868726
music,MLC_PA_MLP,5,Per Label,3,quiet-still,0.19124284360342894,0.3229244373926595,0.5714319858310264
music,MLC_PA_MLP,5,Per Label,4,sad-lonely,0.2325689350551329,0.2678330888768204,0.6573469637734206
music,MLC_PA_MLP,5,Per Label,5,angry-aggresive,0.21081472136940557,0.24122151406873174,0.6133648657063583
music,GSI_MLC_PA_Logistic,1,Aggregate,,,0.1331957535994455,0.036542368752338364,0.4140574541173854
music,GSI_MLC_PA_Logistic,2,Aggregate,,,0.14746561076793346,0.03797173273329678,0.45124731895237963
music,GSI_MLC_PA_Logistic,3,Aggregate,,,0.1358741071243459,0.04927671831385774,0.4285377838038487
music,GSI_MLC_PA_Logistic,4,Aggregate,,,0.13625904538723477,0.05086182731057407,0.4275099152332991
music,GSI_MLC_PA_Logistic,5,Aggregate,,,0.1367852965121077,0.03359262786008757,0.4227477190000684
music,GSI_MLC_PA_Logistic,1,Per Label,0,amazed-suprised,0.12272948051555632,0.08357635933020731,0.39535514454480764
music,GSI_MLC_PA_Logistic,1,Per Label,1,happy-pleased,0.18041664675553906,0.0792413743062114,0.5312683777967443
music,GSI_MLC_PA_Logistic,1,Per Label,2,relaxing-clam,0.16351838208660616,0.11093831860545532,0.4783850226517133
music,GSI_MLC_PA_Logistic,1,Per Label,3,quiet-still,0.07618810083976581,0.06714842521559282,0.25534961179945437
music,GSI_MLC_PA_Logistic,1,Per Label,4,sad-lonely,0.1409947909766009,0.08364127728636528,0.44738127024108065
music,GSI_MLC_PA_Logistic,1,Per Label,5,angry-aggresive,0.11532712042260489,0.07748656961654836,0.3766052976705123
music,GSI_MLC_PA_Logistic,2,Per Label,0,amazed-suprised,0.1370108148310227,0.08205914383652538,0.42363615511450653
music,GSI_MLC_PA_Logistic,2,Per Label,1,happy-pleased,0.20644680756286204,0.13756270611723925,0.6309435749767031
music,GSI_MLC_PA_Logistic,2,Per Label,2,relaxing-clam,0.16326615120100535,0.10093658609333638,0.4812113192348805
music,GSI_MLC_PA_Logistic,2,Per Label,3,quiet-still,0.06450506022514023,0.044456544015890734,0.21851973343966788
music,GSI_MLC_PA_Logistic,2,Per Label,4,sad-lonely,0.16289128987140492,0.0934716247780344,0.49742480863836047
music,GSI_MLC_PA_Logistic,2,Per Label,5,angry-aggresive,0.1506735409161655,0.08460338341011756,0.4557483223101594
music,GSI_MLC_PA_Logistic,3,Per Label,0,amazed-suprised,0.14911578641533513,0.09913425157615052,0.46798650545356413
music,GSI_MLC_PA_Logistic,3,Per Label,1,happy-pleased,0.17924973175577955,0.1037464005716646,0.5622428414673618
music,GSI_MLC_PA_Logistic,3,Per Label,2,relaxing-clam,0.15841039024876702,0.08116605511661303,0.48144090242900883
music,GSI_MLC_PA_Logistic,3,Per Label,3,quiet-still,0.07966440146848125,0.038007192356031984,0.26965833582401344
music,GSI_MLC_PA_Logistic,3,Per Label,4,sad-lonely,0.14261194546017036,0.06852228356706294,0.45154796517566503
music,GSI_MLC_PA_Logistic,3,Per Label,5,angry-aggresive,0.10619238739754198,0.09021627652161396,0.33835015247347894
music,GSI_MLC_PA_Logistic,4,Per Label,0,amazed-suprised,0.16661852607567523,0.0888665577219597,0.5222056328125003
music,GSI_MLC_PA_Logistic,4,Per Label,1,happy-pleased,0.17042284313648892,0.08323632161458876,0.5168758481882089
music,GSI_MLC_PA_Logistic,4,Per Label,2,relaxing-clam,0.16972717599206383,0.13685350188712905,0.5034271316491953
music,GSI_MLC_PA_Logistic,4,Per Label,3,quiet-still,0.06777414279441411,0.047707968214778754,0.21791635707058368
music,GSI_MLC_PA_Logistic,4,Per Label,4,sad-lonely,0.10324577620047791,0.11986784715236735,0.34555689525522093
music,GSI_MLC_PA_Logistic,4,Per Label,5,angry-aggresive,0.1397658081242884,0.07493025050772463,0.4590776264240855
music,GSI_MLC_PA_Logistic,5,Per Label,0,amazed-suprised,0.13592543641132282,0.07436881596610652,0.4081504995366375
music,GSI_MLC_PA_Logistic,5,Per Label,1,happy-pleased,0.1747926065235843,0.0965457444709567,0.5144014751002096
music,GSI_MLC_PA_Logistic,5,Per Label,2,relaxing-clam,0.17301414622369574,0.11978557004849201,0.5104800553884589
music,GSI_MLC_PA_Logistic,5,Per Label,3,quiet-still,0.07092127079073607,0.051830019792561424,0.23713586075649773
music,GSI_MLC_PA_Logistic,5,Per Label,4,sad-lonely,0.1453173909046758,0.10500688841488182,0.4685915177866602
music,GSI_MLC_PA_Logistic,5,Per Label,5,angry-aggresive,0.12074092821863132,0.09291415518256917,0.3977269054319467
music,GSI_MLC_PA_MLP,1,Aggregate,,,0.20869523884647267,0.18759175285655244,0.6082064074760963
music,GSI_MLC_PA_MLP,2,Aggregate,,,0.20845986497078098,0.19857913325739723,0.6075684567160566
music,GSI_MLC_PA_MLP,3,Aggregate,,,0.20688476857153051,0.18958800761713152,0.604305797999866
music,GSI_MLC_PA_MLP,4,Aggregate,,,0.20861219583814847,0.18985428218664574,0.6082732982041308
music,GSI_MLC_PA_MLP,5,Aggregate,,,0.2059815203201305,0.19327022035081848,0.6028343978188214
music,GSI_MLC_PA_MLP,1,Per Label,0,amazed-suprised,0.18984170028650116,0.24317084728669716,0.5696845317583384
music,GSI_MLC_PA_MLP,1,Per Label,1,happy-pleased,0.2310262206687404,0.20864873723823482,0.6543716406053266
music,GSI_MLC_PA_MLP,1,Per Label,2,relaxing-clam,0.21543488094385116,0.2086728312889067,0.6224852725727521
music,GSI_MLC_PA_MLP,1,Per Label,3,quiet-still,0.1817206658239301,0.26577268202765647,0.551056687900977
music,GSI_MLC_PA_MLP,1,Per Label,4,sad-lonely,0.2153420956128503,0.18653256327164272,0.6218077643953234
music,GSI_MLC_PA_MLP,1,Per Label,5,angry-aggresive,0.2188058697429629,0.21419131605565045,0.6298325476238609
music,GSI_MLC_PA_MLP,2,Per Label,0,amazed-suprised,0.18783284798950742,0.21948485573132834,0.5654414410495064
music,GSI_MLC_PA_MLP,2,Per Label,1,happy-pleased,0.23422980465831852,0.2022837003072103,0.660824255923368
music,GSI_MLC_PA_MLP,2,Per Label,2,relaxing-clam,0.21068071102635125,0.16876888517131153,0.612194612509677
music,GSI_MLC_PA_MLP,2,Per Label,3,quiet-still,0.1884569082929567,0.29804046795918393,0.5674615503330279
music,GSI_MLC_PA_MLP,2,Per Label,4,sad-lonely,0.23008325265552595,0.2495411007832258,0.6517954424302522
music,GSI_MLC_PA_MLP,2,Per Label,5,angry-aggresive,0.19947566520202578,0.13617028537978473,0.5876934380505091
music,GSI_MLC_PA_MLP,3,Per Label,0,amazed-suprised,0.2014883503147458,0.22886402223069788,0.593897009314229
music,GSI_MLC_PA_MLP,3,Per Label,1,happy-pleased,0.2294466416353618,0.213741099935467,0.6512620319679242
music,GSI_MLC_PA_MLP,3,Per Label,2,relaxing-clam,0.21769657050393634,0.1367138040772939,0.6273502361973201
music,GSI_MLC_PA_MLP,3,Per Label,3,quiet-still,0.1777621900529006,0.21313217648510205,0.5417942453245346
music,GSI_MLC_PA_MLP,3,Per Label,4,sad-lonely,0.20131846833427963,0.20531840281466307,0.5920956523225058
music,GSI_MLC_PA_MLP,3,Per Label,5,angry-aggresive,0.21359639058795898,0.22665510617070278,0.6194356128726821
music,GSI_MLC_PA_MLP,4,Per Label,0,amazed-suprised,0.20287496326160068,0.19567548226909476,0.5966855885018506
music,GSI_MLC_PA_MLP,4,Per Label,1,happy-pleased,0.22988283963757417,0.218700391404769,0.6523496549662591
music,GSI_MLC_PA_MLP,4,Per Label,2,relaxing-clam,0.21924198973199407,0.1984940206303316,0.6305331078344081
music,GSI_MLC_PA_MLP,4,Per Label,3,quiet-still,0.1815484212685874,0.2661277507783986,0.5518487546791401
music,GSI_MLC_PA_MLP,4,Per Label,4,sad-lonely,0.19399460450608305,0.24350762066720916,0.5772033168256648
music,GSI_MLC_PA_MLP,4,Per Label,5,angry-aggresive,0.22413035662305156,0.20946892244475235,0.6410193664174624
music,GSI_MLC_PA_MLP,5,Per Label,0,amazed-suprised,0.19360721224028662,0.24683994831157333,0.57758943588594
music,GSI_MLC_PA_MLP,5,Per Label,1,happy-pleased,0.2292912039292616,0.22004799031409897,0.6508404575653951
music,GSI_MLC_PA_MLP,5,Per Label,2,relaxing-clam,0.2175455828979917,0.16904544579882583,0.6269014186419211
music,GSI_MLC_PA_MLP,5,Per Label,3,quiet-still,0.17494156755859008,0.3036643673642343,0.5386572953974748
music,GSI_MLC_PA_MLP,5,Per Label,4,sad-lonely,0.20968883392524723,0.1997349576539352,0.609652913715839
music,GSI_MLC_PA_MLP,5,Per Label,5,angry-aggresive,0.21081472136940557,0.24122151406873174,0.6133648657063583
music,BR_SVM,1,Aggregate,,,0.1387090927887376,0.060634924030420645,0.4329427211544133
music,BR_SVM,2,Aggregate,,,0.14839965138851588,0.044301924574360815,0.45151753200564043
music,BR_SVM,3,Aggregate,,,0.13776901003771966,0.050688366667681437,0.4287808336424143
music,BR_SVM,4,Aggregate,,,0.1404811260262451,0.047017448043402923,0.43791572474951124
music,BR_SVM,5,Aggregate,,,0.14735743964275644,0.03391891289878103,0.457099818350974
music,BR_SVM,1,Per Label,0,amazed-suprised,0.14390380281028772,0.061123915580140444,0.4463085685572394
music,BR_SVM,1,Per Label,1,happy-pleased,0.1853435580730589,0.07211605615976478,0.5521740892369239
music,BR_SVM,1,Per Label,2,relaxing-clam,0.1707975250370226,0.13504224605545276,0.5120993035760352
music,BR_SVM,1,Per Label,3,quiet-still,0.07256824963162656,0.07718254829701399,0.2537597647761598
music,BR_SVM,1,Per Label,4,sad-lonely,0.13879741462468703,0.05481979864876435,0.4356167122831747
music,BR_SVM,1,Per Label,5,angry-aggresive,0.12084400655574272,0.13987323666429696,0.39769788849694665
music,BR_SVM,2,Per Label,0,amazed-suprised,0.14307096398353797,0.09522884396406318,0.44879128378422734
music,BR_SVM,2,Per Label,1,happy-pleased,0.20847678804277103,0.0970213830502879,0.6063753982036272
music,BR_SVM,2,Per Label,2,relaxing-clam,0.16685378730885847,0.16771235533504406,0.5042865699251948
music,BR_SVM,2,Per Label,3,quiet-still,0.06155001064066519,0.07985810231424204,0.20869718972523532
music,BR_SVM,2,Per Label,4,sad-lonely,0.1591891214162955,0.06730187098539442,0.48821182552805514
music,BR_SVM,2,Per Label,5,angry-aggresive,0.15125723693896725,0.07822336134448316,0.4527429248675029
music,BR_SVM,3,Per Label,0,amazed-suprised,0.15324978819647914,0.06412923372334849,0.4656486425474548
music,BR_SVM,3,Per Label,1,happy-pleased,0.18801553900165233,0.0843585720127922,0.560809970929149
music,BR_SVM,3,Per Label,2,relaxing-clam,0.16456400458324405,0.10278875042952723,0.501938996856816
music,BR_SVM,3,Per Label,3,quiet-still,0.07667725948596645,0.043992669116506525,0.2558581657850485
music,BR_SVM,3,Per Label,4,sad-lonely,0.13013655019159898,0.10522253068225158,0.4217636042009196
music,BR_SVM,3,Per Label,5,angry-aggresive,0.11397091876737704,0.10101075951314346,0.3666656215350984
music,BR_SVM,4,Per Label,0,amazed-suprised,0.169714980269411,0.09509314280472884,0.515864131332753
music,BR_SVM,4,Per Label,1,happy-pleased,0.18198106008156464,0.09169671465368832,0.5490989464886289
music,BR_SVM,4,Per Label,2,relaxing-clam,0.16768793764494902,0.12288432686487917,0.5089838041755318
music,BR_SVM,4,Per Label,3,quiet-still,0.06657439886559222,0.06682461575022987,0.20965663648179736
music,BR_SVM,4,Per Label,4,sad-lonely,0.10470641605766307,0.10238990444247807,0.3454334744518737
music,BR_SVM,4,Per Label,5,angry-aggresive,0.15222196323829043,0.07434610957710244,0.49845735556648246
music,BR_SVM,5,Per Label,0,amazed-suprised,0.15027919723753058,0.09283127303102187,0.4589413770810495
music,BR_SVM,5,Per Label,1,happy-pleased,0.19189396510875426,0.06940741398755242,0.5645099555631836
music,BR_SVM,5,Per Label,2,relaxing-clam,0.1770618658473189,0.11584881794865892,0.5396996811807178
music,BR_SVM,5,Per Label,3,quiet-still,0.07946598462542885,0.028572521035749254,0.2546233538735715
music,BR_SVM,5,Per Label,4,sad-lonely,0.1482041603539629,0.07063659253929343,0.48584364325830665
music,BR_SVM,5,Per Label,5,angry-aggresive,0.13723946468354306,0.058090806493009566,0.4389808991490151
music,CC_SVM,1,Aggregate,,,0.15017105771610867,0.05632951241089202,0.45812373629572695
music,CC_SVM,2,Aggregate,,,0.1612149073089801,0.052734566982933294,0.4886419451347472
music,CC_SVM,3,Aggregate,,,0.15222182463490055,0.05388795633180669,0.46460179256793954
music,CC_SVM,4,Aggregate,,,0.14534919098826132,0.06421333289797779,0.45114094389214077
music,CC_SVM,5,Aggregate,,,0.16160835913848315,0.04864703126045135,0.4900298184598394
music,CC_SVM,1,Per Label,0,amazed-suprised,0.14390380281028772,0.061123915580140444,0.4463085685572394
music,CC_SVM,1,Per Label,1,happy-pleased,0.18636401095051702,0.053596061568300275,0.5545829609491257
music,CC_SVM,1,Per Label,2,relaxing-clam,0.17355848131228874,0.11380752042217665,0.5113145612605174
music,CC_SVM,1,Per Label,3,quiet-still,0.0799274424270168,0.0795323558997873,0.2729203305873951
music,CC_SVM,1,Per Label,4,sad-lonely,0.14980498121401756,0.09215321316689003,0.46699298572235337
music,CC_SVM,1,Per Label,5,angry-aggresive,0.1674676275825242,0.14905073519839176,0.49662301069773074
music,CC_SVM,2,Per Label,0,amazed-suprised,0.14307096398353797,0.09522884396406318,0.44879128378422734
music,CC_SVM,2,Per Label,1,happy-pleased,0.20823635375253688,0.09626347835884136,0.605700085250368
music,CC_SVM,2,Per Label,2,relaxing-clam,0.16393325368597736,0.1431731401154628,0.49129558601354095
music,CC_SVM,2,Per Label,3,quiet-still,0.06955547698809308,0.05322151779934541,0.22945417236159454
music,CC_SVM,2,Per Label,4,sad-lonely,0.18074242505093727,0.13944103317081522,0.5535345185202127
music,CC_SVM,2,Per Label,5,angry-aggresive,0.20175097039279816,0.15468787877548842,0.6030760248785394
music,CC_SVM,3,Per Label,0,amazed-suprised,0.15324978819647914,0.06412923372334849,0.4656486425474548
music,CC_SVM,3,Per Label,1,happy-pleased,0.18770693711229355,0.07210085604150417,0.560108523424602
music,CC_SVM,3,Per Label,2,relaxing-clam,0.16996353620761637,0.07791953555197788,0.5042844668164412
music,CC_SVM,3,Per Label,3,quiet-still,0.09032911180000801,0.06695786941966202,0.2908756181336627
music,CC_SVM,3,Per Label,4,sad-lonely,0.1496934962744522,0.152763241625754,0.4749852541728003
music,CC_SVM,3,Per Label,5,angry-aggresive,0.16238807821855414,0.14131615487064927,0.491708250312676
music,CC_SVM,4,Per Label,0,amazed-suprised,0.169714980269411,0.09509314280472884,0.515864131332753
music,CC_SVM,4,Per Label,1,happy-pleased,0.18218077849269473,0.08807412046594779,0.5494457375467889
music,CC_SVM,4,Per Label,2,relaxing-clam,0.15909851999178698,0.12267788023171368,0.4836131669064225
music,CC_SVM,4,Per Label,3,quiet-still,0.06637130472564291,0.06081010651399335,0.21609762722177261
music,CC_SVM,4,Per Label,4,sad-lonely,0.11972814299624374,0.12671323493123055,0.38901621982315626
music,CC_SVM,4,Per Label,5,angry-aggresive,0.17500141945378847,0.1410894468641926,0.5528087805219517
music,CC_SVM,5,Per Label,0,amazed-suprised,0.15027919723753058,0.09283127303102187,0.4589413770810495
music,CC_SVM,5,Per Label,1,happy-pleased,0.19183581857453624,0.05951509643502596,0.5648441938743959
music,CC_SVM,5,Per Label,2,relaxing-clam,0.18416955085837192,0.09748169778603594,0.5554943649577104
music,CC_SVM,5,Per Label,3,quiet-still,0.08263137437622299,0.08201664969712563,0.2607075688291142
music,CC_SVM,5,Per Label,4,sad-lonely,0.17819036004919855,0.12081310532971465,0.5335968283664235
music,CC_SVM,5,Per Label,5,angry-aggresive,0.1825438537350386,0.14919240654327812,0.5665945776503428
music,MLC_PA_SVM,1,Aggregate,,,0.1387090927887376,0.060634924030420645,0.4329427211544133
music,MLC_PA_SVM,2,Aggregate,,,0.14839965138851588,0.044301924574360815,0.45151753200564043
music,MLC_PA_SVM,3,Aggregate,,,0.13776901003771966,0.050688366667681437,0.4287808336424143
music,MLC_PA_SVM,4,Aggregate,,,0.1404811260262451,0.047017448043402923,0.43791572474951124
music,MLC_PA_SVM,5,Aggregate,,,0.14735743964275644,0.03391891289878103,0.457099818350974
music,MLC_PA_SVM,1,Per Label,0,amazed-suprised,0.14390380281028772,0.061123915580140444,0.4463085685572394
music,MLC_PA_SVM,1,Per Label,1,happy-pleased,0.1853435580730589,0.07211605615976478,0.5521740892369239
music,MLC_PA_SVM,1,Per Label,2,relaxing-clam,0.1707975250370226,0.13504224605545276,0.5120993035760352
music,MLC_PA_SVM,1,Per Label,3,quiet-still,0.07256824963162656,0.07718254829701399,0.2537597647761598
music,MLC_PA_SVM,1,Per Label,4,sad-lonely,0.13879741462468703,0.05481979864876435,0.4356167122831747
music,MLC_PA_SVM,1,Per Label,5,angry-aggresive,0.12084400655574272,0.13987323666429696,0.39769788849694665
music,MLC_PA_SVM,2,Per Label,0,amazed-suprised,0.14307096398353797,0.09522884396406318,0.44879128378422734
music,MLC_PA_SVM,2,Per Label,1,happy-pleased,0.20847678804277103,0.0970213830502879,0.6063753982036272
music,MLC_PA_SVM,2,Per Label,2,relaxing-clam,0.16685378730885847,0.16771235533504406,0.5042865699251948
music,MLC_PA_SVM,2,Per Label,3,quiet-still,0.06155001064066519,0.07985810231424204,0.20869718972523532
music,MLC_PA_SVM,2,Per Label,4,sad-lonely,0.1591891214162955,0.06730187098539442,0.48821182552805514
music,MLC_PA_SVM,2,Per Label,5,angry-aggresive,0.15125723693896725,0.07822336134448316,0.4527429248675029
music,MLC_PA_SVM,3,Per Label,0,amazed-suprised,0.15324978819647914,0.06412923372334849,0.4656486425474548
music,MLC_PA_SVM,3,Per Label,1,happy-pleased,0.18801553900165233,0.0843585720127922,0.560809970929149
music,MLC_PA_SVM,3,Per Label,2,relaxing-clam,0.16456400458324405,0.10278875042952723,0.501938996856816
music,MLC_PA_SVM,3,Per Label,3,quiet-still,0.07667725948596645,0.043992669116506525,0.2558581657850485
music,MLC_PA_SVM,3,Per Label,4,sad-lonely,0.13013655019159898,0.10522253068225158,0.4217636042009196
music,MLC_PA_SVM,3,Per Label,5,angry-aggresive,0.11397091876737704,0.10101075951314346,0.3666656215350984
music,MLC_PA_SVM,4,Per Label,0,amazed-suprised,0.169714980269411,0.09509314280472884,0.515864131332753
music,MLC_PA_SVM,4,Per Label,1,happy-pleased,0.18198106008156464,0.09169671465368832,0.5490989464886289
music,MLC_PA_SVM,4,Per Label,2,relaxing-clam,0.16768793764494902,0.12288432686487917,0.5089838041755318
music,MLC_PA_SVM,4,Per Label,3,quiet-still,0.06657439886559222,0.06682461575022987,0.20965663648179736
music,MLC_PA_SVM,4,Per Label,4,sad-lonely,0.10470641605766307,0.10238990444247807,0.3454334744518737
music,MLC_PA_SVM,4,Per Label,5,angry-aggresive,0.15222196323829043,0.07434610957710244,0.49845735556648246
music,MLC_PA_SVM,5,Per Label,0,amazed-suprised,0.15027919723753058,0.09283127303102187,0.4589413770810495
music,MLC_PA_SVM,5,Per Label,1,happy-pleased,0.19189396510875426,0.06940741398755242,0.5645099555631836
music,MLC_PA_SVM,5,Per Label,2,relaxing-clam,0.1770618658473189,0.11584881794865892,0.5396996811807178
music,MLC_PA_SVM,5,Per Label,3,quiet-still,0.07946598462542885,0.028572521035749254,0.2546233538735715
music,MLC_PA_SVM,5,Per Label,4,sad-lonely,0.1482041603539629,0.07063659253929343,0.48584364325830665
music,MLC_PA_SVM,5,Per Label,5,angry-aggresive,0.13723946468354306,0.058090806493009566,0.4389808991490151
music,GSI_MLC_PA_SVM,1,Aggregate,,,0.13714361919425244,0.052145730138912896,0.4272837684317016
music,GSI_MLC_PA_SVM,2,Aggregate,,,0.14951697900177702,0.04007805023439085,0.45266768144572694
music,GSI_MLC_PA_SVM,3,Aggregate,,,0.13609916980939207,0.05471394434749244,0.43066983952730015
music,GSI_MLC_PA_SVM,4,Aggregate,,,0.13882134388953576,0.03538774095612729,0.4321790511957507
music,GSI_MLC_PA_SVM,5,Aggregate,,,0.14976644626642915,0.04854722047915287,0.4645468334191579
music,GSI_MLC_PA_SVM,1,Per Label,0,amazed-suprised,0.14680248341604424,0.077355215040256,0.4529753192815808
music,GSI_MLC_PA_SVM,1,Per Label,1,happy-pleased,0.1730520359003915,0.06265428148399178,0.5115536221763125
music,GSI_MLC_PA_SVM,1,Per Label,2,relaxing-clam,0.1707975250370226,0.13504224605545276,0.5120993035760352
music,GSI_MLC_PA_SVM,1,Per Label,3,quiet-still,0.07256824963162656,0.07718254829701399,0.2537597647761598
music,GSI_MLC_PA_SVM,1,Per Label,4,sad-lonely,0.13879741462468703,0.05481979864876435,0.4356167122831747
music,GSI_MLC_PA_SVM,1,Per Label,5,angry-aggresive,0.12084400655574272,0.13987323666429696,0.39769788849694665
music,GSI_MLC_PA_SVM,2,Per Label,0,amazed-suprised,0.14929677094382418,0.1009960218286657,0.46168678186487505
music,GSI_MLC_PA_SVM,2,Per Label,1,happy-pleased,0.20847678804277103,0.0970213830502879,0.6063753982036272
music,GSI_MLC_PA_SVM,2,Per Label,2,relaxing-clam,0.16733194602813894,0.09837500750551224,0.49829196848506635
music,GSI_MLC_PA_SVM,2,Per Label,3,quiet-still,0.06155001064066519,0.07985810231424204,0.20869718972523532
music,GSI_MLC_PA_SVM,2,Per Label,4,sad-lonely,0.1591891214162955,0.06730187098539442,0.48821182552805514
music,GSI_MLC_PA_SVM,2,Per Label,5,angry-aggresive,0.15125723693896725,0.07822336134448316,0.4527429248675029
music,GSI_MLC_PA_SVM,3,Per Label,0,amazed-suprised,0.15316163857303677,0.06273883023458045,0.4618140334014307
music,GSI_MLC_PA_SVM,3,Per Label,1,happy-pleased,0.18229244207640966,0.10802660921274206,0.5940250408794554
music,GSI_MLC_PA_SVM,3,Per Label,2,relaxing-clam,0.16456400458324405,0.10278875042952723,0.501938996856816
music,GSI_MLC_PA_SVM,3,Per Label,3,quiet-still,0.07667725948596645,0.043992669116506525,0.2558581657850485
music,GSI_MLC_PA_SVM,3,Per Label,4,sad-lonely,0.13013655019159898,0.10522253068225158,0.4217636042009196
music,GSI_MLC_PA_SVM,3,Per Label,5,angry-aggresive,0.1097631239460964,0.11725505632942654,0.34861919604013086
music,GSI_MLC_PA_SVM,4,Per Label,0,amazed-suprised,0.16796302431955493,0.05188692460688849,0.5025311611001141
music,GSI_MLC_PA_SVM,4,Per Label,1,happy-pleased,0.17076819006733832,0.07515463915892782,0.5311826909889896
music,GSI_MLC_PA_SVM,4,Per Label,2,relaxing-clam,0.1706940707887757,0.08662040586253726,0.5058129885852469
music,GSI_MLC_PA_SVM,4,Per Label,3,quiet-still,0.06657439886559222,0.06682461575022987,0.20965663648179736
music,GSI_MLC_PA_SVM,4,Per Label,4,sad-lonely,0.10470641605766307,0.10238990444247807,0.3454334744518737
music,GSI_MLC_PA_SVM,4,Per Label,5,angry-aggresive,0.15222196323829043,0.07434610957710244,0.49845735556648246
music,GSI_MLC_PA_SVM,5,Per Label,0,amazed-suprised,0.14944984832393296,0.08454971830076136,0.45117500756214507
music,GSI_MLC_PA_SVM,5,Per Label,1,happy-pleased,0.20717735376438812,0.15471165777023713,0.616958415491192
music,GSI_MLC_PA_SVM,5,Per Label,2,relaxing-clam,0.1770618658473189,0.11584881794865892,0.5396996811807178
music,GSI_MLC_PA_SVM,5,Per Label,3,quiet-still,0.07946598462542885,0.028572521035749254,0.2546233538735715
music,GSI_MLC_PA_SVM,5,Per Label,4,sad-lonely,0.1482041603539629,0.07063659253929343,0.48584364325830665
music,GSI_MLC_PA_SVM,5,Per Label,5,angry-aggresive,0.13723946468354306,0.058090806493009566,0.4389808991490151
