dataset,learner,model,Selective_Macro_F1_mean,Selective_Macro_F1_std,Coverage_mean,Coverage_std,Full_Macro_F1_mean,Full_Macro_F1_std,Selective_Micro_F1_mean,Full_Micro_F1_mean,Hamming_Loss_mean,Selective_Hamming_Loss_mean,Train_Time_s_mean
emotions,Logistic,BR,0.5971886323818217,0.0150039227469818,1.0,0.0,0.5971886323818217,0.0150039227469818,0.6288902816450872,0.6288902816450872,0.2013467606130352,0.2013467606130352,0.0100727558135986
emotions,Logistic,GSI_v6_2,0.6882632243771498,0.0205336952212618,0.6910876194841108,0.0196884188408179,0.6398938593323376,0.0260220869142991,0.7292967769267964,0.6570854086998525,0.1943309704446372,0.111303290484853,0.1534850597381591
emotions,Logistic,GSI_v6_3,0.7224355831504214,0.0261619352230263,0.7354840506254603,0.014552010858605,0.6766499762200289,0.0202720094579172,0.716110524353241,0.6766372380704198,0.2345168961857003,0.2629982299580553,0.1723399639129638
scene,Logistic,BR,0.6993890885977598,0.0226103833901056,1.0,0.0,0.6993890885977598,0.0226103833901056,0.6938475257702652,0.6938475257702652,0.0991959688554073,0.0991959688554073,0.2041232109069824
scene,Logistic,GSI_v6_2,0.7642245890155994,0.0168680394726762,0.8884046906706798,0.0080546253914312,0.7140327996927226,0.0249902983422823,0.7788984508145935,0.7083042244123574,0.0953923777456596,0.0571994440181727,1.8493721961975096
scene,Logistic,GSI_v6_3,0.7265994018502228,0.0164853100980404,0.736904759629416,0.0128033090458327,0.7010354148119367,0.0187888340146367,0.7095031070431272,0.6853412396749492,0.1424708267129681,0.1737205705091242,1.939630365371704
yeast,Logistic,BR,0.3747513267982699,0.0091810269844943,1.0,0.0,0.3747513267982699,0.0091810269844943,0.6350631933787626,0.6350631933787626,0.2018997004372964,0.2018997004372964,0.1462158679962158
yeast,Logistic,GSI_v6_2,0.3562023982004813,0.0086486188294815,0.7556337309579586,0.0121692354861431,0.3629404876923043,0.0078683330850342,0.672684991912816,0.6334210836859937,0.201633612073133,0.1433875639634982,2.540483236312866
yeast,Logistic,GSI_v6_3,0.3749223199369308,0.0037611454614487,0.7104830477552204,0.0089988098015105,0.4507613792563088,0.0093015049522499,0.3944056609726766,0.5078403786979375,0.3693559289162368,0.6257024548321859,3.0170785427093505
plantpseaac,Logistic,BR,0.1409867529710814,0.0227448331320915,1.0,0.0,0.1409867529710814,0.0227448331320915,0.2604232392500984,0.2604232392500984,0.0945034554633141,0.0945034554633141,0.1083911895751953
plantpseaac,Logistic,GSI_v6_2,0.0951250090873992,0.0339531688258603,0.9292952149482874,0.0041259567070959,0.1434892880410361,0.019124810722737,0.1964046858750477,0.2567184368289948,0.0947563815705497,0.0706963025978597,1.1027210712432862
plantpseaac,Logistic,GSI_v6_3,0.2221078111922902,0.0062072997796473,0.7029459952556717,0.015687138149765,0.2472313399695878,0.0103173195194042,0.2354731374959364,0.2719490016739364,0.3116345460182662,0.6882384479099398,1.2484400272369385
humanpseaac,Logistic,BR,0.1123852817221137,0.0123478927479355,1.0,0.0,0.1123852817221137,0.0123478927479355,0.2851162535646782,0.2851162535646782,0.0860461808666371,0.0860461808666371,0.4599277973175049
humanpseaac,Logistic,GSI_v6_2,0.0868866952920919,0.0086020588538257,0.922447895563659,0.0020019904823189,0.1123852817221137,0.0123478927479355,0.1918372947573908,0.2851162535646782,0.0860461808666371,0.0577472094818075,4.545938062667847
humanpseaac,Logistic,GSI_v6_3,0.1835773118509361,0.0044326835785823,0.7032621780388828,0.0055831020890498,0.2036119729659166,0.0035011131355088,0.2044276588294044,0.2463488978515739,0.3389866248175815,0.768131671411967,4.488108539581299
emotions,SVM,BR,0.572631532924705,0.0184511485090343,1.0,0.0,0.572631532924705,0.0184511485090343,0.6176876222666378,0.6176876222666378,0.2038060893135614,0.2038060893135614,0.060757303237915
emotions,SVM,GSI_v6_2,0.5675029984044925,0.0585316901333855,0.6627231452051221,0.0103932998095916,0.5821480447245947,0.0288578537344562,0.6667787711703946,0.6241337666766968,0.2016019746942364,0.1133380791081356,0.7798994064331055
emotions,SVM,GSI_v6_3,0.7088072241063168,0.0248728915769268,0.732853112183715,0.0202306683724302,0.674668228516407,0.0210832747766939,0.6996159624315139,0.6759804902811835,0.2308962184063919,0.2863906862586057,0.9040927410125732
scene,SVM,BR,0.5967657591356481,0.0062665610082399,1.0,0.0,0.5967657591356481,0.0062665610082399,0.6043740468957532,0.6043740468957532,0.1128709643836697,0.1128709643836697,0.6207060813903809
scene,SVM,GSI_v6_2,0.6076648177803684,0.0114468987823954,0.8651676697860037,0.0060195438140435,0.6252990385839392,0.0069585833211535,0.6916637792130634,0.6323849462310324,0.1069200902175799,0.0609525662163234,8.017736005783082
scene,SVM,GSI_v6_3,0.6878722943067468,0.0163240645983934,0.7075260664823311,0.0118650119753885,0.6738320742395524,0.019543082714657,0.6675701587429498,0.6585121224813926,0.157988110557017,0.2185239294320965,9.072598266601563
yeast,SVM,BR,0.325997252555485,0.0011471843396192,1.0,0.0,0.325997252555485,0.0011471843396192,0.6278031128195835,0.6278031128195835,0.199625667044946,0.199625667044946,0.5669430732727051
yeast,SVM,GSI_v6_2,0.3059398448063264,0.0050459145938522,0.7734807069842023,0.007377239558678,0.3249064876028247,0.0048355056005517,0.6579435629480301,0.624820707995372,0.201662240103785,0.1496127235091063,9.868595600128174
yeast,SVM,GSI_v6_3,0.3712539878969523,0.0049071566862779,0.7002817879847856,0.0056838505629401,0.441427620792911,0.0090235034375856,0.3905904414154463,0.5007612371378192,0.3691539765095893,0.6116929985855496,12.288250207901
plantpseaac,SVM,BR,0.0556536555925695,0.0388900838348282,1.0,0.0,0.0556536555925695,0.0388900838348282,0.0736627145176584,0.0736627145176584,0.090427132847133,0.090427132847133,0.4318859577178955
plantpseaac,SVM,GSI_v6_2,0.0149250440917107,0.0201613535991158,0.9430273672610422,0.0053729551975891,0.0607559131292028,0.0400750466937441,0.0097566384045834,0.0905099846742724,0.0895793648696281,0.0741047425566221,4.242233037948608
plantpseaac,SVM,GSI_v6_3,0.1973373735824276,0.0056911657323781,0.7086090437129815,0.0169835999247209,0.2129372421086444,0.0081218870160153,0.2143003545345548,0.2382944413736466,0.3592772802712515,0.7652827265785663,4.836681461334228
humanpseaac,SVM,BR,0.0138332156073786,0.0043817258262237,1.0,0.0,0.0138332156073786,0.0043817258262237,0.0423336279618873,0.0423336279618873,0.084020696376478,0.084020696376478,1.6966424942016602
humanpseaac,SVM,GSI_v6_2,0.0009592516251783,0.0013302244901926,0.9370702659625396,0.005026976115193,0.0141682119155079,0.0045429489953852,0.0015401833692808,0.0428314079558693,0.0840202895151689,0.0629136164677812,16.633638191223145
humanpseaac,SVM,GSI_v6_3,0.1692947051839849,0.0041712160465809,0.7479490133998171,0.0292021617769498,0.1839750417109983,0.004808941482976,0.2015126412991824,0.2340827994603361,0.3564457833527058,0.7303457112617557,17.11068458557129
emotions,MLP,BR,0.4737363356932396,0.0205291511978109,1.0,0.0,0.4737363356932396,0.0205291511978109,0.5111291457495958,0.5111291457495958,0.2411697462544376,0.2411697462544376,0.5183145999908447
emotions,MLP,GSI_v6_2,0.5257348627141397,0.0400232933095248,0.6346006867899325,0.0198696741259319,0.5084634566141957,0.0234512180685327,0.5847962576860288,0.5342989312902249,0.2367066184944656,0.1380614374527256,3.640028190612793
emotions,MLP,GSI_v6_3,0.6750073281304937,0.020866095394054,0.7202789588898935,0.0277905395832146,0.639363569363697,0.0283686324102243,0.6637735874698006,0.6404794894444026,0.2576438307569578,0.3315150237709809,4.35276608467102
scene,MLP,BR,0.5685084870513786,0.0110776731318799,1.0,0.0,0.5685084870513786,0.0110776731318799,0.566577816838804,0.566577816838804,0.1315457769572211,0.1315457769572211,0.2034889221191406
scene,MLP,GSI_v6_2,0.5398648381137396,0.0142555343866278,0.8330456387997953,0.00333434135324,0.5566210186463699,0.0095619605761619,0.6240602572384931,0.5580073886397128,0.1320298779358794,0.0742140250695532,2.7725522994995115
scene,MLP,GSI_v6_3,0.6502701830677808,0.0044968019355451,0.7104948630582995,0.014315405041956,0.6230920139763276,0.008092583560296,0.633481367575117,0.6070694717817261,0.1959649538900376,0.249041685264222,2.9783881187438963
yeast,MLP,BR,0.3216999706945002,0.0086633225180487,1.0,0.0,0.3216999706945002,0.0086633225180487,0.6127443985426491,0.6127443985426491,0.210174311714091,0.210174311714091,0.429992151260376
yeast,MLP,GSI_v6_2,0.2944255154285888,0.01119533882956,0.7328156948467311,0.0099261206304053,0.3225341287964277,0.0064483637586493,0.6428121770946699,0.6174171561757253,0.2087527821548326,0.1419174376571096,6.962554264068603
yeast,MLP,GSI_v6_3,0.3821605870224425,0.0110849709935196,0.7077131932796672,0.013398180184238,0.4308521418241148,0.0106636708577031,0.3968142776870714,0.4693003099341771,0.4090682026183136,0.6469997473494608,8.747379446029663
plantpseaac,MLP,BR,0.1470624032766319,0.0252569800307988,1.0,0.0,0.1470624032766319,0.0252569800307988,0.2658874250513712,0.2658874250513712,0.0917846552819526,0.0917846552819526,0.3692490577697754
plantpseaac,MLP,GSI_v6_2,0.1175465881268532,0.0216510214292442,0.9347539638600292,0.0047262690378282,0.1488552786281868,0.0255891946721931,0.2296796090553338,0.2705696300070624,0.0919538510298959,0.0682840332738817,4.576913690567016
plantpseaac,MLP,GSI_v6_3,0.2183014580199638,0.0084301656081658,0.7318286163962545,0.0057410292725812,0.2583179094424651,0.021435028990079,0.2444662449357318,0.3141904531401982,0.2626846273272495,0.643272973446287,4.947103214263916
humanpseaac,MLP,BR,0.0941048306637197,0.0067131875649566,1.0,0.0,0.0941048306637197,0.0067131875649566,0.2445513454709855,0.2445513454709855,0.0852679142509321,0.0852679142509321,0.5263711452484131
humanpseaac,MLP,GSI_v6_2,0.0349611994777256,0.0063129712812575,0.9196449671018636,0.0036749100308355,0.0941048306637197,0.0067131875649566,0.0827167993335925,0.2445513454709855,0.0852679142509321,0.0553283314569854,6.429946422576904
humanpseaac,MLP,GSI_v6_3,0.1796792238806604,0.0035522659089367,0.7541600027388854,0.0107574692505897,0.1972158438576831,0.0066925656449609,0.2294964157474298,0.2808373135937004,0.284007949206614,0.6263801724218234,6.694905567169189
chd49,Logistic,BR,0.510348231680916,0.033841433597020104,1.0,0.0,0.510348231680916,0.033841433597020104,0.6603942614678033,0.6603942614678033,0.2940208629682314,0.2940208629682314,0.04203896522521973
chd49,Logistic,GSI_v6_2,0.5203283093176978,0.011711077615591241,0.6331422331422332,0.020162479473411755,0.5123048601084521,0.038992696006605834,0.7204377118376615,0.6635828362223135,0.29044858255384576,0.21551962202247815,0.6511519908905029
chd49,Logistic,GSI_v6_3,0.49522974187272323,0.03146368347038187,0.7065084701926808,0.022718938026501736,0.5386625013779132,0.030801999377247147,0.5507553439434238,0.6328738034595214,0.3491976665660877,0.481426705892355,0.6752071857452393
music,Logistic,BR,0.60674071937973,0.01988872311313569,1.0,0.0,0.60674071937973,0.01988872311313569,0.6436328371788422,0.6436328371788422,0.19568317838507268,0.19568317838507268,0.03399901390075684
music,Logistic,GSI_v6_2,0.6679445543563837,0.02796334292608323,0.6914885380488572,0.015503888937101038,0.6337564429313451,0.026839175248406687,0.718249699082649,0.6575976765564332,0.19261381504651692,0.11312463070117691,0.631135368347168
music,Logistic,GSI_v6_3,0.7252584663090451,0.012882232397026183,0.7353866361842434,0.012810742569596845,0.6810329132090315,0.03102453466350577,0.7195478860449025,0.683134024893335,0.22758180485000024,0.2611089070904119,0.7336611747741699
gpositivepseaac,Logistic,BR,0.5535478988405843,0.050797093108603496,1.0,0.0,0.5535478988405843,0.050797093108603496,0.6864598958060564,0.6864598958060564,0.145981142643764,0.145981142643764,0.07341914176940918
gpositivepseaac,Logistic,GSI_v6_2,0.5414926627045256,0.050686676366354926,0.8622479462285287,0.016639779594181336,0.5337576555864961,0.05502695624455269,0.7424830830511572,0.6891039279506592,0.14550504107542944,0.10106184613317,0.8732370853424072
gpositivepseaac,Logistic,GSI_v6_3,0.5832388023026053,0.012963760786313278,0.7591486183719194,0.023637096260042706,0.5708741228234786,0.029820322297125893,0.6230115076955874,0.6509482277220102,0.21193054518297236,0.3152282723667936,0.9861082553863525
genbase,Logistic,BR,0.6782256582866804,0.032772410367461605,1.0,0.0,0.6782256582866804,0.032772410367461605,0.9796872089008006,0.9796872089008006,0.00184636675864746,0.00184636675864746,0.17184104919433593
genbase,Logistic,GSI_v6_2,0.6408377440566609,0.056395715138413016,0.997704277528839,0.0008068863023545269,0.6856330656940879,0.030094853679747974,0.9851915247649708,0.980306231808355,0.001790250035864071,0.0012893554110817134,2.5302969455718993
genbase,Logistic,GSI_v6_3,0.6731862662297444,0.026761598997664792,0.9296528357931866,0.009105262735569887,0.6719292516393965,0.031249906595550957,0.8694746518938974,0.903973542901662,0.009740681670506231,0.015143400628684776,2.9231204986572266
viruspseaac,Logistic,BR,0.36923775175528334,0.02537662114048548,1.0,0.0,0.36923775175528334,0.02537662114048548,0.407034447034447,0.407034447034447,0.19952295766249256,0.19952295766249256,0.04492020606994629
viruspseaac,Logistic,GSI_v6_2,0.3479143428524233,0.04702548991823598,0.8393414165507188,0.020486050119448464,0.37125495716487344,0.02285920546974188,0.41650053975805995,0.4119491392504123,0.20037765851719339,0.14511583371484224,0.7991845607757568
viruspseaac,Logistic,GSI_v6_3,0.5082908241545944,0.014795110440921381,0.7668798449612403,0.027409595740887874,0.5007340203468976,0.026952822076651988,0.45134257570983927,0.4680206302919642,0.28504339760153713,0.4622084531093923,0.8888447284698486
chd49,SVM,BR,0.38301131495770513,0.036235979843458915,1.0,0.0,0.38301131495770513,0.036235979843458915,0.6315433664345318,0.6315433664345318,0.29280414385677545,0.29280414385677545,0.25667104721069334
chd49,SVM,GSI_v6_2,0.30213492122676844,0.023164420562210745,0.46103855051223464,0.013886240969358594,0.3955008028841793,0.03388424807391367,0.7927061840585458,0.6343294600480216,0.29426857479489055,0.16327053953881715,3.387013244628906
chd49,SVM,GSI_v6_3,0.39817026970374264,0.07501596434442416,0.7392281276491803,0.05246016866689506,0.474546159338259,0.0450806086366253,0.5087946162869373,0.5959651214537612,0.35085477822319927,0.4633243469415304,4.141305160522461
music,SVM,BR,0.5664045510529105,0.010689657611818885,1.0,0.0,0.5664045510529105,0.010689657611818885,0.6168721313678435,0.6168721313678435,0.20191010200980292,0.20191010200980292,0.22541160583496095
music,SVM,GSI_v6_2,0.5930913028901341,0.009432028704992513,0.6599059557185181,0.012065641809015353,0.5815221396098452,0.017951014374484518,0.6792971350670345,0.6251993302659204,0.19824957362345197,0.11244959763258486,3.2934267044067385
music,SVM,GSI_v6_3,0.7116878344193351,0.02080067179442632,0.7199109022139929,0.02029706625577209,0.6777235544738724,0.029860715224314077,0.6983638525166463,0.6790554940789777,0.23065112761025025,0.2919524839073934,3.8064466953277587
gpositivepseaac,SVM,BR,0.47482402364796705,0.08000161326159487,1.0,0.0,0.47482402364796705,0.08000161326159487,0.6393531257394433,0.6393531257394433,0.15900858849887978,0.15900858849887978,0.34235849380493166
gpositivepseaac,SVM,GSI_v6_2,0.4671582355982572,0.05160062212674542,0.8092559746079164,0.015201251575154815,0.4745938616164606,0.07878748158199612,0.6798545002271711,0.6369580174301368,0.1580283793876027,0.10473482718027464,3.9097608089447022
gpositivepseaac,SVM,GSI_v6_3,0.5520588065933506,0.013997103702217344,0.7172656833457804,0.0259014346255997,0.5452000462602811,0.02277460287849402,0.5690180167079709,0.619542594292864,0.2389049663928305,0.39893219286182385,3.8688345909118653
genbase,SVM,BR,0.7616454613556064,0.01703695642360671,1.0,0.0,0.7616454613556064,0.01703695642360671,0.990261203185893,0.990261203185893,0.0008957579133017729,0.0008957579133017729,0.7713525295257568
genbase,SVM,GSI_v6_2,0.7468306465407915,0.018245848911940837,0.9996649873842858,0.00023273861331120563,0.7616454613556064,0.01703695642360671,0.9908244932287105,0.990261203185893,0.0008957579133017729,0.0008399066214066317,6.528377437591553
genbase,SVM,GSI_v6_3,0.7595996059764176,0.019049652947377156,0.9928900534163692,0.002237842513808749,0.7595996059764176,0.019049652947377156,0.9832507070620572,0.984966708778059,0.001400808418352278,0.0015804285521007807,6.67626576423645
viruspseaac,SVM,BR,0.28573014272590797,0.00997307645444978,1.0,0.0,0.28573014272590797,0.00997307645444978,0.2777565428493945,0.2777565428493945,0.20402438216391702,0.20402438216391702,0.28141374588012696
viruspseaac,SVM,GSI_v6_2,0.23212121212121212,0.07076260445436114,0.7076737560458491,0.03722242393229974,0.28112694432510843,0.006021601221128861,0.2341789731320298,0.26803418803418805,0.20556400318028226,0.11047720463166377,4.279042673110962
viruspseaac,SVM,GSI_v6_3,0.4700583965898327,0.043096412459664196,0.7259000861326442,0.031306208403449456,0.44356491627936867,0.046528266130018536,0.41345925758396457,0.3923715415019763,0.3163507917577685,0.5026867171181647,5.550470924377441
chd49,MLP,BR,0.4980595881066118,0.008591898600476128,1.0,0.0,0.4980595881066118,0.008591898600476128,0.6637027108172815,0.6637027108172815,0.2952174662700979,0.2952174662700979,1.6469988346099853
chd49,MLP,GSI_v6_2,0.5055601607504381,0.018242730442784013,0.6431136399557452,0.014702700821484805,0.49611416160834454,0.014526382714035049,0.7290299750025956,0.6646301350437691,0.2925861746914379,0.21389301375069897,9.937432050704956
chd49,MLP,GSI_v6_3,0.4502095988297475,0.07537145759717624,0.7173802031696768,0.02303509119258428,0.5137006168648284,0.02649918273827162,0.5558638068296823,0.6281202332467124,0.34623374570742993,0.4714907317995052,10.45090274810791
music,MLP,BR,0.4951055753319561,0.03269492505214939,1.0,0.0,0.4951055753319561,0.03269492505214939,0.5341135349937446,0.5341135349937446,0.23537202799416157,0.23537202799416157,0.7038870334625245
music,MLP,GSI_v6_2,0.4950184583480396,0.04205027044995092,0.6441624657975604,0.011555527535047442,0.5049455973801109,0.033382004751042804,0.5545098788899296,0.5389757886580517,0.23792168468140554,0.1468389296495237,11.152014684677123
music,MLP,GSI_v6_3,0.6697802952115854,0.014296470691916434,0.7159533609184656,0.027339012667692748,0.6205207944068281,0.020935315856685784,0.6604279510265285,0.6238904208924058,0.2672371773568184,0.3358510087866008,14.008915328979493
gpositivepseaac,MLP,BR,0.5751629774293276,0.024220827961118727,1.0,0.0,0.5751629774293276,0.024220827961118727,0.7068459516253083,0.7068459516253083,0.13587565347274086,0.13587565347274086,0.3662086486816406
gpositivepseaac,MLP,GSI_v6_2,0.5685900973404474,0.06854770241988897,0.8704163554891711,0.016228617197566856,0.5770360570619865,0.026307978609261547,0.7428253298950886,0.7086739219570115,0.1353855489171023,0.09865501608615881,5.363418245315552
gpositivepseaac,MLP,GSI_v6_3,0.6097413792161084,0.032303275745711055,0.7330703883495145,0.026994996025980565,0.6006810558309276,0.029316521119816565,0.6563967168973427,0.6830584813987303,0.18834484690067216,0.2822488374382894,6.209084320068359
genbase,MLP,BR,0.3637812877952,0.009999533115590003,1.0,0.0,0.3637812877952,0.009999533115590003,0.7976982336059921,0.7976982336059921,0.015608887538712101,0.015608887538712101,2.9621670246124268
genbase,MLP,GSI_v6_2,0.379139442015259,0.01879769480209976,0.9783465397500486,0.001169851542719966,0.40202438480953884,0.025530989253861547,0.9107189029035068,0.8262827780325861,0.013708091778267215,0.004230340496799399,46.351222324371335
genbase,MLP,GSI_v6_3,0.5851090021814747,0.013608416199976705,0.9495751162417829,0.012284034563416502,0.5977462653684358,0.019796412151335274,0.8154090966549242,0.8779623785522033,0.013099668362826255,0.022984932025559627,50.04278202056885
viruspseaac,MLP,BR,0.39750573009239093,0.0638623259582427,1.0,0.0,0.39750573009239093,0.0638623259582427,0.42657999958082177,0.42657999958082177,0.1975798383356523,0.1975798383356523,0.5579875469207763
viruspseaac,MLP,GSI_v6_2,0.410480800970997,0.03927486133252291,0.8756059100245148,0.015680354772477326,0.4092843582027642,0.05742015932962188,0.44913896557954525,0.4510508689534907,0.19196001457629364,0.1576445119460147,9.762998056411742
viruspseaac,MLP,GSI_v6_3,0.5147257859197548,0.018530280083765362,0.7548746107467037,0.03177702546489195,0.5192867367257009,0.025069060057643127,0.45955840447209884,0.4888739112329767,0.2783424435168621,0.4401139979402334,11.484521961212158
