dataset,learner,model,fold,Full_Macro_F1,Selective_Macro_F1,Coverage,Full_Micro_F1,Selective_Micro_F1,Hamming_Loss,Selective_Hamming_Loss,Subset_Accuracy,Train_Time_s
emotions,Logistic,BR,1,0.6111172188011763,0.6111172188011763,1.0,0.6479591836734694,0.6479591836734694,0.1885245901639344,0.1885245901639344,0.2950819672131147,0.0097570419311523
emotions,Logistic,GSI_v6_2,1,0.6384832688391934,0.6597351540297139,0.7062841530054644,0.6633906633906634,0.7037037037037037,0.1871584699453552,0.1237911025145067,0.3114754098360656,0.1575279235839843
emotions,Logistic,GSI_v6_3,1,0.6572515132207709,0.6943534760849076,0.7281420765027322,0.6589595375722543,0.691358024691358,0.2418032786885245,0.2814258911819887,0.1967213114754098,0.1621077060699463
emotions,Logistic,BR,2,0.5903093203093203,0.5903093203093203,1.0,0.6070460704607046,0.6070460704607046,0.2030812324929972,0.2030812324929972,0.2436974789915966,0.0102388858795166
emotions,Logistic,GSI_v6_2,2,0.6751078551078552,0.6974264705882353,0.6708683473389355,0.6683168316831684,0.7292817679558011,0.1876750700280112,0.1022964509394572,0.3109243697478991,0.1357715129852295
emotions,Logistic,GSI_v6_3,2,0.6706771334838425,0.7177084368896304,0.7282913165266106,0.6615087040618955,0.7053941908713693,0.2450980392156862,0.273076923076923,0.1764705882352941,0.1382226943969726
emotions,Logistic,BR,3,0.5742504226103112,0.5742504226103112,1.0,0.6184538653366584,0.6184538653366584,0.2073170731707317,0.2073170731707317,0.2113821138211382,0.0094361305236816
emotions,Logistic,GSI_v6_2,3,0.6019778503628633,0.6737081839904421,0.6978319783197832,0.6372549019607843,0.7203791469194313,0.2005420054200542,0.1145631067961165,0.2439024390243902,0.1253573894500732
emotions,Logistic,GSI_v6_3,3,0.6591832309259197,0.7054309032060232,0.7303523035230353,0.6653846153846154,0.6977687626774848,0.2357723577235772,0.2764378478664193,0.2357723577235772,0.1536440849304199
emotions,Logistic,BR,4,0.6032960188532944,0.6032960188532944,1.0,0.6253229974160207,0.6253229974160207,0.2013888888888889,0.2013888888888889,0.2416666666666666,0.0095510482788085
emotions,Logistic,GSI_v6_2,4,0.6387485776015451,0.7061139073320483,0.6694444444444444,0.6464646464646465,0.75,0.1944444444444444,0.0954356846473029,0.275,0.1689820289611816
emotions,Logistic,GSI_v6_3,4,0.6959235701245975,0.7332541919062164,0.7291666666666666,0.6933333333333334,0.7239263803680982,0.2236111111111111,0.2571428571428571,0.2333333333333333,0.2016775608062744
emotions,Logistic,BR,5,0.6069701813350067,0.6069701813350067,1.0,0.6456692913385826,0.6456692913385826,0.2064220183486238,0.2064220183486238,0.2660550458715596,0.0113806724548339
emotions,Logistic,GSI_v6_2,5,0.6451517447502307,0.7043324059453092,0.7110091743119266,0.67,0.7431192660550459,0.2018348623853211,0.1204301075268817,0.3119266055045872,0.1797864437103271
emotions,Logistic,GSI_v6_3,5,0.7002144333450134,0.76143090766533,0.7614678899082569,0.704,0.7621052631578947,0.2262996941896024,0.2269076305220883,0.3027522935779816,0.206047773361206
scene,Logistic,BR,1,0.7130933796427547,0.7130933796427547,1.0,0.7085953878406709,0.7085953878406709,0.0967292971468336,0.0967292971468336,0.5511482254697286,0.2038931846618652
scene,Logistic,GSI_v6_2,1,0.7187493939475895,0.7716787226987281,0.8855254001391788,0.7145833333333333,0.7843137254901961,0.0953375086986778,0.056188605108055,0.569937369519833,1.7458891868591309
scene,Logistic,GSI_v6_3,1,0.6930582262121953,0.7198576403455214,0.7296450939457203,0.6809487375669472,0.7048665620094191,0.1450939457202505,0.1793037672865999,0.4050104384133611,1.7395806312561035
scene,Logistic,BR,2,0.7236845139015627,0.7236845139015627,1.0,0.7170212765957447,0.7170212765957447,0.0927475592747559,0.0927475592747559,0.5732217573221757,0.219449758529663
scene,Logistic,GSI_v6_2,2,0.7464604261287978,0.7784971731779103,0.900278940027894,0.740041928721174,0.8011527377521613,0.0864714086471408,0.0534469403563129,0.6192468619246861,2.233699321746826
scene,Logistic,GSI_v6_3,2,0.7320400069332607,0.754952532128843,0.7311715481171548,0.713841368584759,0.7352472089314195,0.1283124128312412,0.1583214115402956,0.4288702928870292,2.4624276161193848
scene,Logistic,BR,3,0.673753403345588,0.673753403345588,1.0,0.6680988184747583,0.6680988184747583,0.1055327868852459,0.1055327868852459,0.4938524590163934,0.2080433368682861
scene,Logistic,GSI_v6_2,3,0.6927444290047714,0.7572460504044352,0.8845628415300546,0.6860215053763441,0.7699530516431925,0.0997267759562841,0.0567567567567567,0.5327868852459017,1.9673731327056885
scene,Logistic,GSI_v6_3,3,0.6898037765780725,0.7166309651750399,0.7233606557377049,0.675187969924812,0.7013188518231187,0.1475409836065573,0.1817752596789424,0.3770491803278688,2.17179536819458
scene,Logistic,BR,4,0.6768788846376222,0.6768788846376222,1.0,0.6702702702702703,0.6702702702702703,0.1056826056826056,0.1056826056826056,0.5072765072765073,0.1994946002960205
scene,Logistic,GSI_v6_2,4,0.6855456418371523,0.7378584239660585,0.8922383922383922,0.6795284030010718,0.7470238095238095,0.1036036036036036,0.0660194174757281,0.5384615384615384,1.664477825164795
scene,Logistic,GSI_v6_3,4,0.6853538435187257,0.7148381635974567,0.7543312543312544,0.6712749615975423,0.7004754358161648,0.1483021483021483,0.1736334405144694,0.3804573804573805,1.6407082080841064
scene,Logistic,BR,5,0.7095352614612715,0.7095352614612715,1.0,0.7052518756698821,0.7052518756698821,0.0952875952875952,0.0952875952875952,0.5550935550935551,0.1897351741790771
scene,Logistic,GSI_v6_2,5,0.726664107545302,0.7758425748308649,0.8794178794178794,0.7213459516298633,0.7920489296636085,0.0918225918225918,0.053585500394011,0.5925155925155925,1.6354215145111084
scene,Logistic,GSI_v6_3,5,0.7049212208174294,0.7267177080042528,0.746015246015246,0.6854531607006854,0.705607476635514,0.1431046431046431,0.1755689735253135,0.3908523908523909,1.6836400032043457
yeast,Logistic,BR,1,0.3599663172280439,0.3599663172280439,1.0,0.6286636192524873,0.6286636192524873,0.2033873343151693,0.2033873343151693,0.1381443298969072,0.1415178775787353
yeast,Logistic,GSI_v6_2,1,0.3518137466903445,0.3651661780637505,0.7440353460972018,0.6268253109789075,0.6738317757009346,0.203240058910162,0.1381631037212985,0.1360824742268041,2.4974353313446045
yeast,Logistic,GSI_v6_3,1,0.4541976578512572,0.3763866401972921,0.724300441826215,0.5041853221724742,0.3890410958904109,0.3751104565537555,0.634810898739325,0.0556701030927835,2.966459989547729
yeast,Logistic,BR,2,0.3778065459099968,0.3778065459099968,1.0,0.6370605339677504,0.6370605339677504,0.2022091310751104,0.2022091310751104,0.1587628865979381,0.1500606536865234
yeast,Logistic,GSI_v6_2,2,0.3577132976111395,0.3593068066151166,0.7519882179675994,0.6313265849760256,0.6714477812640072,0.2038291605301914,0.1435566000783392,0.1525773195876288,2.5569076538085938
yeast,Logistic,GSI_v6_3,2,0.4510483958000241,0.378727391618897,0.7075110456553756,0.5082288401253918,0.3970293054997992,0.3696612665684831,0.6253122398001665,0.0432989690721649,2.9987540245056152
yeast,Logistic,BR,3,0.3790154046838568,0.3790154046838568,1.0,0.6433901918976546,0.6433901918976546,0.1999402271368798,0.1999402271368798,0.1548117154811715,0.1415066719055175
yeast,Logistic,GSI_v6_2,3,0.3670202550064529,0.3507218270203248,0.7691273161984459,0.6412664341293265,0.6809440559440559,0.1997907949790795,0.1418301923450553,0.1589958158995816,2.4354777336120605
yeast,Logistic,GSI_v6_3,3,0.4626907208731528,0.3771574040397417,0.708756724447101,0.5218422613164657,0.3979879275653923,0.3614763897190675,0.6308243727598566,0.0481171548117154,2.9021220207214355
yeast,Logistic,BR,4,0.3728635353541395,0.3728635353541395,1.0,0.6327077747989276,0.6327077747989276,0.2030231179608773,0.2030231179608773,0.1473029045643153,0.1512665748596191
yeast,Logistic,GSI_v6_2,4,0.3705846746208156,0.3440352385480328,0.7679312388855958,0.6344345957561106,0.6559513466550826,0.2016893894487255,0.1528367425704361,0.1473029045643153,2.614060401916504
yeast,Logistic,GSI_v6_3,4,0.4488244529659081,0.3730150582145126,0.699614700652045,0.5087409153407975,0.3935232629637221,0.3706283343212804,0.6267739885617454,0.0497925311203319,3.05867338180542
yeast,Logistic,BR,5,0.3841048308153126,0.3841048308153126,1.0,0.6334938469769931,0.6334938469769931,0.2009386916984453,0.2009386916984453,0.1334702258726899,0.1467275619506836
yeast,Logistic,GSI_v6_2,5,0.3675704645327688,0.3617819407551815,0.7450865356409504,0.6332524925895985,0.68125,0.1996186564975066,0.1405511811023622,0.1293634496919918,2.5985350608825684
yeast,Logistic,GSI_v6_3,5,0.4370456687912018,0.369325105614211,0.7122323261953653,0.4962045545345585,0.3944467129440588,0.3699031974185978,0.6107907742998353,0.0574948665297741,3.1593832969665527
plantpseaac,Logistic,BR,1,0.166417663720881,0.166417663720881,1.0,0.2967741935483871,0.2967741935483871,0.0926870748299319,0.0926870748299319,0.1581632653061224,0.1071059703826904
plantpseaac,Logistic,GSI_v6_2,1,0.1672755996157159,0.0800907798034234,0.9226190476190476,0.3012820512820512,0.1827956989247312,0.0926870748299319,0.0700460829493087,0.1428571428571428,1.135869026184082
plantpseaac,Logistic,GSI_v6_3,1,0.2452349606390223,0.2238767482579108,0.6849489795918368,0.2718052738336714,0.2397782397782397,0.3052721088435374,0.680943513345748,0.0051020408163265,1.2642831802368164
plantpseaac,Logistic,BR,2,0.1374346943881536,0.1374346943881536,1.0,0.2756410256410256,0.2756410256410256,0.0951178451178451,0.0951178451178451,0.1767676767676767,0.1048917770385742
plantpseaac,Logistic,GSI_v6_2,2,0.1441415410830304,0.1007212649369512,0.9292929292929292,0.2765273311897106,0.2244897959183673,0.0946969696969697,0.0688405797101449,0.1616161616161616,1.097597599029541
plantpseaac,Logistic,GSI_v6_3,2,0.252223273092318,0.2225966621781705,0.6982323232323232,0.2817733990147783,0.2366310160427807,0.3068181818181818,0.6883664858348403,0.005050505050505,1.22619366645813
plantpseaac,Logistic,BR,3,0.120391794614244,0.120391794614244,1.0,0.2457337883959044,0.2457337883959044,0.0949312714776632,0.0949312714776632,0.1443298969072164,0.1022212505340576
plantpseaac,Logistic,GSI_v6_2,3,0.1352513227513227,0.0751488095238095,0.9317010309278352,0.2465753424657534,0.2061855670103092,0.0945017182130584,0.0710004610419548,0.1288659793814432,1.134296178817749
plantpseaac,Logistic,GSI_v6_3,3,0.2550014708763203,0.2197720650011461,0.7126288659793815,0.2767039674465921,0.2332439678284182,0.3054123711340206,0.6895720313441832,0.0154639175257731,1.3423502445220947
plantpseaac,Logistic,BR,4,0.1181526352201518,0.1181526352201518,1.0,0.2222222222222222,0.2222222222222222,0.0967184801381692,0.0967184801381692,0.1398963730569948,0.1054258346557617
plantpseaac,Logistic,GSI_v6_2,4,0.1167111176882527,0.0678661616161616,0.9335060449050088,0.2167832167832167,0.1452513966480447,0.0967184801381692,0.0707678075855689,0.1347150259067357,1.078657865524292
plantpseaac,Logistic,GSI_v6_3,4,0.2536501602933136,0.2306701528492573,0.694300518134715,0.2732558139534883,0.2378737541528239,0.3238341968911917,0.7133084577114428,0.0207253886010362,1.1668815612792969
plantpseaac,Logistic,BR,5,0.1625369769119769,0.1625369769119769,1.0,0.261744966442953,0.261744966442953,0.093062605752961,0.093062605752961,0.1573604060913705,0.1223111152648925
plantpseaac,Logistic,GSI_v6_2,5,0.154066859066859,0.1517980295566502,0.929357021996616,0.2424242424242424,0.2233009708737864,0.0951776649746192,0.0728265817023213,0.1218274111675127,1.0671846866607666
plantpseaac,Logistic,GSI_v6_3,5,0.2300468349469646,0.2136234276749662,0.7246192893401016,0.2562065541211519,0.2298387096774193,0.3168358714043993,0.6690017513134852,0.0050761421319796,1.2424914836883545
humanpseaac,Logistic,BR,1,0.1127812359511706,0.1127812359511706,1.0,0.2841015992474129,0.2841015992474129,0.0892563922120572,0.0892563922120572,0.1461412151067323,0.466557502746582
humanpseaac,Logistic,GSI_v6_2,1,0.1127812359511706,0.0905068377221989,0.921064977715224,0.2841015992474129,0.2073578595317725,0.0892563922120572,0.0603590984337195,0.1461412151067323,4.683212518692017
humanpseaac,Logistic,GSI_v6_3,1,0.2037755173890437,0.1858216613464746,0.7078348580811635,0.2637241379310345,0.221480244852532,0.3130424583626554,0.6954432477216239,0.0032840722495894,4.530837059020996
humanpseaac,Logistic,BR,2,0.0939744214039494,0.0939744214039494,1.0,0.248076923076923,0.248076923076923,0.0886621315192743,0.0886621315192743,0.1301587301587301,0.4509761333465576
humanpseaac,Logistic,GSI_v6_2,2,0.0939744214039494,0.0763795843840269,0.9233560090702948,0.248076923076923,0.1755593803786574,0.0886621315192743,0.0588163064833005,0.1301587301587301,4.532355308532715
humanpseaac,Logistic,GSI_v6_3,2,0.1982224031894701,0.1812054084630801,0.6948979591836735,0.2348842995770092,0.1986997832972162,0.3486394557823129,0.7843041279164628,0.0031746031746031,4.4425976276397705
humanpseaac,Logistic,BR,3,0.1137964905619475,0.1137964905619475,1.0,0.2795698924731182,0.2795698924731182,0.0839598997493734,0.0839598997493734,0.149920255183413,0.4485616683959961
humanpseaac,Logistic,GSI_v6_2,3,0.1137964905619475,0.0791598623901469,0.9242424242424242,0.2795698924731182,0.181184668989547,0.0839598997493734,0.0579317145322322,0.149920255183413,4.385313987731934
humanpseaac,Logistic,GSI_v6_3,3,0.2035998753842922,0.1787726065924408,0.7019822282980178,0.2373991935483871,0.196454708082615,0.3447254499886079,0.8018500486854917,0.0047846889952153,4.331017971038818
humanpseaac,Logistic,BR,4,0.1125960126152744,0.1125960126152744,1.0,0.2804995196926033,0.2804995196926033,0.0868506493506493,0.0868506493506493,0.1590909090909091,0.4394054412841797
humanpseaac,Logistic,GSI_v6_2,4,0.1125960126152744,0.0924627994645579,0.9239332096474954,0.2804995196926033,0.2006920415224913,0.0868506493506493,0.0579819277108433,0.1590909090909091,4.422905683517456
humanpseaac,Logistic,GSI_v6_3,4,0.2044649864010954,0.1900858987053676,0.7026901669758813,0.2468435970110796,0.2066712517193947,0.3389378478664193,0.7613861386138614,0.0032467532467532,4.531223297119141
humanpseaac,Logistic,BR,5,0.1287782480782268,0.1287782480782268,1.0,0.3333333333333333,0.3333333333333333,0.0815018315018315,0.0815018315018315,0.1778846153846154,0.494138240814209
humanpseaac,Logistic,GSI_v6_2,5,0.1287782480782268,0.0959243924995291,0.9196428571428572,0.3333333333333333,0.1943925233644859,0.0815018315018315,0.053647000248942,0.1778846153846154,4.705902814865112
humanpseaac,Logistic,GSI_v6_3,5,0.2079970824656819,0.1820009841473173,0.7089056776556777,0.248893261190359,0.1988323061952643,0.349587912087912,0.7976747941223963,0.0032051282051282,4.6048667430877686
emotions,SVM,BR,1,0.597602612390748,0.597602612390748,1.0,0.6424870466321243,0.6424870466321243,0.1885245901639344,0.1885245901639344,0.3278688524590163,0.0615239143371582
emotions,SVM,GSI_v6_2,1,0.6007037485297723,0.5584524194080828,0.680327868852459,0.639386189258312,0.6408839779005525,0.1926229508196721,0.1305220883534136,0.3114754098360656,0.746445894241333
emotions,SVM,GSI_v6_3,1,0.6553838071107897,0.6764233752364878,0.7295081967213115,0.6575342465753424,0.6680080482897385,0.2390710382513661,0.3089887640449438,0.1967213114754098,0.9216623306274414
emotions,SVM,BR,2,0.5472967449301249,0.5472967449301249,1.0,0.5888888888888889,0.5888888888888889,0.2072829131652661,0.2072829131652661,0.2352941176470588,0.0614528656005859
emotions,SVM,GSI_v6_2,2,0.5464679329117968,0.5053571428571428,0.6582633053221288,0.5879120879120879,0.6131386861313869,0.2100840336134453,0.1127659574468085,0.226890756302521,0.7669575214385986
emotions,SVM,GSI_v6_3,2,0.6755724595649196,0.7198638452175571,0.7198879551820728,0.6679920477137177,0.7046843177189409,0.2338935574229692,0.2821011673151751,0.2100840336134453,0.9040234088897704
emotions,SVM,BR,3,0.5754488038510298,0.5754488038510298,1.0,0.6262626262626263,0.6262626262626263,0.2005420054200542,0.2005420054200542,0.2520325203252032,0.057483434677124
emotions,SVM,GSI_v6_2,3,0.5795940209327206,0.6614466702979684,0.6544715447154471,0.6326530612244898,0.7251461988304093,0.1951219512195122,0.0973084886128364,0.2764227642276423,0.7792375087738037
emotions,SVM,GSI_v6_3,3,0.6515232426624832,0.6937702635705527,0.7140921409214093,0.66015625,0.6862745098039216,0.2357723577235772,0.3036053130929791,0.2113821138211382,0.7743203639984131
emotions,SVM,BR,4,0.5779402789841044,0.5779402789841044,1.0,0.6145833333333334,0.6145833333333334,0.2055555555555555,0.2055555555555555,0.225,0.0571885108947753
emotions,SVM,GSI_v6_2,4,0.6194970315192869,0.5745098417103505,0.6569444444444444,0.6445012787723785,0.7006369426751592,0.1930555555555555,0.0993657505285412,0.2583333333333333,0.7548425197601318
emotions,SVM,GSI_v6_3,4,0.6935006794968697,0.7125603001604094,0.7347222222222223,0.6926070038910506,0.704,0.2194444444444444,0.2797731568998109,0.2166666666666666,0.9130499362945556
emotions,SVM,BR,5,0.5648692244675182,0.5648692244675182,1.0,0.6162162162162163,0.6162162162162163,0.2171253822629969,0.2171253822629969,0.2018348623853211,0.0661377906799316
emotions,SVM,GSI_v6_2,5,0.5644774897293973,0.5377489177489178,0.6636085626911316,0.6162162162162163,0.6540880503144654,0.2171253822629969,0.1267281105990783,0.2018348623853211,0.8520135879516602
emotions,SVM,GSI_v6_3,5,0.6973609537469723,0.7414183363465771,0.7660550458715596,0.7016129032258065,0.7351129363449692,0.2262996941896024,0.2574850299401197,0.2935779816513761,1.0074076652526855
scene,SVM,BR,1,0.6046583638264269,0.6046583638264269,1.0,0.6118500604594922,0.6118500604594922,0.1116910229645093,0.1116910229645093,0.4405010438413361,0.647273063659668
scene,SVM,GSI_v6_2,1,0.6164356111724533,0.5922162886306578,0.8590814196242171,0.6282973621103117,0.6905263157894737,0.1078636047320807,0.0595382746051032,0.4780793319415449,8.300819635391235
scene,SVM,GSI_v6_3,1,0.6613867355109123,0.679747480415643,0.7021572720946416,0.649814126394052,0.6612062546537603,0.1638830897703549,0.2254707631318137,0.3465553235908142,9.033515691757202
scene,SVM,BR,2,0.6006731832511968,0.6006731832511968,1.0,0.6111111111111112,0.6111111111111112,0.1122733612273361,0.1122733612273361,0.4602510460251046,0.6164336204528809
scene,SVM,GSI_v6_2,2,0.6211434128919281,0.6075004469873055,0.8640167364016736,0.631079478054567,0.7081545064377682,0.1084379358437935,0.0548829701372074,0.4811715481171548,7.870612859725952
scene,SVM,GSI_v6_3,2,0.70455917892018,0.7161632608832114,0.697350069735007,0.6832955404383976,0.6928301886792453,0.1460948396094839,0.2035,0.3870292887029288,8.882821083068848
scene,SVM,BR,3,0.5973662690468077,0.5973662690468077,1.0,0.603680981595092,0.603680981595092,0.1103142076502732,0.1103142076502732,0.444672131147541,0.5912981033325195
scene,SVM,GSI_v6_2,3,0.6249842575370816,0.6085704365789283,0.8688524590163934,0.6313253012048192,0.6921529175050302,0.1045081967213114,0.0601415094339622,0.4754098360655737,8.300992488861084
scene,SVM,GSI_v6_3,3,0.6608952914463656,0.674824654376785,0.6994535519125683,0.6468842729970327,0.6548410938654841,0.1625683060109289,0.22802734375,0.3524590163934426,9.567067623138428
scene,SVM,BR,4,0.5894999657131329,0.5894999657131329,1.0,0.5949820788530465,0.5949820788530465,0.1174636174636174,0.1174636174636174,0.4365904365904366,0.6543633937835693
scene,SVM,GSI_v6_2,4,0.629860806816763,0.6056251178509607,0.8735273735273735,0.6317016317016317,0.6678966789667896,0.1094941094941095,0.0714002380007933,0.4906444906444906,7.816877365112305
scene,SVM,GSI_v6_3,4,0.660045579368789,0.6829109983810925,0.725918225918226,0.6483600305110603,0.666157372039725,0.1597366597366597,0.2085918854415274,0.3471933471933472,8.895998001098633
scene,SVM,BR,5,0.5916310138406764,0.5916310138406764,1.0,0.6002460024600246,0.6002460024600246,0.1126126126126126,0.1126126126126126,0.4407484407484408,0.5941622257232666
scene,SVM,GSI_v6_2,5,0.6340711045014699,0.6244117988539896,0.8603603603603603,0.6395209580838324,0.6995884773662552,0.1042966042966043,0.0587998389045509,0.4927234927234927,7.799377679824829
scene,SVM,GSI_v6_3,5,0.6822735859515147,0.6857150774770018,0.7127512127512128,0.6642066420664207,0.6628158844765343,0.1576576576576576,0.2270296548371414,0.3492723492723493,8.983588933944702
yeast,SVM,BR,1,0.3245912961869378,0.3245912961869378,1.0,0.6258953168044077,0.6258953168044077,0.2,0.2,0.1463917525773196,0.5458805561065674
yeast,SVM,GSI_v6_2,1,0.3213612765477954,0.3085938711367151,0.7739322533136966,0.6216960352422908,0.6565217391304348,0.2023564064801178,0.1503330161750713,0.1360824742268041,10.33930778503418
yeast,SVM,GSI_v6_3,1,0.4369873307341884,0.3753420816984926,0.7082474226804124,0.4876984126984127,0.3883974490845505,0.3802650957290132,0.6182158452900811,0.0206185567010309,13.294065713882446
yeast,SVM,BR,2,0.3262694215574274,0.3262694215574274,1.0,0.6271094175285792,0.6271094175285792,0.2017673048600883,0.2017673048600883,0.1463917525773196,0.6123013496398926
yeast,SVM,GSI_v6_2,2,0.3287808076885491,0.311223497106787,0.7640648011782032,0.6281216069489685,0.6529867761057911,0.2017673048600883,0.1466846569005397,0.1381443298969072,10.49426794052124
yeast,SVM,GSI_v6_3,2,0.4436336306102804,0.3711876779772927,0.7017673048600883,0.5059035421252752,0.3906315349226265,0.3636229749631811,0.6115424973767052,0.0309278350515463,12.42965841293335
yeast,SVM,BR,3,0.3275570366667434,0.3275570366667434,1.0,0.6337289539056031,0.6337289539056031,0.1982964734010759,0.1982964734010759,0.1401673640167364,0.5287766456604004
yeast,SVM,GSI_v6_2,3,0.3305273863194852,0.3045638090785299,0.7789898386132695,0.6330501507262264,0.6655127650367806,0.2000896592946802,0.1482831383080759,0.1338912133891213,10.078203916549684
yeast,SVM,GSI_v6_3,3,0.4558064741926353,0.3750723551437854,0.6936640765092648,0.5176848874598071,0.3984690623006591,0.3586371787208607,0.6094355881085739,0.0313807531380753,12.54633927345276
yeast,SVM,BR,4,0.3251970254060056,0.3251970254060056,1.0,0.6268656716417911,0.6268656716417911,0.2000592768227623,0.2000592768227623,0.1286307053941908,0.605139970779419
yeast,SVM,GSI_v6_2,4,0.3248171189816317,0.2979973109097064,0.782009484291642,0.6233766233766234,0.6523420713364847,0.201985773562537,0.1533068031078264,0.1203319502074688,10.091659307479858
yeast,SVM,GSI_v6_3,4,0.4385658675294133,0.3714745599719671,0.696058091286307,0.4955471996833564,0.3911470525643754,0.3777415530527563,0.6091121992761337,0.0165975103734439,12.290006399154665
yeast,SVM,BR,5,0.3263714829603106,0.3263714829603106,1.0,0.6254162042175361,0.6254162042175361,0.1980052801408037,0.1980052801408037,0.1293634496919918,0.5426168441772461
yeast,SVM,GSI_v6_2,5,0.3190458484766619,0.3073207357998938,0.7684071575242006,0.617859123682751,0.6623544631306598,0.2021120563215019,0.1494560030540179,0.1047227926078028,8.339539051055908
yeast,SVM,GSI_v6_3,5,0.4321448008980377,0.3631932646932237,0.7016720445878557,0.4969721437222446,0.38430710820502,0.3655030800821355,0.6101588628762542,0.0246406570841889,10.881181240081789
plantpseaac,SVM,BR,1,0.0195402298850574,0.0195402298850574,1.0,0.0184331797235023,0.0184331797235023,0.0905612244897959,0.0905612244897959,0.010204081632653,0.4281005859375
plantpseaac,SVM,GSI_v6_2,1,0.025,0.0,0.9438775510204082,0.0365296803652968,0.0,0.0897108843537415,0.0729729729729729,0.0204081632653061,4.178685903549194
plantpseaac,SVM,GSI_v6_3,1,0.2092531480307977,0.1958292136042603,0.7134353741496599,0.2271914132379248,0.2053990610328638,0.3673469387755102,0.8069129916567342,0.0051020408163265,4.7494659423828125
plantpseaac,SVM,BR,2,0.1005418461940201,0.1005418461940201,1.0,0.1327800829875518,0.1327800829875518,0.0879629629629629,0.0879629629629629,0.0707070707070707,0.3991580009460449
plantpseaac,SVM,GSI_v6_2,2,0.1007904963787316,0.0208333333333333,0.9427609427609428,0.1333333333333333,0.0121951219512195,0.0875420875420875,0.0723214285714285,0.0707070707070707,4.121201038360596
plantpseaac,SVM,GSI_v6_3,2,0.215248435365402,0.1880760302842083,0.7323232323232324,0.2525918944392083,0.2163238221632382,0.3337542087542087,0.6787356321839081,0.005050505050505,4.893548488616943
plantpseaac,SVM,BR,3,0.0399560117302052,0.0399560117302052,1.0,0.1034482758620689,0.1034482758620689,0.0893470790378006,0.0893470790378006,0.0618556701030927,0.4633455276489258
plantpseaac,SVM,GSI_v6_2,3,0.0444638694638694,0.0061728395061728,0.9437285223367696,0.1191489361702127,0.0120481927710843,0.0889175257731958,0.0746472462448793,0.0721649484536082,4.303286790847778
plantpseaac,SVM,GSI_v6_3,3,0.212013931192216,0.2019000022162682,0.688573883161512,0.2374429223744292,0.2196319018404908,0.3586769759450172,0.793512164691204,0.0154639175257731,4.933079242706299
plantpseaac,SVM,BR,4,0.0240419845683003,0.0240419845683003,1.0,0.0263157894736842,0.0263157894736842,0.0958549222797927,0.0958549222797927,0.0155440414507772,0.4366819858551025
plantpseaac,SVM,GSI_v6_2,4,0.0267301566113111,0.0,0.9499136442141624,0.0347826086956521,0.0,0.0958549222797927,0.0786363636363636,0.0207253886010362,4.331745862960815
plantpseaac,SVM,GSI_v6_3,4,0.2250730054652168,0.201286451755919,0.7124352331606217,0.2416452442159383,0.2103386809269162,0.3821243523316062,0.8054545454545454,0.005181347150259,4.739677906036377
plantpseaac,SVM,BR,5,0.0941882055852644,0.0941882055852644,1.0,0.0873362445414847,0.0873362445414847,0.088409475465313,0.088409475465313,0.0355329949238578,0.4321436882019043
plantpseaac,SVM,GSI_v6_2,5,0.106795043192102,0.0476190476190476,0.9348561759729273,0.1287553648068669,0.0245398773006134,0.0858714043993231,0.071945701357466,0.0609137055837563,4.276245594024658
plantpseaac,SVM,GSI_v6_3,5,0.2030976904895893,0.1995951700514822,0.6962774957698815,0.2326007326007326,0.2198083067092651,0.3544839255499154,0.7417982989064399,0.0101522842639593,4.867635726928711
humanpseaac,SVM,BR,1,0.0185869837924632,0.0185869837924632,1.0,0.056921086675291,0.056921086675291,0.0855031667839549,0.0855031667839549,0.0328407224958949,1.6274595260620115
humanpseaac,SVM,GSI_v6_2,1,0.0185869837924632,0.0026954177897574,0.936547032606146,0.056921086675291,0.0038022813688212,0.0855031667839549,0.0656230432060112,0.0328407224958949,15.928361654281616
humanpseaac,SVM,GSI_v6_3,1,0.1844607956504365,0.1701465592206321,0.7258972554539057,0.2278602202010531,0.1986470879392839,0.3783720384705606,0.7847794474066893,0.0,16.41216468811035
humanpseaac,SVM,BR,2,0.0146148768095838,0.0146148768095838,1.0,0.046692607003891,0.046692607003891,0.0833333333333333,0.0833333333333333,0.0238095238095238,1.811030626296997
humanpseaac,SVM,GSI_v6_2,2,0.0146148768095838,0.0021008403361344,0.935374149659864,0.046692607003891,0.0038986354775828,0.0833333333333333,0.0619393939393939,0.0238095238095238,17.336997509002686
humanpseaac,SVM,GSI_v6_3,2,0.1811294773558611,0.1659453116386763,0.7392290249433107,0.238928939237899,0.2045534150612959,0.3351473922902494,0.6966257668711656,0.0015873015873015,16.802393913269043
humanpseaac,SVM,BR,3,0.0150134829981962,0.0150134829981962,1.0,0.0473684210526315,0.0473684210526315,0.0824789245841877,0.0824789245841877,0.0271132376395534,1.602374792098999
humanpseaac,SVM,GSI_v6_2,3,0.0144231412125794,0.0,0.9404192298929142,0.0447957839262187,0.0,0.0825928457507404,0.0625075711689884,0.0255183413078149,16.42457675933838
humanpseaac,SVM,GSI_v6_3,3,0.1775828035343802,0.1661862698965718,0.7704488493962178,0.2294176706827309,0.2017723244717109,0.3497379813169287,0.6925920449504658,0.0031897926634768,18.345165014266968
humanpseaac,SVM,BR,4,0.0143253968253968,0.0143253968253968,1.0,0.0392670157068062,0.0392670157068062,0.0851113172541744,0.0851113172541744,0.0227272727272727,1.7771472930908203
humanpseaac,SVM,GSI_v6_2,4,0.0165907201516599,0.0,0.9430658627087198,0.044328552803129,0.0,0.084995361781076,0.0641829583179638,0.0243506493506493,16.752012014389038
humanpseaac,SVM,GSI_v6_3,4,0.1899338788782969,0.176114920118817,0.7181122448979592,0.2352648594876896,0.2013877136571331,0.3565630797773655,0.7619893428063943,0.0032467532467532,17.156237363815308
humanpseaac,SVM,BR,5,0.0066253376112531,0.0066253376112531,1.0,0.0214190093708166,0.0214190093708166,0.0836767399267399,0.0836767399267399,0.0096153846153846,1.6652002334594729
humanpseaac,SVM,GSI_v6_2,5,0.0066253376112531,0.0,0.929945054945055,0.0214190093708166,0.0,0.0836767399267399,0.0603151157065484,0.0096153846153846,16.726243019104004
humanpseaac,SVM,GSI_v6_3,5,0.1867682531360165,0.1680804650452274,0.7860576923076923,0.2389423076923077,0.2012026653664879,0.3624084249084249,0.7157419542740644,0.0032051282051282,16.837461948394775
emotions,MLP,BR,1,0.4676006175895605,0.4676006175895605,1.0,0.509915014164306,0.509915014164306,0.2363387978142076,0.2363387978142076,0.1229508196721311,1.7133610248565674
emotions,MLP,GSI_v6_2,1,0.5032923744215168,0.4899470899470899,0.6215846994535519,0.5263157894736842,0.5732484076433121,0.2336065573770492,0.1472527472527472,0.1475409836065573,3.79688572883606
emotions,MLP,GSI_v6_3,1,0.6144257903578932,0.6525338249020526,0.7226775956284153,0.6162790697674418,0.6447876447876448,0.2704918032786885,0.3478260869565217,0.1967213114754098,4.475672006607056
emotions,MLP,BR,2,0.4422651275973235,0.4422651275973235,1.0,0.4733727810650887,0.4733727810650887,0.2492997198879551,0.2492997198879551,0.1260504201680672,0.2209994792938232
emotions,MLP,GSI_v6_2,2,0.4788492862247402,0.5344870891826515,0.6162464985994398,0.4942528735632184,0.5985401459854015,0.2464985994397759,0.125,0.134453781512605,3.91910171508789
emotions,MLP,GSI_v6_3,2,0.6480554886477928,0.6800646524204091,0.6988795518207283,0.6431372549019608,0.6653543307086615,0.2549019607843137,0.3406813627254509,0.1932773109243697,4.521632194519043
emotions,MLP,BR,3,0.4869600699087715,0.4869600699087715,1.0,0.5191256830601093,0.5191256830601093,0.2384823848238482,0.2384823848238482,0.1463414634146341,0.2270255088806152
emotions,MLP,GSI_v6_2,3,0.5291765386743675,0.529099692445676,0.6639566395663956,0.5593667546174143,0.5575757575757576,0.2262872628726287,0.1489795918367347,0.1707317073170731,3.2106738090515137
emotions,MLP,GSI_v6_3,3,0.6249904130769214,0.664937670608844,0.7208672086720868,0.631578947368421,0.6533864541832669,0.2560975609756097,0.3270676691729323,0.1707317073170731,4.145633220672607
emotions,MLP,BR,4,0.4762956150460304,0.4762956150460304,1.0,0.5056818181818182,0.5056818181818182,0.2416666666666666,0.2416666666666666,0.1583333333333333,0.2178685665130615
emotions,MLP,GSI_v6_2,4,0.4959029276693842,0.4887920681469069,0.6458333333333334,0.5193370165745856,0.5714285714285714,0.2416666666666666,0.1419354838709677,0.1833333333333333,3.917875051498413
emotions,MLP,GSI_v6_3,4,0.6242894860363154,0.669621638647501,0.6944444444444444,0.6235294117647059,0.6520874751491054,0.2666666666666666,0.35,0.125,4.43560528755188
emotions,MLP,BR,5,0.4955602483245119,0.4955602483245119,1.0,0.547550432276657,0.547550432276657,0.2400611620795107,0.2400611620795107,0.1651376146788991,0.2123184204101562
emotions,MLP,GSI_v6_2,5,0.5350961560809696,0.5863483738483739,0.6253822629969419,0.5722222222222222,0.6231884057971014,0.2354740061162079,0.1271393643031785,0.2018348623853211,3.355604648590088
emotions,MLP,GSI_v6_3,5,0.6850566686995624,0.7078788540736621,0.764525993883792,0.6878727634194831,0.7032520325203252,0.2400611620795107,0.292,0.2568807339449541,4.185287714004517
scene,MLP,BR,1,0.5710976434761601,0.5710976434761601,1.0,0.5677570093457944,0.5677570093457944,0.1287404314544189,0.1287404314544189,0.3465553235908142,0.2359414100646972
scene,MLP,GSI_v6_2,1,0.5507963197187936,0.5277523489841752,0.8302018093249826,0.5504151838671412,0.6339285714285714,0.1318719554627696,0.0687342833193629,0.3340292275574112,3.118680477142334
scene,MLP,GSI_v6_3,1,0.6219295656331999,0.6511695403709702,0.7035490605427975,0.6074895977808599,0.6336206896551724,0.196938065414057,0.2522255192878338,0.2045929018789144,3.439413070678711
scene,MLP,BR,2,0.576785710055515,0.576785710055515,1.0,0.5785310734463277,0.5785310734463277,0.1300557880055788,0.1300557880055788,0.3514644351464435,0.2197213172912597
scene,MLP,GSI_v6_2,2,0.570414799805656,0.5537115430734707,0.8357740585774058,0.5786452353616532,0.6271186440677966,0.1279637377963737,0.0734251147267417,0.3661087866108786,2.981705904006958
scene,MLP,GSI_v6_3,2,0.633003701497073,0.654354149034713,0.7175732217573222,0.616562282533055,0.6390278770550393,0.1921199442119944,0.2453838678328474,0.2405857740585774,3.3089332580566406
scene,MLP,BR,3,0.5492433015610186,0.5492433015610186,1.0,0.547945205479452,0.547945205479452,0.1352459016393442,0.1352459016393442,0.3237704918032787,0.2178785800933838
scene,MLP,GSI_v6_2,3,0.5450266251393884,0.5228937845698014,0.8370901639344263,0.54524627720504,0.6137787056367432,0.135587431693989,0.0754793961648306,0.3258196721311475,2.9855949878692627
scene,MLP,GSI_v6_3,3,0.6256900600928342,0.6538022982761914,0.6885245901639344,0.6112266112266113,0.637410071942446,0.1915983606557377,0.25,0.2254098360655737,2.875380516052246
scene,MLP,BR,4,0.574855664838455,0.574855664838455,1.0,0.5688487584650113,0.5688487584650113,0.1323631323631323,0.1323631323631323,0.3388773388773389,0.1662044525146484
scene,MLP,GSI_v6_2,4,0.5589472121390261,0.5415528210132721,0.8326403326403327,0.5571095571095571,0.6147368421052631,0.1316701316701316,0.0761548064918851,0.3367983367983368,2.3818180561065674
scene,MLP,GSI_v6_3,4,0.624172500202241,0.6487203324484733,0.7217602217602218,0.6071179344033496,0.6288585786073223,0.195079695079695,0.2481997119539126,0.2141372141372141,2.637932538986206
scene,MLP,BR,5,0.5705601153257439,0.5705601153257439,1.0,0.5698070374574348,0.5698070374574348,0.1313236313236313,0.1313236313236313,0.343035343035343,0.1776988506317138
scene,MLP,GSI_v6_2,5,0.5579201364289855,0.5534136929279787,0.8295218295218295,0.5586206896551724,0.6307385229540918,0.133056133056133,0.0772765246449457,0.3347193347193347,2.3949620723724365
scene,MLP,GSI_v6_3,5,0.6106642424562895,0.6433045952085563,0.7210672210672211,0.5929509329647547,0.6284896206156049,0.204088704088704,0.2493993272465161,0.1975051975051975,2.6302812099456787
yeast,MLP,BR,1,0.3093769520487708,0.3093769520487708,1.0,0.602085620197585,0.602085620197585,0.2135493372606774,0.2135493372606774,0.1360824742268041,0.414853572845459
yeast,MLP,GSI_v6_2,1,0.3120352459417675,0.2781976258992106,0.7220913107511046,0.6082698585418934,0.6277450455275844,0.2120765832106038,0.1417499490108097,0.134020618556701,6.240426063537598
yeast,MLP,GSI_v6_3,1,0.4241060706902534,0.3833387679360138,0.7228276877761414,0.453303387609957,0.3888993770058523,0.4301914580265096,0.6595354523227384,0.0618556701030927,8.075531005859375
yeast,MLP,BR,2,0.3179418525210669,0.3179418525210669,1.0,0.6116241173275394,0.6116241173275394,0.2106038291605302,0.2106038291605302,0.1257731958762886,0.4335358142852783
yeast,MLP,GSI_v6_2,2,0.3215972007263525,0.2957654106402717,0.7245949926362297,0.6155501748722088,0.6340710241893979,0.2104565537555228,0.1445121951219512,0.1381443298969072,7.398571729660034
yeast,MLP,GSI_v6_3,2,0.4155205980320174,0.3702059470767368,0.7191458026509573,0.4494296577946768,0.3844393592677345,0.4265095729013254,0.661069014949826,0.0536082474226804,9.669129133224487
yeast,MLP,BR,3,0.3254577786695969,0.3254577786695969,1.0,0.6220408163265306,0.6220408163265306,0.2075612671846981,0.2075612671846981,0.1422594142259414,0.4658486843109131
yeast,MLP,GSI_v6_2,3,0.3255176941581639,0.2902290797954632,0.7374476987447699,0.6253398586188146,0.6509291813159217,0.2059175134488942,0.1408308004052685,0.1422594142259414,7.699110984802246
yeast,MLP,GSI_v6_3,3,0.4354059842786584,0.3799020838084169,0.7074118350268978,0.4771140418929402,0.4007889546351085,0.4028690974297669,0.6417405999155048,0.0690376569037656,9.125774145126345
yeast,MLP,BR,4,0.3231616856603561,0.3231616856603561,1.0,0.6123778501628665,0.6123778501628665,0.2116182572614107,0.2116182572614107,0.1431535269709543,0.4165246486663818
yeast,MLP,GSI_v6_2,4,0.3244581530293521,0.3082388498697695,0.7465915826911678,0.6184281842818428,0.6429615197272285,0.2086544161232958,0.1454942437475188,0.1431535269709543,6.681181907653809
yeast,MLP,GSI_v6_3,4,0.4396882302761957,0.4000171343342558,0.691908713692946,0.4833659491193737,0.4146634615384615,0.3912270302311796,0.6258299421717712,0.0829875518672199,8.50656795501709
yeast,MLP,BR,5,0.3325615845727106,0.3325615845727106,1.0,0.6155935886987232,0.6155935886987232,0.2075388677031387,0.2075388677031387,0.1232032854209445,0.4191980361938476
yeast,MLP,GSI_v6_2,5,0.3290623501265025,0.2996966109382289,0.7333528894103842,0.6194977045638671,0.6583541147132169,0.2066588442358463,0.137,0.1293634496919918,6.793480634689331
yeast,MLP,GSI_v6_3,5,0.439539825843449,0.3773390019567894,0.6972719272513934,0.4832885132539378,0.3952802359882006,0.3945438545027867,0.6468237273874632,0.0718685831622176,8.35989499092102
plantpseaac,MLP,BR,1,0.1378858666109784,0.1378858666109784,1.0,0.2450331125827814,0.2450331125827814,0.096938775510204,0.096938775510204,0.1326530612244898,0.3571670055389404
plantpseaac,MLP,GSI_v6_2,1,0.1397762755851876,0.1059614342660319,0.9277210884353742,0.2467532467532467,0.231578947368421,0.0986394557823129,0.0669110907424381,0.1326530612244898,4.558781862258911
plantpseaac,MLP,GSI_v6_3,1,0.2492695596905046,0.2246003624836109,0.7270408163265306,0.3002257336343115,0.2460481099656357,0.2636054421768707,0.6415204678362573,0.0051020408163265,4.970733642578125
plantpseaac,MLP,BR,2,0.1284828496785018,0.1284828496785018,1.0,0.2638888888888889,0.2638888888888889,0.0892255892255892,0.0892255892255892,0.1515151515151515,0.3666176795959472
plantpseaac,MLP,GSI_v6_2,2,0.133270778701374,0.1044497188957217,0.9343434343434344,0.273037542662116,0.2234042553191489,0.0896464646464646,0.0657657657657657,0.1565656565656565,4.680976867675781
plantpseaac,MLP,GSI_v6_3,2,0.2648970775005431,0.2199875189141192,0.7314814814814815,0.3302752293577982,0.2474367737525632,0.2457912457912457,0.6334867663981588,0.0252525252525252,5.1049888134002686
plantpseaac,MLP,BR,3,0.157582452335773,0.157582452335773,1.0,0.2935153583617747,0.2935153583617747,0.0889175257731958,0.0889175257731958,0.1804123711340206,0.3916940689086914
plantpseaac,MLP,GSI_v6_2,3,0.1562549089114554,0.1534853540971449,0.9398625429553265,0.2945205479452055,0.2718446601941747,0.088487972508591,0.0685557586837294,0.1804123711340206,4.651291370391846
plantpseaac,MLP,GSI_v6_3,3,0.2633671723035322,0.2111958390051,0.7323883161512027,0.3232323232323232,0.2365887207702888,0.259020618556701,0.6510263929618768,0.0257731958762886,5.169579744338989
plantpseaac,MLP,BR,4,0.1251596151281025,0.1251596151281025,1.0,0.2344827586206896,0.2344827586206896,0.0958549222797927,0.0958549222797927,0.1243523316062176,0.3629851341247558
plantpseaac,MLP,GSI_v6_2,4,0.1251596151281025,0.1015651709401709,0.9382556131260794,0.2344827586206896,0.2153846153846154,0.0958549222797927,0.0704095720202485,0.1243523316062176,4.491682291030884
plantpseaac,MLP,GSI_v6_3,4,0.2860439016752062,0.2276310049648507,0.7271157167530224,0.3384955752212389,0.2567204301075269,0.2582037996545768,0.6567695961995249,0.0207253886010362,4.491555690765381
plantpseaac,MLP,BR,5,0.186201232629804,0.186201232629804,1.0,0.2925170068027211,0.2925170068027211,0.0879864636209813,0.0879864636209813,0.1675126903553299,0.367781400680542
plantpseaac,MLP,GSI_v6_2,5,0.1898148148148148,0.1222712624351968,0.9335871404399324,0.304054054054054,0.2061855670103092,0.0871404399323181,0.069777979157227,0.1776649746192893,4.501836061477661
plantpseaac,MLP,GSI_v6_3,5,0.2280118360425391,0.2080925647321381,0.7411167512690355,0.2787234042553191,0.2355371900826446,0.2868020304568528,0.6335616438356164,0.0253807106598984,4.998658180236816
humanpseaac,MLP,BR,1,0.0974015379911651,0.0974015379911651,1.0,0.2466870540265035,0.2466870540265035,0.0866760497302369,0.0866760497302369,0.1149425287356321,0.4271905422210693
humanpseaac,MLP,GSI_v6_2,1,0.0974015379911651,0.0385082920424251,0.9218859957776214,0.2466870540265035,0.0974658869395711,0.0866760497302369,0.0589058524173028,0.1149425287356321,5.295682191848755
humanpseaac,MLP,GSI_v6_3,1,0.1968886211220082,0.1829178355446602,0.7533427163969036,0.2926529357516139,0.2437145174371451,0.2698803659394792,0.5807255176708703,0.0147783251231527,6.567466020584106
humanpseaac,MLP,BR,2,0.0908125458660756,0.0908125458660756,1.0,0.2358974358974359,0.2358974358974359,0.0844671201814059,0.0844671201814059,0.1222222222222222,0.5317840576171875
humanpseaac,MLP,GSI_v6_2,2,0.0908125458660756,0.0284828948264511,0.9197278911564626,0.2358974358974359,0.0703933747412008,0.0844671201814059,0.0553500986193293,0.1222222222222222,6.529957294464111
humanpseaac,MLP,GSI_v6_3,2,0.1865721285508491,0.1739990855025011,0.7545351473922902,0.2998696219035202,0.2543651649062298,0.2435374149659863,0.5197595792637115,0.019047619047619,6.583153486251831
humanpseaac,MLP,BR,3,0.0899059046167149,0.0899059046167149,1.0,0.2502543234994913,0.2502543234994913,0.0839598997493734,0.0839598997493734,0.1228070175438596,0.5408809185028076
humanpseaac,MLP,GSI_v6_2,3,0.0899059046167149,0.0392427678141963,0.91991341991342,0.2502543234994913,0.0979591836734693,0.0839598997493734,0.0547368421052631,0.1228070175438596,6.680124044418335
humanpseaac,MLP,GSI_v6_3,3,0.197694410227695,0.1788047817714213,0.7704488493962178,0.2426693629929221,0.1898813241723922,0.3413078149920255,0.7671151855685346,0.0143540669856459,6.596221446990967
humanpseaac,MLP,BR,4,0.0880739762188016,0.0880739762188016,1.0,0.2251521298174442,0.2251521298174442,0.0885899814471243,0.0885899814471243,0.1185064935064935,0.5734601020812988
humanpseaac,MLP,GSI_v6_2,4,0.0880739762188016,0.0277430644388903,0.923121521335807,0.2251521298174442,0.0655737704918032,0.0885899814471243,0.0572792362768496,0.1185064935064935,6.993192195892334
humanpseaac,MLP,GSI_v6_3,4,0.2001716113948691,0.1804830065525301,0.7522031539888683,0.2891638997887111,0.2379716510281493,0.2730751391465677,0.5884075843995684,0.0211038961038961,6.998713254928589
humanpseaac,MLP,BR,5,0.1043301886258412,0.1043301886258412,1.0,0.2647657841140529,0.2647657841140529,0.0826465201465201,0.0826465201465201,0.1378205128205128,0.5585401058197021
humanpseaac,MLP,GSI_v6_2,5,0.1043301886258412,0.0408289782666652,0.9135760073260072,0.2647657841140529,0.0821917808219178,0.0826465201465201,0.0503696278661821,0.1378205128205128,6.650776386260986
humanpseaac,MLP,GSI_v6_3,5,0.2047524479929939,0.1821914100321893,0.7402701465201466,0.2798307475317348,0.2215494211932324,0.292239010989011,0.6758929952064326,0.016025641025641,6.728973627090454
chd49,Logistic,BR,1,0.5057804940157882,0.5057804940157882,1.0,0.6586206896551724,0.6586206896551724,0.2972972972972973,0.2972972972972973,0.14414414414414414,0.05068182945251465
chd49,Logistic,GSI_v6_2,1,0.5149573686956864,0.5195244556339423,0.6606606606606606,0.6643598615916955,0.7183908045977011,0.2912912912912913,0.22272727272727272,0.15315315315315314,0.7269527912139893
chd49,Logistic,GSI_v6_3,1,0.5201176784816491,0.49290840470096003,0.6951951951951952,0.6089644513137558,0.5190839694656488,0.37987987987987987,0.5442764578833693,0.09009009009009009,0.7092225551605225
chd49,Logistic,BR,2,0.49038259527774297,0.49038259527774297,1.0,0.6549295774647887,0.6549295774647887,0.296969696969697,0.296969696969697,0.2,0.04953265190124512
chd49,Logistic,GSI_v6_2,2,0.4873179843028346,0.510161510303314,0.6454545454545455,0.6537102473498233,0.6747720364741642,0.296969696969697,0.2511737089201878,0.19090909090909092,0.695570707321167
chd49,Logistic,GSI_v6_3,2,0.5047735616626947,0.4593569889553768,0.740909090909091,0.586046511627907,0.4781783681214421,0.40454545454545454,0.5623721881390593,0.06363636363636363,0.5444872379302979
chd49,Logistic,BR,3,0.4935292357701115,0.4935292357701115,1.0,0.6701754385964912,0.6701754385964912,0.28484848484848485,0.28484848484848485,0.15454545454545454,0.03332710266113281
chd49,Logistic,GSI_v6_2,3,0.48415028997991,0.539597423510467,0.6303030303030303,0.6701754385964912,0.75,0.28484848484848485,0.19230769230769232,0.14545454545454545,0.6654367446899414
chd49,Logistic,GSI_v6_3,3,0.5446117854921458,0.4817919721458455,0.7,0.6369230769230769,0.5249537892791127,0.3575757575757576,0.5562770562770563,0.07272727272727272,0.6323137283325195
chd49,Logistic,BR,4,0.5699062361517692,0.5699062361517692,1.0,0.6655405405405406,0.6655405405405406,0.2894736842105263,0.2894736842105263,0.16666666666666666,0.03383660316467285
chd49,Logistic,GSI_v6_2,4,0.5786777580419152,0.5205868205868206,0.6111111111111112,0.6723259762308998,0.7239263803680982,0.2821637426900585,0.215311004784689,0.16666666666666666,0.5889549255371094
chd49,Logistic,GSI_v6_3,4,0.5862654119967582,0.5450676655853749,0.6812865497076024,0.6601941747572816,0.6036036036036037,0.30701754385964913,0.3776824034334764,0.14912280701754385,0.6810879707336426
chd49,Logistic,BR,5,0.492142597189168,0.492142597189168,1.0,0.6527050610820244,0.6527050610820244,0.3015151515151515,0.3015151515151515,0.12727272727272726,0.0428166389465332
chd49,Logistic,GSI_v6_2,5,0.4964208995219144,0.5117713365539452,0.6181818181818182,0.6573426573426573,0.7350993377483444,0.296969696969697,0.19607843137254902,0.10909090909090909,0.5788447856903076
chd49,Logistic,GSI_v6_3,5,0.5375440692563179,0.4970236779760589,0.7151515151515152,0.6722408026755853,0.6279569892473118,0.296969696969697,0.3665254237288136,0.16363636363636364,0.8089244365692139
music,Logistic,BR,1,0.5872624377030783,0.5872624377030783,1.0,0.631578947368421,0.631578947368421,0.19607843137254902,0.19607843137254902,0.24369747899159663,0.019611120223999023
music,Logistic,GSI_v6_2,1,0.653180747203595,0.6430760810071156,0.665266106442577,0.6700507614213198,0.7159090909090909,0.18207282913165265,0.10526315789473684,0.3025210084033613,0.6503915786743164
music,Logistic,GSI_v6_3,1,0.6847635459571836,0.7309338468826759,0.7282913165266106,0.6847195357833655,0.7224489795918367,0.22829131652661064,0.26153846153846155,0.2184873949579832,0.8701171875
music,Logistic,BR,2,0.5929062155588762,0.5929062155588762,1.0,0.635,0.635,0.20797720797720798,0.20797720797720798,0.2905982905982906,0.05001354217529297
music,Logistic,GSI_v6_2,2,0.5909469595229049,0.6439241692212829,0.7051282051282052,0.635,0.6886792452830188,0.20797720797720798,0.13333333333333333,0.2905982905982906,0.6268713474273682
music,Logistic,GSI_v6_3,2,0.629197885180792,0.7023363829701857,0.7478632478632479,0.6345381526104418,0.6982758620689655,0.25925925925925924,0.26666666666666666,0.26495726495726496,0.691246747970581
music,Logistic,BR,3,0.6374012930386663,0.6374012930386663,1.0,0.6734177215189874,0.6734177215189874,0.18220338983050846,0.18220338983050846,0.2796610169491525,0.04895305633544922
music,Logistic,GSI_v6_2,3,0.6426628161573323,0.7032831366164699,0.692090395480226,0.6683168316831684,0.7403846153846154,0.18926553672316385,0.11020408163265306,0.2966101694915254,0.7461903095245361
music,Logistic,GSI_v6_3,3,0.6845899685016287,0.7288456780358433,0.7259887005649718,0.688715953307393,0.7257731958762886,0.22598870056497175,0.2587548638132296,0.19491525423728814,0.7451717853546143
music,Logistic,BR,4,0.6138917881455194,0.6138917881455194,1.0,0.6479591836734694,0.6479591836734694,0.19327731092436976,0.19327731092436976,0.2773109243697479,0.02409529685974121
music,Logistic,GSI_v6_2,4,0.6566046326997618,0.6919207670369208,0.6946778711484594,0.6699507389162561,0.7243243243243244,0.1876750700280112,0.1028225806451613,0.29411764705882354,0.6138582229614258
music,Logistic,GSI_v6_3,4,0.7118040493140126,0.7319963935636046,0.7507002801120448,0.7111984282907662,0.7261904761904762,0.20588235294117646,0.2574626865671642,0.2689075630252101,0.6179699897766113
music,Logistic,BR,5,0.6022418624525095,0.6022418624525095,1.0,0.6302083333333334,0.6302083333333334,0.19887955182072828,0.19887955182072828,0.21008403361344538,0.027322053909301758
music,Logistic,GSI_v6_2,5,0.625387059073132,0.6575186179001292,0.7002801120448179,0.6446700507614214,0.7219512195121951,0.19607843137254902,0.114,0.24369747899159663,0.5183653831481934
music,Logistic,GSI_v6_3,5,0.6948091170915406,0.7321800300929158,0.7240896358543417,0.6964980544747081,0.725050916496945,0.2184873949579832,0.2611218568665377,0.25210084033613445,0.743800163269043
gpositivepseaac,Logistic,BR,1,0.5505434782608696,0.5505434782608696,1.0,0.7319587628865979,0.7319587628865979,0.125,0.125,0.6346153846153846,0.0803380012512207
gpositivepseaac,Logistic,GSI_v6_2,1,0.5577127659574468,0.6127450980392157,0.8509615384615384,0.7384615384615385,0.8,0.12259615384615384,0.07909604519774012,0.6442307692307693,1.0629644393920898
gpositivepseaac,Logistic,GSI_v6_3,1,0.6161230046741335,0.5889556517185304,0.7764423076923077,0.6850393700787402,0.5915492957746479,0.19230769230769232,0.3591331269349845,0.5,1.125666856765747
gpositivepseaac,Logistic,BR,2,0.6054400858704138,0.6054400858704138,1.0,0.6631016042780749,0.6631016042780749,0.15144230769230768,0.15144230769230768,0.5576923076923077,0.07540321350097656
gpositivepseaac,Logistic,GSI_v6_2,2,0.6157920527441197,0.5005699088145896,0.8389423076923077,0.6701570680628273,0.7096774193548387,0.15144230769230768,0.10315186246418338,0.5769230769230769,0.8395979404449463
gpositivepseaac,Logistic,GSI_v6_3,2,0.5350819387663388,0.5709219293778117,0.7307692307692307,0.5830258302583026,0.5555555555555556,0.27163461538461536,0.42105263157894735,0.36538461538461536,1.0901446342468262
gpositivepseaac,Logistic,BR,3,0.5207826611610762,0.5207826611610762,1.0,0.711340206185567,0.711340206185567,0.1346153846153846,0.1346153846153846,0.6153846153846154,0.0735623836517334
gpositivepseaac,Logistic,GSI_v6_2,3,0.5229194132978283,0.5721049018816119,0.875,0.7106598984771574,0.7682119205298014,0.13701923076923078,0.09615384615384616,0.625,0.7894518375396729
gpositivepseaac,Logistic,GSI_v6_3,3,0.557056530214425,0.6031983805668016,0.7427884615384616,0.6722689075630253,0.6929824561403509,0.1875,0.22653721682847897,0.5673076923076923,1.10382080078125
gpositivepseaac,Logistic,BR,4,0.4888473182155709,0.4888473182155709,1.0,0.6526315789473685,0.6526315789473685,0.15865384615384615,0.15865384615384615,0.5769230769230769,0.07689428329467773
gpositivepseaac,Logistic,GSI_v6_2,4,0.49523809523809526,0.5301385442514475,0.8774038461538461,0.6595744680851063,0.7183098591549296,0.15384615384615385,0.1095890410958904,0.5865384615384616,1.163541555404663
gpositivepseaac,Logistic,GSI_v6_3,4,0.5693108974358975,0.5768944596386045,0.7884615384615384,0.6558704453441295,0.6396761133603239,0.20432692307692307,0.27134146341463417,0.49038461538461536,1.0733511447906494
gpositivepseaac,Logistic,BR,5,0.6021259506949908,0.6021259506949908,1.0,0.6732673267326733,0.6732673267326733,0.16019417475728157,0.16019417475728157,0.5922330097087378,0.0608978271484375
gpositivepseaac,Logistic,GSI_v6_2,5,0.4771259506949908,0.4919048605357636,0.8689320388349514,0.6666666666666666,0.7162162162162162,0.16262135922330098,0.11731843575418995,0.5922330097087378,0.5106296539306641
gpositivepseaac,Logistic,GSI_v6_3,5,0.5767982430265979,0.5762235902112783,0.7572815533980582,0.6585365853658537,0.6352941176470588,0.20388349514563106,0.2980769230769231,0.49514563106796117,0.53755784034729
genbase,Logistic,BR,1,0.6592592592592593,0.6592592592592593,1.0,0.9784615384615385,0.9784615384615385,0.001949317738791423,0.001949317738791423,0.9473684210526315,0.2116377353668213
genbase,Logistic,GSI_v6_2,1,0.6592592592592593,0.6666666666666666,0.998886104149262,0.9784615384615385,0.9843260188087775,0.001949317738791423,0.0013939224979091162,0.9473684210526315,2.6099486351013184
genbase,Logistic,GSI_v6_3,1,0.6632083965417299,0.6608514941848275,0.9284321915900863,0.9010989010989011,0.8346055979643766,0.010025062656641603,0.019496100779844032,0.7593984962406015,3.035100221633911
genbase,Logistic,BR,2,0.6543209876543209,0.6543209876543209,1.0,0.9817073170731707,0.9817073170731707,0.0016835016835016834,0.0016835016835016834,0.9621212121212122,0.18042540550231934
genbase,Logistic,GSI_v6_2,2,0.691358024691358,0.5555555555555556,0.9966329966329966,0.9848024316109423,0.9902912621359223,0.0014029180695847362,0.0008445945945945946,0.9696969696969697,2.471714973449707
genbase,Logistic,GSI_v6_3,2,0.6926807760141094,0.6902116402116403,0.9276094276094277,0.8776595744680851,0.8068459657701712,0.012906846240179574,0.023895946763460376,0.7575757575757576,2.798736572265625
genbase,Logistic,BR,3,0.6855031173871753,0.6855031173871753,1.0,0.9719626168224299,0.9719626168224299,0.0025252525252525255,0.0025252525252525255,0.9393939393939394,0.15239286422729492
genbase,Logistic,GSI_v6_2,3,0.6855031173871753,0.6188364507205087,0.9974747474747475,0.9719626168224299,0.9736842105263158,0.0025252525252525255,0.002250351617440225,0.9393939393939394,2.626511573791504
genbase,Logistic,GSI_v6_3,3,0.6220992373166285,0.6332103484277397,0.9259259259259259,0.8926553672316384,0.8494623655913979,0.010662177328843996,0.01696969696969697,0.7575757575757576,2.8758397102355957
genbase,Logistic,BR,4,0.7326185834957765,0.7326185834957765,1.0,0.9847094801223242,0.9847094801223242,0.0014029180695847362,0.0014029180695847362,0.9621212121212122,0.13968753814697266
genbase,Logistic,GSI_v6_2,4,0.7326185834957765,0.7037037037037037,0.9977553310886644,0.9847094801223242,0.9936305732484076,0.0014029180695847362,0.0005624296962879641,0.9621212121212122,2.7415690422058105
genbase,Logistic,GSI_v6_3,4,0.7008818342151676,0.7008818342151676,0.9211560044893379,0.9065934065934066,0.9090909090909091,0.009539842873176206,0.010051781906792567,0.7424242424242424,3.4193530082702637
genbase,Logistic,BR,5,0.65942634363687,0.65942634363687,1.0,0.9815950920245399,0.9815950920245399,0.001670843776106934,0.001670843776106934,0.9624060150375939,0.17506170272827148
genbase,Logistic,GSI_v6_2,5,0.65942634363687,0.65942634363687,0.9977722082985241,0.9815950920245399,0.9840255591054313,0.001670843776106934,0.0013954786491766676,0.9624060150375939,2.2017405033111572
genbase,Logistic,GSI_v6_3,5,0.6807760141093474,0.6807760141093474,0.9451406293511556,0.9418604651162791,0.9473684210526315,0.00556947925368978,0.005303476723629935,0.8646616541353384,2.4865729808807373
viruspseaac,Logistic,BR,1,0.35936285936285933,0.35936285936285933,1.0,0.37037037037037035,0.37037037037037035,0.2125,0.2125,0.25,0.047934532165527344
viruspseaac,Logistic,GSI_v6_2,1,0.369806663924311,0.3855820105820105,0.85,0.3902439024390244,0.4482758620689655,0.20833333333333334,0.1568627450980392,0.225,0.8453042507171631
viruspseaac,Logistic,GSI_v6_3,1,0.4666630916630916,0.49188773159852134,0.7208333333333333,0.45454545454545453,0.47297297297297297,0.3,0.4508670520231214,0.175,0.7502098083496094
viruspseaac,Logistic,BR,2,0.346696127946128,0.346696127946128,1.0,0.3764705882352941,0.3764705882352941,0.22083333333333333,0.22083333333333333,0.175,0.05308794975280762
viruspseaac,Logistic,GSI_v6_2,2,0.34973262032085567,0.3163742690058479,0.8166666666666667,0.38636363636363635,0.3829787234042553,0.225,0.14795918367346939,0.2,0.7298238277435303
viruspseaac,Logistic,GSI_v6_3,2,0.5058201058201058,0.5068691659138814,0.7833333333333333,0.49206349206349204,0.45454545454545453,0.26666666666666666,0.44680851063829785,0.15,0.7202897071838379
viruspseaac,Logistic,BR,3,0.4120471014492754,0.4120471014492754,1.0,0.41025641025641024,0.41025641025641024,0.19658119658119658,0.19658119658119658,0.3076923076923077,0.022246122360229492
viruspseaac,Logistic,GSI_v6_2,3,0.40902777777777777,0.3269230769230769,0.8247863247863247,0.4050632911392405,0.36363636363636365,0.20085470085470086,0.14507772020725387,0.2564102564102564,0.7827327251434326
viruspseaac,Logistic,GSI_v6_3,3,0.4945026832281734,0.530826844642195,0.7777777777777778,0.4411764705882353,0.4528301886792453,0.3247863247863248,0.47802197802197804,0.20512820512820512,1.0477728843688965
viruspseaac,Logistic,BR,4,0.3575757575757576,0.3575757575757576,1.0,0.4235294117647059,0.4235294117647059,0.18992248062015504,0.18992248062015504,0.23255813953488372,0.04900765419006348
viruspseaac,Logistic,GSI_v6_2,4,0.35720081135902637,0.3011204481792717,0.8682170542635659,0.4235294117647059,0.37037037037037035,0.18992248062015504,0.15178571428571427,0.18604651162790697,0.8987531661987305
viruspseaac,Logistic,GSI_v6_3,4,0.5413660413660414,0.5124746221520415,0.7635658914728682,0.48854961832061067,0.43312101910828027,0.2596899224806202,0.4517766497461929,0.13953488372093023,0.9783830642700195
viruspseaac,Logistic,BR,5,0.3705069124423963,0.3705069124423963,1.0,0.45454545454545453,0.45454545454545453,0.17777777777777778,0.17777777777777778,0.3333333333333333,0.052324771881103516
viruspseaac,Logistic,GSI_v6_2,5,0.3705069124423963,0.40957190957190953,0.837037037037037,0.45454545454545453,0.5172413793103449,0.17777777777777778,0.12389380530973451,0.3333333333333333,0.7393088340759277
viruspseaac,Logistic,GSI_v6_3,5,0.49531817965707575,0.4993957564663325,0.7888888888888889,0.463768115942029,0.44324324324324327,0.2740740740740741,0.4835680751173709,0.15555555555555556,0.9475681781768799
chd49,SVM,BR,1,0.4373272310908893,0.4373272310908893,1.0,0.6606498194945848,0.6606498194945848,0.2822822822822823,0.2822822822822823,0.18018018018018017,0.2772383689880371
chd49,SVM,GSI_v6_2,1,0.4463880131059487,0.29636752136752137,0.46096096096096095,0.6583184257602862,0.7851239669421488,0.28678678678678676,0.16938110749185667,0.16216216216216217,4.258460283279419
chd49,SVM,GSI_v6_3,1,0.5033944724273521,0.3739850349812756,0.7987987987987988,0.5229357798165137,0.3650190114068441,0.46846846846846846,0.6278195488721805,0.04504504504504504,4.427327394485474
chd49,SVM,BR,2,0.3699709647078068,0.3699709647078068,1.0,0.6212121212121212,0.6212121212121212,0.30303030303030304,0.30303030303030304,0.15454545454545454,0.24723458290100098
chd49,SVM,GSI_v6_2,2,0.3957035654404075,0.3187531422825541,0.48333333333333334,0.6296296296296297,0.7808764940239044,0.30303030303030304,0.1724137931034483,0.16363636363636364,3.2969799041748047
chd49,SVM,GSI_v6_3,2,0.42575084175084177,0.43963647271729817,0.7818181818181819,0.6181818181818182,0.6056644880174292,0.3181818181818182,0.3507751937984496,0.16363636363636364,4.420419454574585
chd49,SVM,BR,3,0.3455726817609995,0.3455726817609995,1.0,0.6190476190476191,0.6190476190476191,0.2909090909090909,0.2909090909090909,0.12727272727272726,0.24325132369995117
chd49,SVM,GSI_v6_2,3,0.3634626289330318,0.2702991452991453,0.4621212121212121,0.6235294117647059,0.7866108786610879,0.2909090909090909,0.16721311475409836,0.13636363636363635,3.2006943225860596
chd49,SVM,GSI_v6_3,3,0.42473134911820015,0.31095341587636105,0.7015151515151515,0.5623762376237624,0.41361256544502617,0.33484848484848484,0.4838012958963283,0.09090909090909091,4.140793085098267
chd49,SVM,BR,4,0.36208096839470794,0.36208096839470794,1.0,0.6214689265536724,0.6214689265536724,0.29385964912280704,0.29385964912280704,0.13157894736842105,0.2643568515777588
chd49,SVM,GSI_v6_2,4,0.3660363768961054,0.29526029526029524,0.4502923976608187,0.6210720887245841,0.7868852459016393,0.2997076023391813,0.16883116883116883,0.13157894736842105,3.1316709518432617
chd49,SVM,GSI_v6_3,4,0.5101221206484364,0.5043874735934399,0.7397660818713451,0.6568627450980392,0.6621160409556314,0.30701754385964913,0.391304347826087,0.14912280701754385,3.3129820823669434
chd49,SVM,BR,5,0.4001047288341222,0.4001047288341222,1.0,0.6353383458646616,0.6353383458646616,0.29393939393939394,0.29393939393939394,0.11818181818181818,0.25127410888671875
chd49,SVM,GSI_v6_2,5,0.40591343004540303,0.3299945019243265,0.4484848484848485,0.6390977443609023,0.8240343347639485,0.2909090909090909,0.13851351351351351,0.12727272727272726,3.0472607612609863
chd49,SVM,GSI_v6_3,5,0.5087320127464647,0.36188895135033844,0.6742424242424242,0.6194690265486725,0.4975609756097561,0.32575757575757575,0.46292134831460674,0.1,4.405003786087036
music,SVM,BR,1,0.5688568681361986,0.5688568681361986,1.0,0.6170798898071626,0.6170798898071626,0.19467787114845939,0.19467787114845939,0.2689075630252101,0.26357555389404297
music,SVM,GSI_v6_2,1,0.5899976256809517,0.5909439219784048,0.6526610644257703,0.631578947368421,0.6575342465753424,0.18627450980392157,0.1072961373390558,0.2773109243697479,3.516242265701294
music,SVM,GSI_v6_3,1,0.6934769611354706,0.7321915037270843,0.6876750700280112,0.6904761904761905,0.7154471544715447,0.2184873949579832,0.285132382892057,0.226890756302521,4.061245918273926
music,SVM,BR,2,0.5549989850491104,0.5549989850491104,1.0,0.5953002610966057,0.5953002610966057,0.2207977207977208,0.2207977207977208,0.2222222222222222,0.2306530475616455
music,SVM,GSI_v6_2,2,0.5648629464557214,0.6034084242038404,0.6652421652421653,0.6005221932114883,0.6705202312138728,0.21794871794871795,0.12205567451820129,0.2222222222222222,2.7378432750701904
music,SVM,GSI_v6_3,2,0.6362420320753653,0.6846884999058913,0.7222222222222222,0.6415841584158416,0.6754966887417219,0.25783475783475784,0.28994082840236685,0.18803418803418803,3.1893327236175537
music,SVM,BR,3,0.5643269836731432,0.5643269836731432,1.0,0.6329787234042553,0.6329787234042553,0.19491525423728814,0.19491525423728814,0.2542372881355932,0.16447782516479492
music,SVM,GSI_v6_2,3,0.5990457203615098,0.5902317690361168,0.6468926553672316,0.6492146596858639,0.7096774193548387,0.18926553672316385,0.0982532751091703,0.2711864406779661,3.446026086807251
music,SVM,GSI_v6_3,3,0.6920437649343215,0.7081344341779302,0.7358757062146892,0.6963249516441006,0.6954813359528488,0.22175141242937854,0.29750479846449135,0.1694915254237288,3.8485641479492188
music,SVM,BR,4,0.5832296582296582,0.5832296582296582,1.0,0.6256684491978609,0.6256684491978609,0.19607843137254902,0.19607843137254902,0.25210084033613445,0.21416497230529785
music,SVM,GSI_v6_2,4,0.5940117567494835,0.6009842407691871,0.6568627450980392,0.6329787234042553,0.6956521739130435,0.19327731092436976,0.1044776119402985,0.2689075630252101,3.2954416275024414
music,SVM,GSI_v6_3,4,0.7091920578927476,0.7328087760233113,0.7156862745098039,0.7065868263473054,0.7182539682539683,0.20588235294117646,0.27788649706457924,0.2689075630252101,4.309315919876099
music,SVM,BR,5,0.5606102601764424,0.5606102601764424,1.0,0.6133333333333333,0.6133333333333333,0.2030812324929972,0.2030812324929972,0.19327731092436976,0.25418663024902344
music,SVM,GSI_v6_2,5,0.5596926488015598,0.5798881584631214,0.6778711484593838,0.6117021276595744,0.6631016042780749,0.20448179271708683,0.13016528925619836,0.20168067226890757,3.4715802669525146
music,SVM,GSI_v6_3,5,0.657662956331457,0.7006159582624587,0.7380952380952381,0.6603053435114504,0.6871401151631478,0.24929971988795518,0.3092979127134725,0.21008403361344538,3.623774766921997
gpositivepseaac,SVM,BR,1,0.6072180926611307,0.6072180926611307,1.0,0.7058823529411765,0.7058823529411765,0.13221153846153846,0.13221153846153846,0.5961538461538461,0.4207427501678467
gpositivepseaac,SVM,GSI_v6_2,1,0.6032051282051282,0.5471590909090909,0.8028846153846154,0.6892655367231638,0.7636363636363637,0.13221153846153846,0.07784431137724551,0.5576923076923077,3.964280128479004
gpositivepseaac,SVM,GSI_v6_3,1,0.569352372337447,0.5643378254016946,0.7548076923076923,0.6222222222222222,0.5392491467576792,0.24519230769230768,0.4299363057324841,0.36538461538461536,4.739243030548096
gpositivepseaac,SVM,BR,2,0.4529281693915841,0.4529281693915841,1.0,0.6222222222222222,0.6222222222222222,0.16346153846153846,0.16346153846153846,0.49038461538461536,0.3094766139984131
gpositivepseaac,SVM,GSI_v6_2,2,0.42883127029468493,0.4541666666666666,0.7980769230769231,0.6022727272727273,0.6530612244897959,0.16826923076923078,0.10240963855421686,0.46153846153846156,3.7655837535858154
gpositivepseaac,SVM,GSI_v6_3,2,0.5327480490523969,0.5341186254698198,0.7163461538461539,0.5765124555160143,0.5016722408026756,0.2860576923076923,0.5,0.34615384615384615,3.7625811100006104
gpositivepseaac,SVM,BR,3,0.46969153515064566,0.46969153515064566,1.0,0.648936170212766,0.648936170212766,0.15865384615384615,0.15865384615384615,0.5480769230769231,0.3416759967803955
gpositivepseaac,SVM,GSI_v6_2,3,0.4909333652160051,0.4254545454545455,0.7980769230769231,0.6631578947368421,0.6727272727272727,0.15384615384615385,0.10843373493975904,0.5576923076923077,3.2013838291168213
gpositivepseaac,SVM,GSI_v6_3,3,0.5142113342512146,0.5465545808966862,0.6971153846153846,0.624,0.6276150627615062,0.22596153846153846,0.30689655172413793,0.4807692307692308,2.925231695175171
gpositivepseaac,SVM,BR,4,0.4538909950145409,0.4538909950145409,1.0,0.632768361581921,0.632768361581921,0.15625,0.15625,0.5192307692307693,0.29337215423583984
gpositivepseaac,SVM,GSI_v6_2,4,0.4474571714851291,0.48630319471019934,0.8341346153846154,0.6256983240223464,0.6837606837606838,0.16105769230769232,0.10662824207492795,0.5096153846153846,4.200684547424316
gpositivepseaac,SVM,GSI_v6_3,4,0.5645915944368413,0.5680919025368653,0.6899038461538461,0.6446280991735537,0.616,0.20673076923076922,0.3344947735191638,0.46153846153846156,4.062323808670044
gpositivepseaac,SVM,BR,5,0.3903913260219342,0.3903913260219342,1.0,0.5869565217391305,0.5869565217391305,0.18446601941747573,0.18446601941747573,0.46601941747572817,0.3465249538421631
gpositivepseaac,SVM,GSI_v6_2,5,0.40254237288135597,0.4227076802507837,0.8131067961165048,0.6043956043956044,0.6260869565217392,0.17475728155339806,0.12835820895522387,0.46601941747572817,4.416871786117554
gpositivepseaac,SVM,GSI_v6_3,5,0.5450968812235053,0.5471910986616869,0.7281553398058253,0.6303501945525292,0.5605536332179931,0.23058252427184467,0.42333333333333334,0.4368932038834951,3.8547933101654053
genbase,SVM,BR,1,0.7777777777777778,0.7777777777777778,1.0,0.9969788519637462,0.9969788519637462,0.000278473962684489,0.000278473962684489,0.9924812030075187,0.972658634185791
genbase,SVM,GSI_v6_2,1,0.7777777777777778,0.7407407407407407,0.999443052074631,0.9969788519637462,0.9969418960244648,0.000278473962684489,0.00027862914460852607,0.9924812030075187,6.445565938949585
genbase,SVM,GSI_v6_3,1,0.7777777777777778,0.7777777777777778,0.9947089947089947,0.9969788519637462,0.9969788519637462,0.000278473962684489,0.0002799552071668533,0.9924812030075187,6.465900182723999
genbase,SVM,BR,2,0.7654320987654321,0.7654320987654321,1.0,0.990990990990991,0.990990990990991,0.0008417508417508417,0.0008417508417508417,0.9848484848484849,0.7745091915130615
genbase,SVM,GSI_v6_2,2,0.7654320987654321,0.7654320987654321,1.0,0.990990990990991,0.990990990990991,0.0008417508417508417,0.0008417508417508417,0.9848484848484849,6.703949689865112
genbase,SVM,GSI_v6_3,2,0.7654320987654321,0.7654320987654321,0.9890572390572391,0.990990990990991,0.990990990990991,0.0008417508417508417,0.000851063829787234,0.9848484848484849,7.876118898391724
genbase,SVM,BR,3,0.7669845988686569,0.7669845988686569,1.0,0.9814814814814815,0.9814814814814815,0.0016835016835016834,0.0016835016835016834,0.9545454545454546,0.7454493045806885
genbase,SVM,GSI_v6_2,3,0.7669845988686569,0.7669845988686569,0.9997194163860831,0.9814814814814815,0.9845201238390093,0.0016835016835016834,0.0014033118158854898,0.9545454545454546,7.626932382583618
genbase,SVM,GSI_v6_3,3,0.7743920062760643,0.7743920062760643,0.9929854096520763,0.960960960960961,0.9523809523809523,0.003647586980920314,0.004521051144391071,0.9090909090909091,4.76997709274292
genbase,SVM,BR,4,0.7654320987654322,0.7654320987654322,1.0,0.9939759036144579,0.9939759036144579,0.0005611672278338945,0.0005611672278338945,0.9848484848484849,0.5336906909942627
genbase,SVM,GSI_v6_2,4,0.7654320987654322,0.7283950617283951,0.9997194163860831,0.9939759036144579,0.9939393939393939,0.0005611672278338945,0.000561324726354196,0.9848484848484849,5.279049873352051
genbase,SVM,GSI_v6_3,4,0.7477954144620812,0.7477954144620812,0.9935465768799102,0.9880239520958084,0.9880239520958084,0.001122334455667789,0.0011296243998870376,0.9696969696969697,7.964386224746704
genbase,SVM,BR,5,0.7326007326007327,0.7326007326007327,1.0,0.9878787878787879,0.9878787878787879,0.001113895850737956,0.001113895850737956,0.9699248120300752,0.8304548263549805
genbase,SVM,GSI_v6_2,5,0.7326007326007327,0.7326007326007327,0.999443052074631,0.9878787878787879,0.9877300613496932,0.001113895850737956,0.0011145165784341043,0.9699248120300752,6.5863893032073975
genbase,SVM,GSI_v6_3,5,0.7326007326007327,0.7326007326007327,0.9941520467836257,0.9878787878787879,0.9878787878787879,0.001113895850737956,0.0011204481792717086,0.9699248120300752,6.304946422576904
viruspseaac,SVM,BR,1,0.2889655172413793,0.2889655172413793,1.0,0.3013698630136986,0.3013698630136986,0.2125,0.2125,0.175,0.3511941432952881
viruspseaac,SVM,GSI_v6_2,1,0.2889655172413793,0.3333333333333333,0.7125,0.3055555555555556,0.2608695652173913,0.20833333333333334,0.09941520467836257,0.175,4.124840974807739
viruspseaac,SVM,GSI_v6_3,1,0.4700828157349896,0.47312812184739544,0.6875,0.48333333333333334,0.48854961832061067,0.25833333333333336,0.40606060606060607,0.25,5.673833131790161
viruspseaac,SVM,BR,2,0.29650915283099194,0.29650915283099194,1.0,0.3116883116883117,0.3116883116883117,0.22083333333333333,0.22083333333333333,0.175,0.3071470260620117
viruspseaac,SVM,GSI_v6_2,2,0.2850148999574287,0.26666666666666666,0.7541666666666667,0.2857142857142857,0.25,0.22916666666666666,0.13259668508287292,0.175,4.430508852005005
viruspseaac,SVM,GSI_v6_3,2,0.44035087719298244,0.4522865628921659,0.7625,0.4,0.4025157232704403,0.3375,0.5191256830601093,0.05,5.641064643859863
viruspseaac,SVM,BR,3,0.2733333333333333,0.2733333333333333,1.0,0.18461538461538463,0.18461538461538463,0.2264957264957265,0.2264957264957265,0.10256410256410256,0.22508573532104492
viruspseaac,SVM,GSI_v6_2,3,0.2733333333333333,0.16666666666666666,0.6837606837606838,0.18461538461538463,0.16666666666666666,0.2264957264957265,0.125,0.10256410256410256,3.9291789531707764
viruspseaac,SVM,GSI_v6_3,3,0.4645894229227563,0.5361800035329446,0.7222222222222222,0.4,0.4827586206896552,0.3717948717948718,0.5325443786982249,0.20512820512820512,4.789318084716797
viruspseaac,SVM,BR,4,0.27729885057471265,0.27729885057471265,1.0,0.30985915492957744,0.30985915492957744,0.18992248062015504,0.18992248062015504,0.16279069767441862,0.3033449649810791
viruspseaac,SVM,GSI_v6_2,4,0.2791104447776112,0.2272727272727273,0.7286821705426356,0.3142857142857143,0.25806451612903225,0.18604651162790697,0.12234042553191489,0.16279069767441862,4.7709174156188965
viruspseaac,SVM,GSI_v6_3,4,0.47850352262116974,0.4708994708994709,0.7054263565891473,0.4057971014492754,0.379746835443038,0.3178294573643411,0.5384615384615384,0.13953488372093023,5.877551794052124
viruspseaac,SVM,BR,5,0.2925438596491228,0.2925438596491228,1.0,0.28125,0.28125,0.17037037037037037,0.17037037037037037,0.2,0.22029685974121094
viruspseaac,SVM,GSI_v6_2,5,0.2792105263157895,0.16666666666666666,0.6592592592592592,0.25,0.23529411764705882,0.17777777777777778,0.07303370786516854,0.17777777777777778,4.139767169952393
viruspseaac,SVM,GSI_v6_3,5,0.36429794292494516,0.41779782377718705,0.7518518518518519,0.2727272727272727,0.3137254901960784,0.2962962962962963,0.5172413793103449,0.13333333333333333,5.770586967468262
chd49,MLP,BR,1,0.5070395291323789,0.5070395291323789,1.0,0.6678200692041523,0.6678200692041523,0.2882882882882883,0.2882882882882883,0.14414414414414414,6.315849542617798
chd49,MLP,GSI_v6_2,1,0.5163716389835948,0.5289199174941385,0.6471471471471472,0.6736111111111112,0.7311178247734139,0.2822822822822823,0.20649651972157773,0.1891891891891892,10.479769229888916
chd49,MLP,GSI_v6_3,1,0.4771054014954534,0.319858462606238,0.7537537537537538,0.526829268292683,0.358974358974359,0.4369369369369369,0.647410358565737,0.10810810810810811,10.719870567321777
chd49,MLP,BR,2,0.5003358811310398,0.5003358811310398,1.0,0.6723259762308998,0.6723259762308998,0.2924242424242424,0.2924242424242424,0.2,0.42348146438598633
chd49,MLP,GSI_v6_2,2,0.4807689202850493,0.5133494022382911,0.656060606060606,0.660958904109589,0.7272727272727273,0.3,0.22170900692840648,0.21818181818181817,9.644319534301758
chd49,MLP,GSI_v6_3,2,0.4997201711804922,0.4544294008789369,0.7227272727272728,0.5996908809891809,0.5448154657293497,0.3924242424242424,0.5429769392033543,0.15454545454545454,11.19813871383667
chd49,MLP,BR,3,0.49307891030024603,0.49307891030024603,1.0,0.6542372881355932,0.6542372881355932,0.3090909090909091,0.3090909090909091,0.09090909090909091,0.42430686950683594
chd49,MLP,GSI_v6_2,3,0.48321840439948144,0.492568083617886,0.6515151515151515,0.6518010291595198,0.7218934911242604,0.30757575757575756,0.2186046511627907,0.13636363636363635,9.801422357559204
chd49,MLP,GSI_v6_3,3,0.5179654162406456,0.508785155546193,0.703030303030303,0.6644628099173554,0.652,0.30757575757575756,0.375,0.10909090909090909,11.28280758857727
chd49,MLP,BR,4,0.4858398613780219,0.4858398613780219,1.0,0.6540447504302926,0.6540447504302926,0.29385964912280704,0.29385964912280704,0.14035087719298245,0.622570276260376
chd49,MLP,GSI_v6_2,4,0.5002679393435696,0.5104675390716581,0.618421052631579,0.6678141135972461,0.7323076923076923,0.2821637426900585,0.20567375886524822,0.15789473684210525,9.888884782791138
chd49,MLP,GSI_v6_3,4,0.5464380001491586,0.4847664800448562,0.7134502923976608,0.6840390879478827,0.5995975855130785,0.28362573099415206,0.4077868852459016,0.19298245614035087,9.45751142501831
chd49,MLP,BR,5,0.5040037585913725,0.5040037585913725,1.0,0.67008547008547,0.67008547008547,0.2924242424242424,0.2924242424242424,0.18181818181818182,0.44878602027893066
chd49,MLP,GSI_v6_2,5,0.49994390503002745,0.4824958613302171,0.6424242424242425,0.6689655172413793,0.7325581395348837,0.2909090909090909,0.2169811320754717,0.17272727272727273,9.872764348983765
chd49,MLP,GSI_v6_3,5,0.5272740952583915,0.48320849507251334,0.693939393939394,0.6655791190864601,0.6239316239316239,0.3106060606060606,0.38427947598253276,0.16363636363636364,9.596185445785522
music,MLP,BR,1,0.44021441847297615,0.44021441847297615,1.0,0.5014577259475219,0.5014577259475219,0.23949579831932774,0.23949579831932774,0.13445378151260504,0.6469681262969971
music,MLP,GSI_v6_2,1,0.45287888822964456,0.47971149623323533,0.6400560224089635,0.5057471264367817,0.5035971223021583,0.24089635854341737,0.15098468271334792,0.13445378151260504,7.363407373428345
music,MLP,GSI_v6_3,1,0.6345480586276236,0.6819133720834643,0.6764705882352942,0.64,0.6747967479674797,0.25210084033613445,0.33126293995859213,0.23529411764705882,9.235639810562134
music,MLP,BR,2,0.5112730666129969,0.5112730666129969,1.0,0.5403899721448467,0.5403899721448467,0.23504273504273504,0.23504273504273504,0.18803418803418803,0.5569663047790527
music,MLP,GSI_v6_2,2,0.5207977384762402,0.5356442831215972,0.6566951566951567,0.5493333333333333,0.5590062111801242,0.24074074074074073,0.1540130151843818,0.19658119658119658,8.591824054718018
music,MLP,GSI_v6_3,2,0.5987715761477371,0.662616813084102,0.7094017094017094,0.6012269938650306,0.6511627906976745,0.2777777777777778,0.3313253012048193,0.1794871794871795,13.451417446136475
music,MLP,BR,3,0.4910364069636965,0.4910364069636965,1.0,0.5248618784530387,0.5248618784530387,0.24293785310734464,0.24293785310734464,0.13559322033898305,0.7110598087310791
music,MLP,GSI_v6_2,3,0.4911667697381983,0.533575967043709,0.6299435028248588,0.5191256830601093,0.5859872611464968,0.24858757062146894,0.14573991031390135,0.13559322033898305,13.61730170249939
music,MLP,GSI_v6_3,3,0.5990325744830073,0.6497270952558232,0.7401129943502824,0.6051080550098232,0.6379647749510763,0.2838983050847458,0.3530534351145038,0.16101694915254236,15.723084211349487
music,MLP,BR,4,0.5106183636950782,0.5106183636950782,1.0,0.554945054945055,0.554945054945055,0.226890756302521,0.226890756302521,0.20168067226890757,0.7728271484375
music,MLP,GSI_v6_2,4,0.5246661940210327,0.43425872373240787,0.6386554621848739,0.5585106382978723,0.5655172413793104,0.23249299719887956,0.13815789473684212,0.19327731092436976,13.9583580493927
music,MLP,GSI_v6_3,4,0.6449999999999999,0.6845033534476457,0.7436974789915967,0.6476190476190476,0.6819047619047619,0.25910364145658266,0.3145009416195857,0.20168067226890757,15.702571630477905
music,MLP,BR,5,0.5223856209150326,0.5223856209150326,1.0,0.5489130434782609,0.5489130434782609,0.23249299719887956,0.23249299719887956,0.15966386554621848,0.8316137790679932
music,MLP,GSI_v6_2,5,0.5352183964354388,0.4919018216092484,0.6554621848739496,0.5621621621621622,0.5584415584415584,0.226890756302521,0.1452991452991453,0.17647058823529413,12.229182243347168
music,MLP,GSI_v6_3,5,0.6252517627757719,0.6701408421868916,0.7100840336134454,0.6254980079681275,0.6563106796116505,0.26330532212885155,0.34911242603550297,0.18487394957983194,15.93186354637146
gpositivepseaac,MLP,BR,1,0.5802083333333333,0.5802083333333333,1.0,0.7653061224489796,0.7653061224489796,0.11057692307692307,0.11057692307692307,0.6730769230769231,0.3732895851135254
gpositivepseaac,MLP,GSI_v6_2,1,0.583125,0.6090384615384615,0.8629807692307693,0.7638190954773869,0.8029197080291971,0.11298076923076923,0.07520891364902507,0.6730769230769231,5.915838956832886
gpositivepseaac,MLP,GSI_v6_3,1,0.6346328453070026,0.6285686465206206,0.7620192307692307,0.7,0.6444444444444445,0.1875,0.3028391167192429,0.4807692307692308,4.713123083114624
gpositivepseaac,MLP,BR,2,0.5945478723404256,0.5945478723404256,1.0,0.6387434554973822,0.6387434554973822,0.1658653846153846,0.1658653846153846,0.5480769230769231,0.32396578788757324
gpositivepseaac,MLP,GSI_v6_2,2,0.5945478723404256,0.4638694638694639,0.8533653846153846,0.6387434554973822,0.64,0.1658653846153846,0.1267605633802817,0.5480769230769231,3.2444112300872803
gpositivepseaac,MLP,GSI_v6_3,2,0.5595093367602239,0.5637479089093951,0.7283653846153846,0.625,0.5588235294117647,0.23076923076923078,0.39603960396039606,0.4326923076923077,7.0767152309417725
gpositivepseaac,MLP,BR,3,0.5524792236748759,0.5524792236748759,1.0,0.75,0.75,0.1201923076923077,0.1201923076923077,0.6826923076923077,0.4556553363800049
gpositivepseaac,MLP,GSI_v6_2,3,0.5433699119339852,0.5441919191919192,0.8966346153846154,0.7437185929648241,0.7848101265822784,0.12259615384615384,0.09115281501340483,0.6730769230769231,7.2333784103393555
gpositivepseaac,MLP,GSI_v6_3,3,0.6219479268775043,0.6345882219312078,0.7572115384615384,0.7264957264957265,0.723404255319149,0.15384615384615385,0.20634920634920634,0.625,8.237499952316284
gpositivepseaac,MLP,BR,4,0.5475569171202905,0.5475569171202905,1.0,0.7135135135135136,0.7135135135135136,0.12740384615384615,0.12740384615384615,0.625,0.3355741500854492
gpositivepseaac,MLP,GSI_v6_2,4,0.5571625794054271,0.5840620782726046,0.8725961538461539,0.723404255319149,0.7591240875912408,0.125,0.09090909090909091,0.6442307692307693,4.94804310798645
gpositivepseaac,MLP,GSI_v6_3,4,0.5980769230769232,0.6341828750279455,0.7211538461538461,0.6887966804979253,0.7142857142857143,0.18028846153846154,0.21333333333333335,0.5192307692307693,5.677962064743042
gpositivepseaac,MLP,BR,5,0.6010225406777131,0.6010225406777131,1.0,0.6666666666666666,0.6666666666666666,0.1553398058252427,0.1553398058252427,0.6019417475728155,0.3425583839416504
gpositivepseaac,MLP,GSI_v6_2,5,0.606974921630094,0.6417885638297872,0.866504854368932,0.6736842105263158,0.7272727272727273,0.15048543689320387,0.1092436974789916,0.6019417475728155,5.475419521331787
gpositivepseaac,MLP,GSI_v6_3,5,0.589238247132984,0.5876192436913729,0.6966019417475728,0.675,0.6410256410256411,0.18932038834951456,0.2926829268292683,0.5145631067961165,5.340121269226074
genbase,MLP,BR,1,0.36348433568975347,0.36348433568975347,1.0,0.8100358422939068,0.8100358422939068,0.014759120022277916,0.014759120022277916,0.631578947368421,3.241197347640991
genbase,MLP,GSI_v6_2,1,0.4338818394205905,0.38580246913580246,0.9780005569479253,0.8350877192982457,0.926829268292683,0.013088276246170982,0.003416856492027335,0.6541353383458647,43.89911699295044
genbase,MLP,GSI_v6_3,1,0.6145551766241423,0.593015906857922,0.9384572542467279,0.9287749287749287,0.8211586901763224,0.006961849067112225,0.021068249258160237,0.849624060150376,38.52670073509216
genbase,MLP,BR,2,0.37661293680901525,0.37661293680901525,1.0,0.8197879858657244,0.8197879858657244,0.01430976430976431,0.01430976430976431,0.6515151515151515,2.2560510635375977
genbase,MLP,GSI_v6_2,2,0.40946542685104775,0.40329218106995884,0.9783950617283951,0.8639455782312925,0.9364161849710982,0.01122334455667789,0.0031545741324921135,0.7196969696969697,43.931381940841675
genbase,MLP,GSI_v6_3,2,0.5705593293828588,0.5681407382850224,0.9553872053872053,0.7616822429906542,0.710239651416122,0.02861952861952862,0.039060205580029365,0.30303030303030304,56.77420926094055
genbase,MLP,BR,3,0.3557979959314776,0.3557979959314776,1.0,0.8043478260869565,0.8043478260869565,0.015151515151515152,0.015151515151515152,0.6363636363636364,3.488258123397827
genbase,MLP,GSI_v6_2,3,0.3723493458161608,0.38053740014524323,0.978675645342312,0.8172043010752689,0.9132947976878613,0.01430976430976431,0.0043004587155963305,0.6439393939393939,48.772377252578735
genbase,MLP,GSI_v6_3,3,0.5855788076956114,0.5731933039122582,0.9570707070707071,0.9164265129682997,0.9111747851002865,0.00813692480359147,0.00908824391673996,0.8106060606060606,48.609344482421875
genbase,MLP,BR,4,0.3525297103787271,0.3525297103787271,1.0,0.7749077490774908,0.7749077490774908,0.01711560044893378,0.01711560044893378,0.6060606060606061,2.7409396171569824
genbase,MLP,GSI_v6_2,4,0.379746320928671,0.35152505446623095,0.9767115600448933,0.7883211678832117,0.8933333333333333,0.01627384960718294,0.004596380350474002,0.6136363636363636,45.895684242248535
genbase,MLP,GSI_v6_3,4,0.6005417919396414,0.5993600107578603,0.9624017957351291,0.9195402298850575,0.9195402298850575,0.007856341189674524,0.00816326530612245,0.8181818181818182,55.839080810546875
genbase,MLP,BR,5,0.3704814601670267,0.3704814601670267,1.0,0.7794117647058824,0.7794117647058824,0.01670843776106934,0.01670843776106934,0.6240601503759399,3.0843889713287354
genbase,MLP,GSI_v6_2,5,0.4146789910312243,0.3745401052590595,0.9799498746867168,0.8268551236749117,0.8837209302325582,0.01364522417153996,0.005683432793407218,0.6917293233082706,49.257551193237305
genbase,MLP,GSI_v6_3,5,0.617496221199925,0.5918350510943104,0.934558618769145,0.8633879781420765,0.7149321266968326,0.01392369813422445,0.037544696066746125,0.6766917293233082,50.46457481384277
viruspseaac,MLP,BR,1,0.31301044634377967,0.31301044634377967,1.0,0.3902439024390244,0.3902439024390244,0.20833333333333334,0.20833333333333334,0.225,0.6723170280456543
viruspseaac,MLP,GSI_v6_2,1,0.31980056980056976,0.37745587745587744,0.8666666666666667,0.40476190476190477,0.4406779661016949,0.20833333333333334,0.15865384615384615,0.225,9.813377141952515
viruspseaac,MLP,GSI_v6_3,1,0.5050998366787841,0.4836414104665378,0.7416666666666667,0.5038167938931297,0.47368421052631576,0.2708333333333333,0.449438202247191,0.175,11.451220512390137
viruspseaac,MLP,BR,2,0.4431644880174292,0.4431644880174292,1.0,0.449438202247191,0.449438202247191,0.20416666666666666,0.20416666666666666,0.225,0.5598115921020508
viruspseaac,MLP,GSI_v6_2,2,0.4465247030711926,0.38888888888888884,0.8666666666666667,0.449438202247191,0.4262295081967213,0.20416666666666666,0.16826923076923078,0.225,8.931045532226562
viruspseaac,MLP,GSI_v6_3,2,0.5583811400884572,0.5314850176263219,0.7875,0.5230769230769231,0.4794520547945205,0.25833333333333336,0.4021164021164021,0.175,9.92811393737793
viruspseaac,MLP,BR,3,0.37267080745341613,0.37267080745341613,1.0,0.33766233766233766,0.33766233766233766,0.21794871794871795,0.21794871794871795,0.1282051282051282,0.4410269260406494
viruspseaac,MLP,GSI_v6_2,3,0.3978243978243978,0.4099128540305011,0.8675213675213675,0.3950617283950617,0.37735849056603776,0.2094017094017094,0.1625615763546798,0.20512820512820512,8.20292592048645
viruspseaac,MLP,GSI_v6_3,3,0.5045166257027431,0.5256132756132756,0.7905982905982906,0.4444444444444444,0.43137254901960786,0.32051282051282054,0.4702702702702703,0.1794871794871795,10.068984270095825
viruspseaac,MLP,BR,4,0.3821948134092346,0.3821948134092346,1.0,0.4,0.4,0.20930232558139536,0.20930232558139536,0.23255813953488372,0.4277186393737793
viruspseaac,MLP,GSI_v6_2,4,0.4125553447185326,0.3987654320987654,0.9031007751937985,0.4666666666666667,0.4507042253521127,0.18604651162790697,0.16738197424892703,0.27906976744186046,10.247094631195068
viruspseaac,MLP,GSI_v6_3,4,0.49817667155128453,0.515462596984336,0.7286821705426356,0.4626865671641791,0.45714285714285713,0.27906976744186046,0.40425531914893614,0.11627906976744186,12.24937629699707
viruspseaac,MLP,BR,5,0.47648809523809527,0.47648809523809527,1.0,0.5555555555555556,0.5555555555555556,0.14814814814814814,0.14814814814814814,0.4,0.689063549041748
viruspseaac,MLP,GSI_v6_2,5,0.4697167755991285,0.4773809523809524,0.8740740740740741,0.5393258426966292,0.5507246376811594,0.15185185185185185,0.13135593220338984,0.4,11.62054705619812
viruspseaac,MLP,GSI_v6_3,5,0.5302594096072357,0.5174266289083026,0.725925925925926,0.5103448275862069,0.45614035087719296,0.26296296296296295,0.4744897959183674,0.2,13.724914789199829
