dataset,learner,model,Full_Macro_F1_mean,Full_Macro_F1_std,Selective_Macro_F1_mean,Selective_Macro_F1_std,Coverage_mean,Coverage_std,Full_Micro_F1_mean,Full_Micro_F1_std,Selective_Micro_F1_mean,Selective_Micro_F1_std,Hamming_Loss_mean,Hamming_Loss_std,Selective_Hamming_Loss_mean,Selective_Hamming_Loss_std,Subset_Accuracy_mean,Subset_Accuracy_std
emotions,Logistic,GSI_v6_2,0.639894,0.023275,0.688263,0.018366,0.691088,0.01761,0.657085,0.012952,0.729297,0.016457,0.194331,0.006175,0.111303,0.010796,0.290646,0.027305
emotions,Logistic,GSI_v6_3,0.67665,0.018132,0.722436,0.0234,0.735484,0.013016,0.676637,0.018415,0.716111,0.025458,0.234517,0.008403,0.262998,0.019792,0.22901,0.04314
emotions,Logistic,GSI_v6_3_1,0.678489,0.012101,0.755206,0.022315,0.74056,0.029168,0.686562,0.007784,0.763073,0.017202,0.199064,0.00458,0.17458,0.014109,0.302917,0.028021
scene,Logistic,GSI_v6_2,0.714033,0.022352,0.764225,0.015087,0.888405,0.007204,0.708304,0.022545,0.778898,0.01894,0.095392,0.005976,0.057199,0.004608,0.57059,0.032588
scene,Logistic,GSI_v6_3,0.701035,0.016805,0.726599,0.014745,0.736905,0.011452,0.685341,0.01505,0.709503,0.013022,0.142471,0.007314,0.173721,0.008205,0.396448,0.018909
scene,Logistic,GSI_v6_3_1,0.729202,0.020541,0.797442,0.017821,0.760355,0.010736,0.71885,0.01853,0.790386,0.017482,0.106478,0.006871,0.094802,0.007626,0.556395,0.023607
plantpseaac,Logistic,GSI_v6_2,0.143489,0.017106,0.095125,0.030369,0.929295,0.00369,0.256718,0.029259,0.196405,0.029698,0.094756,0.001294,0.070696,0.001304,0.137976,0.01369
plantpseaac,Logistic,GSI_v6_3,0.247231,0.009228,0.222108,0.005552,0.702946,0.014031,0.271949,0.008587,0.235473,0.003531,0.311635,0.00746,0.688238,0.014516,0.010284,0.006591
plantpseaac,Logistic,GSI_v6_3_1,0.204183,0.02125,0.271776,0.026968,0.690667,0.0111,0.303235,0.027832,0.429855,0.025849,0.102744,0.002943,0.085802,0.005421,0.148245,0.015197
humanpseaac,Logistic,GSI_v6_2,0.112385,0.011044,0.086887,0.007694,0.922448,0.001791,0.285116,0.027386,0.191837,0.011868,0.086046,0.002926,0.057747,0.00223,0.152639,0.01571
humanpseaac,Logistic,GSI_v6_3,0.203612,0.003131,0.183577,0.003965,0.703262,0.004994,0.246349,0.0102,0.204428,0.009203,0.338987,0.013503,0.768132,0.038988,0.003539,0.000624
humanpseaac,Logistic,GSI_v6_3_1,0.171564,0.016437,0.23253,0.021006,0.70206,0.005754,0.340688,0.026493,0.470337,0.027896,0.091733,0.003036,0.075922,0.003111,0.185107,0.017548
yeast,Logistic,GSI_v6_2,0.3629404876923043,0.0070376510590988,0.3562023982004813,0.0077355598456821,0.7556337309579586,0.0108844951124875,0.6334210836859937,0.0047009849117469,0.672684991912816,0.0092133836245272,0.201633612073133,0.0017239626676354,0.1433875639634982,0.0050414483726234,0.1448643927940643,0.0107938318417452
yeast,Logistic,GSI_v6_3,0.4507613792563088,0.0083195189465127,0.3749223199369308,0.0033640707700256,0.7104830477552204,0.0080487801731076,0.5078403786979375,0.0083158454477485,0.3944056609726766,0.0031392678948574,0.3693559289162368,0.0044093871615233,0.6257024548321859,0.0081591232650447,0.050874724925354,0.0051573120856047
yeast,Logistic,GSI_v6_3_1,0.4097955297653222,0.0067215033261137,0.4304105296943319,0.004874572401731,0.6741182764084332,0.0087204514538671,0.6384398200091856,0.0030133462301721,0.5846006932849834,0.0147033924042503,0.21147110654326,0.0012113710462783,0.2355177701138338,0.0069090665680801,0.1349431919929061,0.011645200270776
