Dataset,Fold,Model,Base_Learner,Selective_Macro_F1,Coverage,Full_Macro_F1,Selective_Micro_F1,Full_Micro_F1,Hamming_Loss,Selective_Hamming_Loss,Subset_Accuracy,Fit_Time_s
chd49,1,GSI_v6_3_2,logistic,0.5156854093803246,0.7087087087087087,0.5128978464869106,0.635,0.6655231560891939,0.2927927927927928,0.3093220338983051,0.15315315315315314,0.20743918418884277
chd49,1,GSI_v6_3_3,logistic,0.5163189400055667,0.7267267267267268,0.5157524260481209,0.6875,0.6689774696707106,0.28678678678678676,0.26859504132231404,0.15315315315315314,0.2012772560119629
chd49,2,GSI_v6_3_2,logistic,0.3607766927191112,0.7151515151515152,0.4912508593180862,0.42388059701492536,0.6621392190152802,0.3015151515151515,0.4088983050847458,0.2,0.22085237503051758
chd49,2,GSI_v6_3_3,logistic,0.5213334093327254,0.6909090909090909,0.48505700995215767,0.6770025839793282,0.6525573192239859,0.29848484848484846,0.2741228070175439,0.2,0.2301492691040039
chd49,3,GSI_v6_3_2,logistic,0.5322247558222779,0.656060606060606,0.5061958319317937,0.6593406593406593,0.673721340388007,0.2803030303030303,0.2863741339491917,0.18181818181818182,0.21083736419677734
chd49,3,GSI_v6_3_3,logistic,0.5256471306471306,0.6893939393939394,0.5082748429935547,0.7212276214833759,0.680628272251309,0.2772727272727273,0.23956043956043957,0.17272727272727273,0.20208239555358887
chd49,4,GSI_v6_3_2,logistic,0.4162698412698413,0.6652046783625731,0.5170274170274171,0.4906832298136646,0.674496644295302,0.28362573099415206,0.36043956043956044,0.15789473684210525,0.23027610778808594
chd49,4,GSI_v6_3_3,logistic,0.5098560504540014,0.685672514619883,0.50060141731424,0.6936708860759494,0.6609880749574105,0.2909356725146199,0.2579957356076759,0.17543859649122806,0.29395103454589844
chd49,5,GSI_v6_3_2,logistic,0.5108721771039441,0.6590909090909091,0.4905180756266518,0.6358695652173914,0.6539130434782608,0.3015151515151515,0.3080459770114943,0.11818181818181818,0.2641768455505371
chd49,5,GSI_v6_3_3,logistic,0.5189483154805383,0.6606060606060606,0.5028169072653689,0.6942148760330579,0.658578856152513,0.29848484848484846,0.2545871559633027,0.13636363636363635,0.255023717880249
viruspseaac,1,GSI_v6_3_2,logistic,0.5135946983773071,0.7458333333333333,0.4411255411255411,0.5454545454545454,0.4235294117647059,0.20416666666666666,0.16759776536312848,0.275,0.28576231002807617
viruspseaac,1,GSI_v6_3_3,logistic,0.4872442372442372,0.7833333333333333,0.4411255411255411,0.49230769230769234,0.4235294117647059,0.20416666666666666,0.17553191489361702,0.275,0.24093198776245117
viruspseaac,2,GSI_v6_3_2,logistic,0.5061375661375661,0.7958333333333333,0.41329423264907134,0.4657534246575342,0.37777777777777777,0.23333333333333334,0.20418848167539266,0.175,0.22772502899169922
viruspseaac,2,GSI_v6_3_3,logistic,0.47525062656641603,0.7916666666666666,0.40965909090909086,0.40625,0.37362637362637363,0.2375,0.2,0.15,0.2757084369659424
viruspseaac,3,GSI_v6_3_2,logistic,0.4547491723962312,0.6794871794871795,0.37008281573498963,0.4745762711864407,0.34146341463414637,0.23076923076923078,0.1949685534591195,0.2564102564102564,0.2746570110321045
viruspseaac,3,GSI_v6_3_3,logistic,0.44004329004329,0.6965811965811965,0.3961038961038961,0.4444444444444444,0.3953488372093023,0.2222222222222222,0.18404907975460122,0.3076923076923077,0.22641897201538086
viruspseaac,4,GSI_v6_3_2,logistic,0.4252873563218391,0.7713178294573644,0.38439434129089306,0.5070422535211268,0.4044943820224719,0.2054263565891473,0.17587939698492464,0.20930232558139536,0.22672462463378906
viruspseaac,4,GSI_v6_3_3,logistic,0.4083694083694083,0.813953488372093,0.3919700988666506,0.4722222222222222,0.4222222222222222,0.20155038759689922,0.18095238095238095,0.23255813953488372,0.2959752082824707
viruspseaac,5,GSI_v6_3_2,logistic,0.392063492063492,0.6851851851851852,0.3574074074074074,0.5882352941176471,0.38961038961038963,0.17407407407407408,0.11351351351351352,0.28888888888888886,0.24258184432983398
viruspseaac,5,GSI_v6_3_3,logistic,0.48928571428571427,0.7851851851851852,0.43267622461170846,0.5757575757575758,0.4835164835164835,0.17407407407407408,0.1320754716981132,0.35555555555555557,0.25482940673828125
