dataset,model,Selective_Macro_F1,Coverage,Full_Macro_F1,Selective_Micro_F1,Full_Micro_F1,Hamming_Loss,Selective_Hamming_Loss,Subset_Accuracy,Train_Time_s,Avg_DL_Count
chd49,GSI_v6_3_1,0.43202321284000256,0.7117503628029944,0.5054564729017317,0.4834713048912569,0.5830910591883898,0.3894953805480121,0.540956029898041,0.07594465278675804,0.3510697841644287,4.0
chd49,GSI_v6_3_2,0.4671657752590998,0.6808432834748626,0.5035780060781719,0.5689548102773282,0.6659586806532087,0.2919503714240556,0.3346160020766594,0.1622095779990517,0.2952089786529541,4.0
music,GSI_v6_3_1,0.7236007948095694,0.7396025598418421,0.6836695412496478,0.7180704870378827,0.6857410750259751,0.22559707933586298,0.2615389478405646,0.2449873821758169,0.3064913749694824,2.8
music,GSI_v6_3_2,0.7616654403617165,0.7314671573395402,0.6798339910172996,0.7730237828653225,0.6919835522556546,0.19433754089785996,0.1656068213104865,0.3040108003218671,0.26193833351135254,2.8
gpositivepseaac,GSI_v6_3_1,0.5851781422931627,0.7519370799103808,0.5668309865746514,0.6200266978736508,0.6472032475107532,0.21532393577296488,0.32343664032985864,0.48170276325616135,0.4450246810913086,2.0
gpositivepseaac,GSI_v6_3_2,0.6677128530176368,0.7308392457057507,0.591855801986523,0.7851222863134524,0.7056893967596769,0.14693334578043316,0.12260951586636977,0.6241971620612397,0.3725440502166748,2.0
genbase,GSI_v6_3_1,0.6802762133196916,0.9288199454866122,0.6789374286475736,0.8940176664568641,0.9154449671365587,0.008449153185995291,0.011939342902624439,0.7929938482570061,1.3183732509613038,8.0
genbase,GSI_v6_3_2,0.7562187892622675,0.9427541918769989,0.7537496534597984,0.9938641313787633,0.9884377914347702,0.0010628422909124662,0.0005905375167836536,0.9758373205741627,1.1063168525695801,8.0
viruspseaac,GSI_v6_3_1,0.506773574545265,0.7588955144769098,0.49538370396503806,0.44759265020379635,0.4594381725701723,0.29302772808586763,0.46441850124761397,0.1422659511031604,0.4111217498779297,5.0
viruspseaac,GSI_v6_3_2,0.45836645705928714,0.7355313721592791,0.39326086764158047,0.5162123577874589,0.38737507516189834,0.20955393228649047,0.17122954219921574,0.2409202941761081,0.3466374397277832,5.0
