dataset,learner,model,fold,Full_Macro_F1,Selective_Macro_F1,Coverage,Full_Micro_F1,Selective_Micro_F1,Hamming_Loss,Selective_Hamming_Loss,Subset_Accuracy
yeast,Logistic,GSI_v6_2,0,0.3518137466903445,0.36516617806375057,0.7440353460972018,0.6268253109789075,0.6738317757009346,0.203240058910162,0.1381631037212985,0.1360824742268041
yeast,Logistic,GSI_v6_3,0,0.4541976578512572,0.3763866401972921,0.724300441826215,0.5041853221724742,0.38904109589041097,0.3751104565537555,0.634810898739325,0.05567010309278351
yeast,Logistic,GSI_v6_3_1,0,0.40789895469098153,0.4343991056725493,0.6586156111929308,0.6369394476817837,0.5800316957210776,0.21104565537555228,0.2370304114490161,0.12371134020618557
yeast,Logistic,GSI_v6_2,1,0.3577132976111395,0.3593068066151166,0.7519882179675994,0.6313265849760256,0.6714477812640072,0.20382916053019146,0.1435566000783392,0.15257731958762888
yeast,Logistic,GSI_v6_3,1,0.4510483958000241,0.378727391618897,0.7075110456553756,0.5082288401253918,0.39702930549979926,0.3696612665684831,0.6253122398001665,0.04329896907216495
yeast,Logistic,GSI_v6_3_1,1,0.42105167577581154,0.4348933745159579,0.6745213549337261,0.6409170196860204,0.5691056910569106,0.2122238586156112,0.24301310043668123,0.13814432989690723
yeast,Logistic,GSI_v6_2,2,0.36702025500645297,0.3507218270203248,0.7691273161984459,0.6412664341293265,0.6809440559440559,0.1997907949790795,0.14183019234505537,0.1589958158995816
yeast,Logistic,GSI_v6_3,2,0.4626907208731528,0.37715740403974174,0.708756724447101,0.5218422613164657,0.39798792756539236,0.36147638971906754,0.6308243727598566,0.04811715481171548
yeast,Logistic,GSI_v6_3_1,2,0.40305017039648394,0.42154655036380584,0.6776748356246264,0.6429116823619242,0.5967365967365967,0.20965331739390317,0.2288864388092613,0.14853556485355648
yeast,Logistic,GSI_v6_2,3,0.3705846746208156,0.34403523854803286,0.7679312388855958,0.6344345957561106,0.6559513466550826,0.20168938944872555,0.1528367425704361,0.14730290456431536
yeast,Logistic,GSI_v6_3,3,0.4488244529659081,0.3730150582145126,0.699614700652045,0.5087409153407975,0.3935232629637221,0.3706283343212804,0.6267739885617454,0.04979253112033195
yeast,Logistic,GSI_v6_3_1,3,0.40365736350188497,0.43204824293280525,0.6853882631890931,0.636757583482029,0.6064710308502633,0.21117368109069354,0.22616216216216217,0.14522821576763487
yeast,Logistic,GSI_v6_2,4,0.36757046453276887,0.3617819407551815,0.7450865356409504,0.6332524925895985,0.68125,0.1996186564975066,0.1405511811023622,0.1293634496919918
yeast,Logistic,GSI_v6_3,4,0.4370456687912018,0.369325105614211,0.7122323261953653,0.49620455453455853,0.3944467129440588,0.36990319741859784,0.6107907742998353,0.057494866529774126
yeast,Logistic,GSI_v6_3_1,4,0.41331948446144917,0.42916537498654145,0.6743913171017893,0.6346733668341709,0.5706584520600693,0.21325902024053975,0.24249673771204872,0.11909650924024641
