dataset,learner,label_idx,prior,tau_0,tau_1,coverage_guard,empirical_coverage
emotions,Logistic,0,0.2951167728237792,0.1736062021157702,0.4885280554541982,True,0.7048832271762208
emotions,Logistic,1,0.2823779193205945,0.224756962025125,0.4295468354429841,True,0.7070063694267515
emotions,Logistic,2,0.4479830148619957,0.3135413654410638,0.5989185070992815,True,0.70276008492569
emotions,Logistic,3,0.2505307855626327,0.1253097345130654,0.51,False,0.8089171974522293
emotions,Logistic,4,0.2845010615711252,0.2366995653746778,0.4188998551248926,True,0.7048832271762208
emotions,Logistic,5,0.3205944798301486,0.1682138878571139,0.5240456122942646,False,0.7346072186836518
scene,Logistic,0,0.1773858921161825,0.088851649076384,0.5057459762532969,True,0.700207468879668
scene,Logistic,1,0.1514522821576763,0.071057754704626,0.51,False,0.8267634854771784
scene,Logistic,2,0.1644190871369294,0.0950614327771148,0.4927108930323797,True,0.7069502074688797
scene,Logistic,3,0.179460580912863,0.0857001321002598,0.51,False,0.7448132780082988
scene,Logistic,4,0.220954356846473,0.1565731343282022,0.4618054274083912,True,0.7074688796680498
scene,Logistic,5,0.1789419087136929,0.1236360515020222,0.4717881809177826,True,0.7059128630705395
yeast,Logistic,0,0.3157349896480331,0.2499075013547631,0.4336509105519842,True,0.7091097308488613
yeast,Logistic,1,0.4301242236024845,0.3821077786369964,0.5001329334354929,True,0.7054865424430642
yeast,Logistic,2,0.4068322981366459,0.2892906079057051,0.5533132637610846,True,0.7080745341614907
yeast,Logistic,3,0.3566252587991718,0.2514782913578883,0.5044410073421173,True,0.703416149068323
yeast,Logistic,4,0.2986542443064182,0.2396931526388848,0.4246399429385953,True,0.7003105590062112
yeast,Logistic,5,0.2474120082815735,0.2355799862210047,0.3979129521184384,True,0.7049689440993789
yeast,Logistic,6,0.1770186335403726,0.2035699901282349,0.3908327739387582,True,0.7075569358178054
yeast,Logistic,7,0.1987577639751552,0.1912939939938747,0.414802102102066,True,0.7044513457556936
yeast,Logistic,8,0.0734989648033126,0.0949060512503432,0.4479744674282125,True,0.7199792960662525
yeast,Logistic,9,0.1045548654244306,0.1817361119848494,0.3759203837684592,True,0.7054865424430642
yeast,Logistic,10,0.1195652173913043,0.1550999999999341,0.4098999999999817,True,0.7018633540372671
yeast,Logistic,11,0.7515527950310559,0.5826171664939616,0.7832876938975482,True,0.7127329192546584
yeast,Logistic,12,0.7453416149068323,0.5741003115261585,0.788173831774564,True,0.7091097308488613
yeast,Logistic,13,0.0144927536231884,0.1321972860125194,0.3840657620041731,True,0.7085921325051759
plantpseaac,Logistic,0,0.057544757033248,0.156315413675832,0.3791851530033899,True,0.7033248081841432
plantpseaac,Logistic,1,0.0332480818414322,0.1978508379888133,0.3266743016759701,True,0.7250639386189258
plantpseaac,Logistic,2,0.2928388746803069,0.2405430013161731,0.4201810004387247,True,0.7084398976982097
plantpseaac,Logistic,3,0.1854219948849104,0.1815297915814177,0.4173545565998875,True,0.7058823529411765
plantpseaac,Logistic,4,0.0434782608695652,0.1467401273885143,0.3823681528662348,True,0.7007672634271099
plantpseaac,Logistic,5,0.0217391304347826,0.1545981132075375,0.3648358490566002,True,0.7122762148337596
plantpseaac,Logistic,6,0.0217391304347826,0.0494792452830063,0.4699547169811311,True,0.7161125319693095
plantpseaac,Logistic,7,0.1534526854219949,0.1903231477772503,0.3917633560272023,True,0.7186700767263428
plantpseaac,Logistic,8,0.1560102301790281,0.1869200962694696,0.3964854392298136,True,0.7046035805626598
plantpseaac,Logistic,9,0.0217391304347826,0.1596037735848961,0.3598301886792416,True,0.7071611253196931
plantpseaac,Logistic,10,0.0396419437340153,0.1700943925233469,0.3572887850467213,True,0.7148337595907929
plantpseaac,Logistic,11,0.0537084398976982,0.145310026385198,0.388436675461732,True,0.7007672634271099
humanpseaac,Logistic,0,0.0244293151782138,0.1704201914708338,0.350197737162745,True,0.7128554265118142
humanpseaac,Logistic,1,0.2615138165798958,0.1960677271808213,0.4457006188201681,True,0.7000400480576692
humanpseaac,Logistic,2,0.0252302763315979,0.1257477854530557,0.3952233644859775,True,0.7068482178614337
humanpseaac,Logistic,3,0.0076091309571485,0.0302499999999999,0.48475,True,0.7384861834201041
humanpseaac,Logistic,4,0.0732879455346415,0.1902639338388639,0.3525180569654113,True,0.7012414897877453
humanpseaac,Logistic,5,0.1233480176211453,0.192810426540223,0.3740616113743806,True,0.7016419703644373
humanpseaac,Logistic,6,0.0516619943932719,0.110507775747187,0.4223065849201142,True,0.7008410092110533
humanpseaac,Logistic,7,0.0244293151782138,0.1654263707571696,0.3551915578764092,True,0.7092511013215859
humanpseaac,Logistic,8,0.0076091309571485,0.1615499999999999,0.35345,True,0.7036443732478975
humanpseaac,Logistic,9,0.1165398478173808,0.1950212381243687,0.3684878026355856,True,0.7044453344012815
humanpseaac,Logistic,10,0.3267921505806968,0.2583458983889708,0.4449683663552712,True,0.7056467761313576
humanpseaac,Logistic,11,0.0152182619142971,0.1274002885669692,0.3891790384948323,True,0.7112535042050461
humanpseaac,Logistic,12,0.1133360032038446,0.1985165718479918,0.3634195632225838,True,0.7056467761313576
humanpseaac,Logistic,13,0.0072086503804565,0.01005,0.50495,True,0.8093712454945935
emotions,SVM,0,0.2951167728237792,0.1914994892372717,0.4706347683326967,True,0.7006369426751592
emotions,SVM,1,0.2823779193205945,0.2210999999998061,0.433203797468303,True,0.7006369426751592
emotions,SVM,2,0.4479830148619957,0.3135413654410638,0.5989185070992815,True,0.70276008492569
emotions,SVM,3,0.2505307855626327,0.1253097345130654,0.51,False,0.7898089171974523
emotions,SVM,4,0.2845010615711252,0.2184795363996563,0.4371198840999141,True,0.7070063694267515
emotions,SVM,5,0.3205944798301486,0.1682138878571139,0.5240456122942646,False,0.7261146496815286
scene,SVM,0,0.1773858921161825,0.1313918865434159,0.463205738786265,True,0.7022821576763485
scene,SVM,1,0.1514522821576763,0.071057754704626,0.51,False,0.7510373443983402
scene,SVM,2,0.1644190871369294,0.1339619234542603,0.4538104023552342,True,0.7059128630705395
scene,SVM,3,0.179460580912863,0.0857001321002598,0.51,False,0.7059128630705395
scene,SVM,4,0.220954356846473,0.1726379918587384,0.445740569877855,True,0.7022821576763485
scene,SVM,5,0.1789419087136929,0.149110597556834,0.446313634862971,True,0.7074688796680498
yeast,SVM,0,0.3157349896480331,0.24284044715487,0.4407179647518774,True,0.7039337474120083
yeast,SVM,1,0.4301242236024845,0.3821077786369964,0.5001329334354929,True,0.7168737060041408
yeast,SVM,2,0.4068322981366459,0.2931732940212254,0.5494305776455644,True,0.7096273291925466
yeast,SVM,3,0.3566252587991718,0.2440382114759992,0.5118810872240063,True,0.7008281573498965
yeast,SVM,4,0.2986542443064182,0.2325798145504344,0.4317532810270457,True,0.703416149068323
yeast,SVM,5,0.2474120082815735,0.2355799862210047,0.3979129521184384,True,0.7023809523809523
yeast,SVM,6,0.1770186335403726,0.2035699901282349,0.3908327739387582,True,0.7023809523809523
yeast,SVM,7,0.1987577639751552,0.1995720720719559,0.4065240240239847,True,0.7023809523809523
yeast,SVM,8,0.0734989648033126,0.0853636616239143,0.4575168570546414,True,0.7039337474120083
yeast,SVM,9,0.1045548654244306,0.1909829820697832,0.3666735136835253,True,0.7085921325051759
yeast,SVM,10,0.1195652173913043,0.1687499999999366,0.3962499999999792,True,0.7054865424430642
yeast,SVM,11,0.7515527950310559,0.5633219234743863,0.8025829369171235,True,0.7111801242236024
yeast,SVM,12,0.7453416149068323,0.5588093457941297,0.8034647975065928,True,0.7132505175983437
yeast,SVM,13,0.0144927536231884,0.0667114822546893,0.4495515657620031,True,0.7199792960662525
plantpseaac,SVM,0,0.057544757033248,0.0836404986777152,0.4518600680015067,True,0.7046035805626598
plantpseaac,SVM,1,0.0332480818414322,0.1582128491619961,0.3663122905027874,True,0.7046035805626598
plantpseaac,SVM,2,0.2928388746803069,0.2010226415092117,0.4597013602456858,True,0.7007672634271099
plantpseaac,SVM,3,0.1854219948849104,0.152051695954109,0.446832652227196,True,0.7097186700767263
plantpseaac,SVM,4,0.0434782608695652,0.1369222929936093,0.3921859872611398,True,0.7007672634271099
plantpseaac,SVM,5,0.0217391304347826,0.1646094339622548,0.354824528301883,True,0.7020460358056266
plantpseaac,SVM,6,0.0217391304347826,0.0344622641509304,0.4849716981132069,True,0.7583120204603581
plantpseaac,SVM,7,0.1534526854219949,0.1815648778533394,0.4005216259511132,True,0.7122762148337596
plantpseaac,SVM,8,0.1560102301790281,0.2000179302044911,0.3833876052947921,True,0.710997442455243
plantpseaac,SVM,9,0.0217391304347826,0.0895245283018753,0.4299094339622622,True,0.7148337595907929
plantpseaac,SVM,10,0.0396419437340153,0.1848728971962448,0.3425102803738233,True,0.710997442455243
plantpseaac,SVM,11,0.0537084398976982,0.0772345646437683,0.4565121372031621,True,0.7289002557544757
humanpseaac,SVM,0,0.0244293151782138,0.1254758050478558,0.395142123585723,True,0.7068482178614337
humanpseaac,SVM,1,0.2615138165798958,0.1998500437208115,0.441918302280178,True,0.7056467761313576
humanpseaac,SVM,2,0.0252302763315979,0.0858254774481783,0.4351456724908549,True,0.7132559070885062
humanpseaac,SVM,3,0.0076091309571485,0.0353,0.4797,True,0.7376852222667201
humanpseaac,SVM,4,0.0732879455346415,0.1473143130112485,0.3954676777930264,True,0.7028434120945134
humanpseaac,SVM,5,0.1233480176211453,0.1792165876776612,0.3876554502369426,True,0.7116539847817381
humanpseaac,SVM,6,0.0516619943932719,0.0666610682072441,0.4661532924600571,True,0.7092511013215859
humanpseaac,SVM,7,0.0244293151782138,0.1504449086161769,0.3701730200174019,True,0.7084501401682018
humanpseaac,SVM,8,0.0076091309571485,0.1312499999999999,0.38375,True,0.7052462955546656
humanpseaac,SVM,9,0.1165398478173808,0.176761599754767,0.3867474410051875,True,0.7080496595915098
humanpseaac,SVM,10,0.3267921505806968,0.2619347920037073,0.4413794727405347,True,0.7016419703644373
humanpseaac,SVM,11,0.0152182619142971,0.0569213943556214,0.4596579327061801,True,0.7004405286343612
humanpseaac,SVM,12,0.1133360032038446,0.1893552945494032,0.3725808405211723,True,0.7088506207448939
humanpseaac,SVM,13,0.0072086503804565,0.01005,0.50495,True,0.8782539046856227
emotions,MLP,0,0.2951167728237792,0.2237074060559744,0.4384268515139939,True,0.7006369426751592
emotions,MLP,1,0.2823779193205945,0.2320708860757628,0.4222329113923463,True,0.7048832271762208
emotions,MLP,2,0.4479830148619957,0.3611042223840998,0.5513556501562449,True,0.7133757961783439
emotions,MLP,3,0.2505307855626327,0.1253097345130654,0.51,False,0.7494692144373672
emotions,MLP,4,0.2845010615711252,0.2439875769646863,0.411611843534884,True,0.7091295116772823
emotions,MLP,5,0.3205944798301486,0.1931221085677144,0.4991373915836641,True,0.7091295116772823
scene,MLP,0,0.1773858921161825,0.1271378627967127,0.4674597625329681,True,0.70798755186722
scene,MLP,1,0.1514522821576763,0.071057754704626,0.51,False,0.7266597510373444
scene,MLP,2,0.1644190871369294,0.112350539744735,0.4754217860647595,True,0.7090248962655602
scene,MLP,3,0.179460580912863,0.0899431307792572,0.5057570013210027,True,0.7017634854771784
scene,MLP,4,0.220954356846473,0.1364920624150319,0.4818864993215615,True,0.70798755186722
scene,MLP,5,0.1789419087136929,0.1108987784746163,0.4845254539451884,True,0.7043568464730291
yeast,MLP,0,0.3157349896480331,0.2357733929549768,0.4477850189517706,True,0.7060041407867494
yeast,MLP,1,0.4301242236024845,0.3585027476772975,0.5237379643951918,True,0.7060041407867494
yeast,MLP,2,0.4068322981366459,0.3048213523677863,0.5377825192990037,True,0.7060041407867494
yeast,MLP,3,0.3566252587991718,0.2886786907673339,0.4672406079326718,True,0.7127329192546584
yeast,MLP,4,0.2986542443064182,0.2681465049926864,0.3961865905847938,True,0.7101449275362319
yeast,MLP,5,0.2474120082815735,0.2085244919047657,0.4249684464346774,True,0.7018633540372671
yeast,MLP,6,0.1770186335403726,0.1865461006909147,0.4078566633760785,True,0.7054865424430642
yeast,MLP,7,0.1987577639751552,0.1747378378377124,0.4313582582582284,True,0.7039337474120083
yeast,MLP,8,0.0734989648033126,0.113990830503201,0.4288896881753549,True,0.703416149068323
yeast,MLP,9,0.1045548654244306,0.1355017615601804,0.4221547341931285,True,0.7116977225672878
yeast,MLP,10,0.1195652173913043,0.1277999999999292,0.4371999999999867,True,0.7080745341614907
yeast,MLP,11,0.7515527950310559,0.5401676318508959,0.8257372285406138,True,0.7049689440993789
yeast,MLP,12,0.7453416149068323,0.5396956386290936,0.8225785046716289,True,0.7044513457556936
yeast,MLP,13,0.0144927536231884,0.0566367432150232,0.4596263048016692,True,0.7158385093167702
plantpseaac,MLP,0,0.057544757033248,0.1853853796750787,0.3501151870041432,True,0.710997442455243
plantpseaac,MLP,1,0.0332480818414322,0.1681223463687004,0.3564027932960831,True,0.7058823529411765
plantpseaac,MLP,2,0.2928388746803069,0.2477285212810752,0.4129954804738227,True,0.7007672634271099
plantpseaac,MLP,3,0.1854219948849104,0.1773186350632307,0.4215657131180744,True,0.7058823529411765
plantpseaac,MLP,4,0.0434782608695652,0.1516490445859668,0.3774592356687823,True,0.7020460358056266
plantpseaac,MLP,5,0.0217391304347826,0.174620754716972,0.3448132075471658,True,0.7046035805626598
plantpseaac,MLP,6,0.0217391304347826,0.0244509433962131,0.4949830188679242,True,0.7953964194373402
plantpseaac,MLP,7,0.1534526854219949,0.1859440128152949,0.3961424909891577,True,0.7020460358056266
plantpseaac,MLP,8,0.1560102301790281,0.2000179302044911,0.3833876052947921,True,0.7186700767263428
plantpseaac,MLP,9,0.0217391304347826,0.1245641509433856,0.3948698113207519,True,0.7084398976982097
plantpseaac,MLP,10,0.0396419437340153,0.1848728971962448,0.3425102803738233,True,0.7084398976982097
plantpseaac,MLP,11,0.0537084398976982,0.1890728232189742,0.3446738786279555,True,0.7007672634271099
humanpseaac,MLP,0,0.0244293151782138,0.1804078328981622,0.3402100957354166,True,0.7156587905486584
humanpseaac,MLP,1,0.2615138165798958,0.1960677271808213,0.4457006188201681,True,0.7020424509411294
humanpseaac,MLP,2,0.0252302763315979,0.0908157659487879,0.4301553839902452,True,0.7140568682418903
humanpseaac,MLP,3,0.0076091309571485,0.01005,0.50495,True,0.8754505406487786
humanpseaac,MLP,4,0.0732879455346415,0.1998082940227784,0.3429736967814968,True,0.7220664797757309
humanpseaac,MLP,5,0.1233480176211453,0.2018729857819309,0.3649990521326727,True,0.7088506207448939
humanpseaac,MLP,6,0.0516619943932719,0.10563591935386,0.4271784413134412,True,0.7168602322787345
humanpseaac,MLP,7,0.0244293151782138,0.1554387293298411,0.3651791993037377,True,0.7064477372847416
humanpseaac,MLP,8,0.0076091309571485,0.01005,0.50495,True,0.8802563075690829
humanpseaac,MLP,9,0.1165398478173808,0.1950212381243687,0.3684878026355856,True,0.7140568682418903
humanpseaac,MLP,10,0.3267921505806968,0.2727014728479169,0.4306127918963252,True,0.7084501401682018
humanpseaac,MLP,11,0.0152182619142971,0.0518871876262394,0.4646921394355621,True,0.737284741690028
humanpseaac,MLP,12,0.1133360032038446,0.2076778491465803,0.3542582859239953,True,0.7156587905486584
humanpseaac,MLP,13,0.0072086503804565,0.01005,0.50495,True,0.9110933119743692
chd49,Logistic,0,0.6081081081081081,0.5415525920681552,0.6414377815054368,True,0.722972972972973
chd49,Logistic,1,0.3130630630630631,0.2513909828112369,0.42737044059728757,True,0.7094594594594594
chd49,Logistic,2,0.38738738738738737,0.35486523197701186,0.45439751247755067,True,0.704954954954955
chd49,Logistic,3,0.02927927927927928,0.10226465968584865,0.4204971204188448,True,0.722972972972973
chd49,Logistic,4,0.481981981981982,0.44090972558125074,0.5288137134236873,True,0.7094594594594594
chd49,Logistic,5,0.7612612612612613,0.6074560357670729,0.7640640834565061,True,0.7117117117117117
music,Logistic,0,0.2917547568710359,0.18244947444702936,0.4776048930771786,True,0.7019027484143763
music,Logistic,1,0.27906976744186046,0.21583399209466828,0.436458498023667,True,0.7061310782241015
music,Logistic,2,0.44608879492600423,0.3080781920102077,0.6011821980308905,True,0.7145877378435518
music,Logistic,3,0.25158562367864695,0.12592592592571583,0.51,False,0.8118393234672304
music,Logistic,4,0.28118393234672306,0.2351826196471718,0.4183942065490573,True,0.7019027484143763
music,Logistic,5,0.3192389006342495,0.16734392316187977,0.5224913494797473,False,0.7632135306553911
gpositivepseaac,Logistic,0,0.3373493975903614,0.27733906644008155,0.4447016992589362,True,0.7108433734939759
gpositivepseaac,Logistic,1,0.033734939759036145,0.19303488943487587,0.33170712530711743,True,0.7012048192771084
gpositivepseaac,Logistic,2,0.40240963855421685,0.2239606615999421,0.6110820700457208,False,0.7783132530120482
gpositivepseaac,Logistic,3,0.236144578313253,0.21524373259038432,0.4117479108634615,True,0.7060240963855422
genbase,Logistic,0,0.11909262759924386,0.05476673427983491,0.51,False,1.0
genbase,Logistic,1,0.11531190926275993,0.05290546400685751,0.51,False,1.0
genbase,Logistic,2,0.09262759924385633,0.041916167664607436,0.51,False,1.0
genbase,Logistic,3,0.07372400756143667,0.03298562165205117,0.51,False,0.996219281663516
genbase,Logistic,4,0.2589792060491493,0.13026941362894165,0.51,False,1.0
genbase,Logistic,5,0.035916824196597356,0.015715467328347638,0.51,False,0.9867674858223062
genbase,Logistic,6,0.04725897920604915,0.020815986677737965,0.51,False,0.7561436672967864
genbase,Logistic,7,0.07750472589792061,0.0347555806724544,0.51,False,1.0
genbase,Logistic,8,0.007561436672967864,0.025199999999999997,0.4898,True,0.7391304347826086
genbase,Logistic,9,0.09829867674858223,0.044635193132979645,0.51,False,1.0
genbase,Logistic,10,0.04914933837429111,0.021672686857428552,0.51,False,0.998109640831758
genbase,Logistic,11,0.043478260869565216,0.019108280254749074,0.51,False,1.0
genbase,Logistic,12,0.054820415879017016,0.024254251463582857,0.51,False,1.0
genbase,Logistic,13,0.020793950850661626,0.009018857611356188,0.51,False,0.9754253308128544
genbase,Logistic,14,0.022684310018903593,0.009849521203816113,0.51,False,0.9224952741020794
genbase,Logistic,15,0.007561436672967864,0.005,0.51,False,0.9017013232514177
genbase,Logistic,16,0.026465028355387523,0.05139500959691363,0.4701213051823404,True,0.7315689981096408
genbase,Logistic,17,0.062381852551984876,0.027723326799174844,0.51,False,1.0
genbase,Logistic,18,0.013232514177693762,0.005714285714277489,0.51,False,0.9848771266540642
genbase,Logistic,19,0.007561436672967864,0.005,0.51,False,0.9886578449905482
genbase,Logistic,20,0.003780718336483932,0.16154999999999997,0.35345000000000004,True,0.7013232514177694
genbase,Logistic,21,0.003780718336483932,0.050449999999999995,0.46455,True,0.722117202268431
genbase,Logistic,22,0.003780718336483932,0.030249999999999996,0.48475,True,0.7032136105860114
genbase,Logistic,23,0.001890359168241966,0.01005,0.50495,True,0.7693761814744802
genbase,Logistic,24,0.001890359168241966,0.01005,0.50495,True,0.7599243856332704
genbase,Logistic,25,0.0,0.005,0.51,False,1.0
genbase,Logistic,26,0.003780718336483932,0.015099999999999999,0.4999,True,0.8638941398865785
viruspseaac,Logistic,0,0.041916167664670656,0.018404907975433184,0.51,False,0.9880239520958084
viruspseaac,Logistic,1,0.15568862275449102,0.2130028169013306,0.3702366197182735,True,0.7065868263473054
viruspseaac,Logistic,2,0.09580838323353294,0.16007918552031275,0.3933597285067709,True,0.718562874251497
viruspseaac,Logistic,3,0.41317365269461076,0.37213764716488434,0.4812868859891223,True,0.718562874251497
viruspseaac,Logistic,4,0.40119760479041916,0.339124711885687,0.49384371360137447,True,0.7005988023952096
viruspseaac,Logistic,5,0.09580838323353294,0.18807285067868773,0.36536606334839594,True,0.7005988023952096
chd49,SVM,0,0.6081081081081081,0.5453943301234352,0.6375960434501569,True,0.7027027027027027
chd49,SVM,1,0.3130630630630631,0.2408322153440738,0.4379292080644507,True,0.7027027027027027
chd49,SVM,2,0.38738738738738737,0.3472089027077397,0.46205384174682285,True,0.7094594594594594
chd49,SVM,3,0.02927927927927928,0.032651308900505764,0.4901104712041878,True,0.7477477477477478
chd49,SVM,4,0.481981981981982,0.468879176258389,0.5008442627465495,True,0.7274774774774775
chd49,SVM,5,0.7612612612612613,0.505660804768943,0.8658593144546359,True,0.9617117117117117
music,SVM,0,0.2917547568710359,0.20044675607081894,0.4596076114533889,True,0.7061310782241015
music,SVM,1,0.27906976744186046,0.21951106719348493,0.43278142292485033,True,0.7124735729386892
music,SVM,2,0.44608879492600423,0.32392165179510946,0.5853387382459885,True,0.7167019027484144
music,SVM,3,0.25158562367864695,0.12592592592571583,0.51,False,0.7758985200845666
music,SVM,4,0.28118393234672306,0.22418992443305868,0.4293869017631704,True,0.7082452431289641
music,SVM,5,0.3192389006342495,0.17799834595141578,0.5118369266902112,True,0.7061310782241015
gpositivepseaac,SVM,0,0.3373493975903614,0.2591474759162929,0.46289328978272487,True,0.7108433734939759
gpositivepseaac,SVM,1,0.033734939759036145,0.0890307125306943,0.435711302211299,True,0.7060240963855422
gpositivepseaac,SVM,2,0.40240963855421685,0.2278318756843999,0.607210855961263,True,0.708433734939759
gpositivepseaac,SVM,3,0.236144578313253,0.23489415041769202,0.3920974930361538,True,0.7156626506024096
genbase,SVM,0,0.11909262759924386,0.05476673427983491,0.51,False,1.0
genbase,SVM,1,0.11531190926275993,0.05290546400685751,0.51,False,1.0
genbase,SVM,2,0.09262759924385633,0.041916167664607436,0.51,False,1.0
genbase,SVM,3,0.07372400756143667,0.03298562165205117,0.51,False,1.0
genbase,SVM,4,0.2589792060491493,0.13026941362894165,0.51,False,0.998109640831758
genbase,SVM,5,0.035916824196597356,0.015715467328347638,0.51,False,0.996219281663516
genbase,SVM,6,0.04725897920604915,0.06484254787674155,0.4659734388009963,True,0.7523629489603024
genbase,SVM,7,0.07750472589792061,0.0347555806724544,0.51,False,1.0
genbase,SVM,8,0.007561436672967864,0.005,0.51,False,0.996219281663516
genbase,SVM,9,0.09829867674858223,0.044635193132979645,0.51,False,1.0
genbase,SVM,10,0.04914933837429111,0.021672686857428552,0.51,False,1.0
genbase,SVM,11,0.043478260869565216,0.019108280254749074,0.51,False,1.0
genbase,SVM,12,0.054820415879017016,0.024254251463582857,0.51,False,1.0
genbase,SVM,13,0.020793950850661626,0.009018857611356188,0.51,False,1.0
genbase,SVM,14,0.022684310018903593,0.009849521203816113,0.51,False,1.0
genbase,SVM,15,0.007561436672967864,0.005,0.51,False,0.9905482041587902
genbase,SVM,16,0.026465028355387523,0.08628886756236587,0.43522744721688816,True,0.8431001890359168
genbase,SVM,17,0.062381852551984876,0.027723326799174844,0.51,False,1.0
genbase,SVM,18,0.013232514177693762,0.005714285714277489,0.51,False,1.0
genbase,SVM,19,0.007561436672967864,0.005,0.51,False,1.0
genbase,SVM,20,0.003780718336483932,0.16659999999999997,0.34840000000000004,True,0.7655954631379962
genbase,SVM,21,0.003780718336483932,0.21709999999999996,0.29790000000000005,True,0.7410207939508506
genbase,SVM,22,0.003780718336483932,0.18679999999999997,0.32820000000000005,True,0.725897920604915
genbase,SVM,23,0.001890359168241966,0.005,0.51,False,1.0
genbase,SVM,24,0.001890359168241966,0.005,0.51,False,1.0
genbase,SVM,25,0.0,0.005,0.51,False,1.0
genbase,SVM,26,0.003780718336483932,0.005,0.51,False,1.0
viruspseaac,SVM,0,0.041916167664670656,0.018404907975433184,0.51,False,0.9940119760479041
viruspseaac,SVM,1,0.15568862275449102,0.1736943661970948,0.40954507042250904,True,0.7005988023952096
viruspseaac,SVM,2,0.09580838323353294,0.09942624434383364,0.45401266968325005,True,0.718562874251497
viruspseaac,SVM,3,0.41317365269461076,0.36434127296315305,0.4890832601908536,True,0.7005988023952096
viruspseaac,SVM,4,0.40119760479041916,0.35459661205725584,0.4783718134298056,True,0.7065868263473054
viruspseaac,SVM,5,0.09580838323353294,0.16941040723977108,0.3840285067873126,True,0.718562874251497
chd49,MLP,0,0.6081081081081081,0.5415525920681552,0.6414377815054368,True,0.713963963963964
chd49,MLP,1,0.3130630630630631,0.2725085177455631,0.40625290566296135,True,0.704954954954955
chd49,MLP,2,0.38738738738738737,0.3510370673423758,0.45822567711218676,True,0.7162162162162162
chd49,MLP,3,0.02927927927927928,0.05254083769631803,0.47022094240837553,True,0.7364864864864865
chd49,MLP,4,0.481981981981982,0.44090972558125074,0.5288137134236873,True,0.713963963963964
chd49,MLP,5,0.7612612612612613,0.505660804768943,0.8658593144546359,True,0.7432432432432432
music,MLP,0,0.2917547568710359,0.22924240666888226,0.43081196085532536,True,0.7167019027484144
music,MLP,1,0.27906976744186046,0.22318814229230158,0.4291043478260337,True,0.7040169133192389
music,MLP,2,0.44608879492600423,0.355608571364913,0.5536518186761845,True,0.7019027484143763
music,MLP,3,0.25158562367864695,0.12592592592571583,0.51,False,0.7484143763213531
music,MLP,4,0.28118393234672306,0.2425110831232472,0.4110657430729819,True,0.7061310782241015
music,MLP,5,0.3192389006342495,0.19220424300413047,0.4976310296374964,True,0.7040169133192389
gpositivepseaac,MLP,0,0.3373493975903614,0.26642411212580835,0.4556166535732094,True,0.7132530120481928
gpositivepseaac,MLP,1,0.033734939759036145,0.2078926289926161,0.3168493857493772,True,0.7156626506024096
gpositivepseaac,MLP,2,0.40240963855421685,0.2239606615999421,0.6110820700457208,False,0.8048192771084337
gpositivepseaac,MLP,3,0.236144578313253,0.19559331476307662,0.4313983286907692,True,0.7036144578313253
genbase,MLP,0,0.11909262759924386,0.05476673427983491,0.51,False,0.9773156899810964
genbase,MLP,1,0.11531190926275993,0.05290546400685751,0.51,False,0.9867674858223062
genbase,MLP,2,0.09262759924385633,0.041916167664607436,0.51,False,0.9792060491493384
genbase,MLP,3,0.07372400756143667,0.03298562165205117,0.51,False,0.994328922495274
genbase,MLP,4,0.2589792060491493,0.13026941362894165,0.51,False,0.9905482041587902
genbase,MLP,5,0.035916824196597356,0.015715467328347638,0.51,False,0.8563327032136105
genbase,MLP,6,0.04725897920604915,0.03059966694418321,0.5002163197335547,True,0.7466918714555766
genbase,MLP,7,0.07750472589792061,0.0347555806724544,0.51,False,0.994328922495274
genbase,MLP,8,0.007561436672967864,0.16154999999999997,0.35345000000000004,True,0.7107750472589792
genbase,MLP,9,0.09829867674858223,0.044635193132979645,0.51,False,0.9565217391304348
genbase,MLP,10,0.04914933837429111,0.021672686857428552,0.51,False,0.8827977315689981
genbase,MLP,11,0.043478260869565216,0.024017197452201582,0.5050910828025476,True,0.7996219281663516
genbase,MLP,12,0.054820415879017016,0.024254251463582857,0.51,False,0.8090737240075614
genbase,MLP,13,0.020793950850661626,0.009018857611356188,0.51,False,0.7315689981096408
genbase,MLP,14,0.022684310018903593,0.0598645690834345,0.45998495212038154,True,0.7145557655954632
genbase,MLP,15,0.007561436672967864,0.20194999999999996,0.31305000000000005,True,0.7145557655954632
genbase,MLP,16,0.026465028355387523,0.061364683301328556,0.4601516314779255,True,0.7315689981096408
genbase,MLP,17,0.062381852551984876,0.027723326799174844,0.51,False,0.9716446124763705
genbase,MLP,18,0.013232514177693762,0.01579999999999194,0.49991428571428553,True,0.8809073724007561
genbase,MLP,19,0.007561436672967864,0.13124999999999998,0.38375000000000004,True,0.7164461247637051
genbase,MLP,20,0.003780718336483932,0.015099999999999999,0.4999,True,0.7126654064272212
genbase,MLP,21,0.003780718336483932,0.015099999999999999,0.4999,True,0.720226843100189
genbase,MLP,22,0.003780718336483932,0.015099999999999999,0.4999,True,0.8071833648393195
genbase,MLP,23,0.001890359168241966,0.005,0.51,False,1.0
genbase,MLP,24,0.001890359168241966,0.005,0.51,False,1.0
genbase,MLP,25,0.0,0.005,0.51,False,1.0
genbase,MLP,26,0.003780718336483932,0.020149999999999998,0.49485,True,1.0
viruspseaac,MLP,0,0.041916167664670656,0.018404907975433184,0.51,False,0.9940119760479041
viruspseaac,MLP,1,0.15568862275449102,0.20863521126752663,0.37460422535207744,True,0.7005988023952096
viruspseaac,MLP,2,0.09580838323353294,0.16007918552031275,0.3933597285067709,True,0.7065868263473054
viruspseaac,MLP,3,0.41317365269461076,0.37993402136661564,0.473490511787391,True,0.7125748502994012
viruspseaac,MLP,4,0.40119760479041916,0.33138876179990256,0.5015796636871589,True,0.7065868263473054
viruspseaac,MLP,5,0.09580838323353294,0.1647447963800419,0.38869411764704176,True,0.7005988023952096
