Dataset,Model,Base_Learner,Selective_Macro_F1_Mean,Selective_Macro_F1_Std,Coverage_Mean,Coverage_Std,Subset_Accuracy_Mean,Hamming_Loss_Mean,Selective_Micro_F1_Mean,Fit_Time_Mean
emotions,GSI_v6_3_2,logistic,0.749918092438971,0.025285791896669605,0.7417308815001826,0.024907087590048983,0.2977756794386041,0.20082905909411736,0.7580023457511855,0.19724860191345214
emotions,GSI_v6_3_3,logistic,0.7447289052984247,0.02464519863567891,0.7401154011193817,0.019831566354654294,0.2928163298451082,0.20304917478266918,0.7501191808448551,0.20792827606201172
scene,GSI_v6_3_2,logistic,0.7967779635383455,0.015159380168974687,0.7533956550899694,0.011532690907965956,0.5480718358065964,0.10724233984022886,0.7902504268820175,2.1615757942199707
scene,GSI_v6_3_3,logistic,0.7967779635383455,0.015159380168974687,0.7536041340040851,0.011764274913511456,0.5480718358065964,0.10724233984022886,0.7902504268820175,2.298608636856079
yeast,GSI_v6_3_2,logistic,0.42837410621070154,0.006913140788155018,0.6732116715964847,0.01174621912585493,0.1515096714481184,0.20910759832750508,0.5868523567237519,3.37941837310791
yeast,GSI_v6_3_3,logistic,0.4638130927278736,0.011802462328332161,0.6357591389825827,0.015565141772103747,0.14736104916569406,0.2086330228752325,0.6599019330046918,3.508190059661865
plantpseaac,GSI_v6_3_2,logistic,0.2684895216013226,0.0274334216905843,0.6819913177707997,0.006131399247947533,0.15325864911649395,0.10137815830755983,0.43146043186327415,1.5107722759246827
plantpseaac,GSI_v6_3_3,logistic,0.2676479396548372,0.02789484721977561,0.6842054330273779,0.006137409458525303,0.15325864911649395,0.10137815830755983,0.4291979773268878,1.5005189895629882
humanpseaac,GSI_v6_3_2,logistic,0.2379738004893664,0.020390871876239038,0.7015973350893626,0.002868996469586075,0.18797364563244778,0.09137216854386936,0.4735857906137098,5.836347532272339
humanpseaac,GSI_v6_3_3,logistic,0.2373739614481063,0.020398467809216343,0.7034806247896085,0.002882219917933794,0.18797364563244778,0.09137216854386936,0.47125668550896005,5.779570484161377
chd49,GSI_v6_3_2,logistic,0.4671657752590998,0.06694192765336232,0.6808432834748626,0.025633765019048002,0.1622095779990517,0.2919503714240556,0.5689548102773282,0.21552438735961915
chd49,GSI_v6_3_3,logistic,0.5078446740203149,0.06266086962208378,0.6432328979697401,0.05817601140911041,0.17649984913142808,0.2901428222480854,0.663132092900967,0.21620311737060546
music,GSI_v6_3_2,logistic,0.7616654403617165,0.0267647067218912,0.7314671573395402,0.024532367854867135,0.3040108003218671,0.19433754089785996,0.7730237828653225,0.20104098320007324
music,GSI_v6_3_3,logistic,0.7515184421517301,0.028117139816688612,0.7286324786324786,0.027492372723678476,0.3040250433071968,0.19518266527239608,0.7598972809231135,0.19978642463684082
gpositivepseaac,GSI_v6_3_2,logistic,0.6677128530176368,0.08275158168518278,0.7308392457057507,0.05136267195785897,0.6241971620612397,0.14693334578043316,0.7851222863134524,0.3059192180633545
gpositivepseaac,GSI_v6_3_3,logistic,0.6705868530747346,0.0829773410406404,0.7288928304705002,0.048058386164412756,0.6126587005227782,0.14789021657953696,0.7851520518920857,0.3111879348754883
genbase,GSI_v6_3_2,logistic,0.7562187892622675,0.03756487916241866,0.9427541918769989,0.00624785233791472,0.9758373205741627,0.0010628422909124662,0.9938641313787633,1.0818169116973877
genbase,GSI_v6_3_3,logistic,0.7562187892622675,0.03756487916241866,0.9427541918769989,0.00624785233791472,0.9758373205741627,0.0010628422909124662,0.9938641313787633,1.0422467231750487
viruspseaac,GSI_v6_3_2,logistic,0.45836645705928714,0.04655240557224884,0.7355313721592791,0.04625757781491457,0.2409202941761081,0.20955393228649047,0.5162123577874589,0.28130855560302737
viruspseaac,GSI_v6_3_3,logistic,0.4635465604401531,0.029803199331718353,0.7701363214735308,0.03422988965661257,0.2641612005565494,0.20790267011197244,0.48422275229478623,0.2555284023284912
