Tập dữ liệu,Bộ học,N,K,K_IL_1,Nhãn IL_1,K_IL_2,Nhãn IL_2,K_IL_3,Nhãn IL_3,Tổng K_IL,Tỷ lệ IL (%),K_DL,Nhãn Residual DL,BR Selective-F1,BR Coverage,Thời gian (s),Lý do dừng
emotions,SVM,593,6,3,"[2, 3, 5]",0,[],0,[],3,50.0%,3,"[0, 1, 4]",0.8160,65.9%,0.50s,no_promotion_in_stage
scene,SVM,2407,6,2,"[1, 3]",0,[],0,[],2,33.3%,4,"[0, 4, 2, 5]",0.8583,93.2%,5.91s,no_promotion_in_stage
chd49,SVM,555,6,2,"[0, 5]",0,[],0,[],2,33.3%,4,"[4, 3, 1, 2]",0.8782,56.0%,0.63s,no_promotion_in_stage
music,SVM,592,6,3,"[2, 3, 5]",0,[],0,[],3,50.0%,3,"[0, 1, 4]",0.8179,66.7%,0.48s,no_promotion_in_stage
gpositivepseaac,SVM,519,4,1,[2],0,[],0,[],1,25.0%,3,"[1, 3, 0]",0.7830,69.7%,0.80s,no_promotion_in_stage
genbase,SVM,662,27,20,"[0, 1, 2, 3, 4, 5, 6, 7, 8, 9, 10, 11, 12, 13, 14, 15, 16, 17, 18, 19]",2,"[21, 26]",0,[],22,81.5%,5,"[24, 25, 20, 23, 22]",0.9841,100.0%,1.68s,no_promotion_in_stage
humanpseaac,SVM,3106,14,0,[],0,[],0,[],0,0.0%,14,"[13, 3, 11, 8, 2, 0, 7, 6, 4, 12, 1, 9, 5, 10]",—,—,9.10s,no_promotion_in_stage
plantpseaac,SVM,978,12,0,[],0,[],0,[],0,0.0%,12,"[6, 9, 4, 5, 1, 10, 11, 0, 3, 8, 7, 2]",—,—,2.27s,no_promotion_in_stage
viruspseaac,SVM,207,6,1,[0],0,[],0,[],1,16.7%,5,"[5, 2, 1, 4, 3]",1.0000,99.5%,0.73s,no_promotion_in_stage
yeast,SVM,2417,14,2,"[11, 12]",0,[],0,[],2,14.3%,12,"[13, 8, 10, 9, 0, 4, 1, 6, 5, 2, 7, 3]",0.8706,81.6%,5.73s,no_promotion_in_stage
emotions,MLP,593,6,1,[3],0,[],0,[],1,16.7%,5,"[1, 4, 0, 2, 5]",0.7883,77.9%,3.33s,no_promotion_in_stage
scene,MLP,2407,6,2,"[1, 3]",0,[],0,[],2,33.3%,4,"[0, 4, 2, 5]",0.8102,91.9%,1.63s,no_promotion_in_stage
chd49,MLP,555,6,2,"[0, 5]",0,[],0,[],2,33.3%,4,"[4, 3, 1, 2]",0.8232,68.0%,1.57s,no_promotion_in_stage
music,MLP,592,6,1,[3],0,[],0,[],1,16.7%,5,"[1, 4, 0, 2, 5]",0.7660,77.2%,1.70s,no_promotion_in_stage
gpositivepseaac,MLP,519,4,2,"[0, 2]",0,[],0,[],2,50.0%,2,"[1, 3]",0.8060,83.7%,0.96s,no_promotion_in_stage
genbase,MLP,662,27,9,"[0, 1, 3, 4, 7, 9, 10, 11, 12]",4,"[2, 5, 6, 17]",0,[],13,48.1%,14,"[25, 24, 20, 21, 26, 8, 13, 16, 15, 23, 22, 18, 19, 14]",0.9184,95.7%,9.20s,no_promotion_in_stage
humanpseaac,MLP,3106,14,0,[],0,[],0,[],0,0.0%,14,"[13, 3, 11, 8, 2, 0, 7, 6, 4, 12, 1, 9, 5, 10]",—,—,2.39s,no_promotion_in_stage
plantpseaac,MLP,978,12,0,[],0,[],0,[],0,0.0%,12,"[6, 9, 4, 5, 1, 10, 11, 0, 3, 8, 7, 2]",—,—,2.29s,no_promotion_in_stage
viruspseaac,MLP,207,6,1,[0],0,[],0,[],1,16.7%,5,"[5, 2, 1, 4, 3]",1.0000,99.5%,2.15s,no_promotion_in_stage
yeast,MLP,2417,14,2,"[11, 12]",0,[],0,[],2,14.3%,12,"[13, 8, 10, 9, 0, 4, 1, 6, 5, 2, 7, 3]",0.8855,63.0%,5.01s,no_promotion_in_stage
