Dataset,Model,Scope,Cost,Fold,AABS,ABS,Coverage,Generalized Loss,Hamming Accuracy,Instance-F1,Macro-F1,Micro-F1,Selective Hamming Accuracy,Selective Instance-F1,Selective Macro-F1,Selective Micro-F1,Subset Accuracy
emotions,BSS_UG_SPCC_PA_Logistic,Full,,1,,,,,0.8087431693989071,0.6038251366120219,0.6287379476265954,0.6551724137931034,,,,,0.3114754098360656
emotions,BSS_UG_SPCC_PA_Logistic,Full,,2,,,,,0.8067226890756303,0.5467787114845938,0.6197962531295864,0.6310160427807486,,,,,0.2689075630252101
emotions,BSS_UG_SPCC_PA_Logistic,Full,,3,,,,,0.7981029810298104,0.5644986449864499,0.5944263001275919,0.6339066339066339,,,,,0.24390243902439024
emotions,BSS_UG_SPCC_PA_Logistic,Full,,4,,,,,0.8013888888888889,0.5741666666666667,0.6209197807558463,0.6433915211970075,,,,,0.24166666666666667
emotions,BSS_UG_SPCC_PA_Logistic,Full,,5,,,,,0.7889908256880733,0.5779816513761468,0.6135201773529668,0.6443298969072165,,,,,0.29357798165137616
emotions,BSS_UG_SPCC_PA_Logistic,Selective,0.20,1,0.44808743169398907,0.9426229508196722,0.5519125683060109,0.15109289617486338,,,,,0.8886138613861386,0.7560109289617486,0.5976769335001042,0.697986577181208,
emotions,BSS_UG_SPCC_PA_Logistic,Selective,0.20,2,0.5,0.9831932773109243,0.5,0.13641456582633052,,,,,0.927170868347339,0.838655462184874,0.4596223522853958,0.723404255319149,
emotions,BSS_UG_SPCC_PA_Logistic,Selective,0.20,3,0.45257452574525747,0.959349593495935,0.5474254742547425,0.1392953929539295,,,,,0.9108910891089109,0.7669376693766938,0.6131389939028272,0.7428571428571429,
emotions,BSS_UG_SPCC_PA_Logistic,Selective,0.20,4,0.4777777777777778,0.9916666666666667,0.5222222222222223,0.13166666666666668,,,,,0.9308510638297872,0.8455555555555556,0.61489898989899,0.7678571428571429,
emotions,BSS_UG_SPCC_PA_Logistic,Selective,0.20,5,0.4510703363914373,0.981651376146789,0.5489296636085627,0.13914373088685014,,,,,0.9108635097493036,0.7929663608562691,0.6541607642294142,0.7377049180327869,
emotions,BSS_UG_SPCC_PA_Logistic,Selective,0.25,1,0.35655737704918034,0.8852459016393442,0.6434426229508197,0.16974043715846995,,,,,0.8747346072186837,0.7128415300546448,0.5998671044402751,0.6775956284153005,
emotions,BSS_UG_SPCC_PA_Logistic,Selective,0.25,2,0.40756302521008403,0.9495798319327731,0.592436974789916,0.14950980392156862,,,,,0.9196217494089834,0.8050420168067227,0.5957629115523851,0.7424242424242424,
emotions,BSS_UG_SPCC_PA_Logistic,Selective,0.25,3,0.35772357723577236,0.943089430894309,0.6422764227642277,0.15718157181571815,,,,,0.8945147679324894,0.7208672086720868,0.6533645088330583,0.7282608695652174,
emotions,BSS_UG_SPCC_PA_Logistic,Selective,0.25,4,0.4,0.975,0.6,0.14722222222222223,,,,,0.9212962962962963,0.8136111111111112,0.609644146781828,0.7605633802816901,
emotions,BSS_UG_SPCC_PA_Logistic,Selective,0.25,5,0.3730886850152905,0.9541284403669725,0.6269113149847095,0.1529051987767584,,,,,0.9048780487804878,0.7899082568807339,0.6704485862664636,0.7547169811320755,
emotions,BSS_UG_SPCC_PA_Logistic,Selective,0.30,1,0.2773224043715847,0.8114754098360656,0.7226775956284153,0.17472677595628414,,,,,0.8733459357277883,0.6833333333333333,0.637834068444839,0.7074235807860262,
emotions,BSS_UG_SPCC_PA_Logistic,Selective,0.30,2,0.3319327731092437,0.9327731092436975,0.6680672268907563,0.1668067226890756,,,,,0.89937106918239,0.7378151260504201,0.5909106477128917,0.7073170731707317,
emotions,BSS_UG_SPCC_PA_Logistic,Selective,0.30,3,0.2791327913279133,0.8617886178861789,0.7208672086720868,0.1785907859078591,,,,,0.868421052631579,0.6590785907859078,0.6288202797825894,0.6982758620689655,
emotions,BSS_UG_SPCC_PA_Logistic,Selective,0.30,4,0.3111111111111111,0.8833333333333333,0.6888888888888889,0.1613888888888889,,,,,0.9012096774193549,0.7558333333333334,0.6032748538011696,0.7379679144385026,
emotions,BSS_UG_SPCC_PA_Logistic,Selective,0.30,5,0.2874617737003058,0.8623853211009175,0.7125382262996942,0.1703363914373089,,,,,0.8819742489270386,0.7085626911314985,0.6692040736652741,0.7393364928909952,
emotions,BSS_UG_SPCC_PA_Logistic,Selective,0.35,1,0.1994535519125683,0.7213114754098361,0.8005464480874317,0.17773224043715843,,,,,0.8651877133105802,0.6532786885245901,0.672525740496755,0.7106227106227107,
emotions,BSS_UG_SPCC_PA_Logistic,Selective,0.35,2,0.2507002801120448,0.865546218487395,0.7492997198879552,0.17878151260504196,,,,,0.8785046728971962,0.681232492997199,0.5865315588297805,0.6889952153110048,
emotions,BSS_UG_SPCC_PA_Logistic,Selective,0.35,3,0.1991869918699187,0.7398373983739838,0.8008130081300813,0.18624661246612464,,,,,0.8544839255499154,0.6246612466124661,0.6287915629214649,0.6861313868613139,
emotions,BSS_UG_SPCC_PA_Logistic,Selective,0.35,4,0.22083333333333333,0.7833333333333333,0.7791666666666667,0.17590277777777777,,,,,0.8734402852049911,0.6588888888888889,0.5988743000804712,0.6978723404255319,
emotions,BSS_UG_SPCC_PA_Logistic,Selective,0.35,5,0.21559633027522937,0.8073394495412844,0.7844036697247706,0.19013761467889906,,,,,0.8538011695906433,0.6587155963302753,0.6454828248945895,0.7035573122529645,
emotions,BSS_UG_SPCC_PA_Logistic,Selective,0.40,1,0.1407103825136612,0.5901639344262295,0.8592896174863388,0.19016393442622953,,,,,0.8441971383147854,0.6021857923497268,0.6502805377470137,0.6797385620915033,
emotions,BSS_UG_SPCC_PA_Logistic,Selective,0.40,2,0.1722689075630252,0.7310924369747899,0.8277310924369747,0.18375350140056024,,,,,0.8612521150592216,0.6316526610644259,0.6325184945773181,0.6821705426356589,
emotions,BSS_UG_SPCC_PA_Logistic,Selective,0.40,3,0.12872628726287264,0.6016260162601627,0.8712737127371274,0.1910569105691057,,,,,0.8398133748055987,0.6170731707317073,0.6316741693048312,0.683076923076923,
emotions,BSS_UG_SPCC_PA_Logistic,Selective,0.40,4,0.14305555555555555,0.6,0.8569444444444444,0.18222222222222226,,,,,0.8541329011345219,0.6013888888888889,0.6264411354928596,0.6875,
emotions,BSS_UG_SPCC_PA_Logistic,Selective,0.40,5,0.14984709480122324,0.6605504587155964,0.8501529051987767,0.19908256880733943,,,,,0.8363309352517986,0.6278287461773701,0.6581640753690299,0.6976744186046512,
music,BSS_UG_SPCC_PA_Logistic,Full,,1,,,,,0.8095238095238095,0.5837535014005603,0.6267856414761986,0.6530612244897959,,,,,0.3025210084033613
music,BSS_UG_SPCC_PA_Logistic,Full,,2,,,,,0.792022792022792,0.5846153846153846,0.5993812850972161,0.6403940886699507,,,,,0.3162393162393162
music,BSS_UG_SPCC_PA_Logistic,Full,,3,,,,,0.8206214689265536,0.6446327683615818,0.662991371547244,0.6894865525672371,,,,,0.3220338983050847
music,BSS_UG_SPCC_PA_Logistic,Full,,4,,,,,0.819327731092437,0.6322128851540617,0.6682745309162098,0.684596577017115,,,,,0.31092436974789917
music,BSS_UG_SPCC_PA_Logistic,Full,,5,,,,,0.8165266106442577,0.615686274509804,0.6533448241599448,0.674937965260546,,,,,0.29411764705882354
music,BSS_UG_SPCC_PA_Logistic,Selective,0.20,1,0.5042016806722689,1.0,0.4957983193277311,0.13165266106442577,,,,,0.9378531073446328,0.8263305322128851,0.6078608667318345,0.7708333333333334,
music,BSS_UG_SPCC_PA_Logistic,Selective,0.20,2,0.4415954415954416,0.9572649572649573,0.5584045584045584,0.14245014245014248,,,,,0.903061224489796,0.7558404558404559,0.6408493455861878,0.7285714285714285,
music,BSS_UG_SPCC_PA_Logistic,Selective,0.20,3,0.4590395480225989,0.9745762711864406,0.5409604519774012,0.13559322033898308,,,,,0.9190600522193212,0.8189265536723164,0.6667446393762182,0.7394957983193278,
music,BSS_UG_SPCC_PA_Logistic,Selective,0.20,4,0.4523809523809524,0.9495798319327731,0.5476190476190477,0.13669467787114845,,,,,0.9156010230179028,0.838935574229692,0.7007565419330125,0.717948717948718,
music,BSS_UG_SPCC_PA_Logistic,Selective,0.20,5,0.47198879551820727,0.9915966386554622,0.5280112044817927,0.1350140056022409,,,,,0.9230769230769231,0.8288515406162466,0.5754490658943675,0.7642276422764228,
music,BSS_UG_SPCC_PA_Logistic,Selective,0.25,1,0.41316526610644255,0.9831932773109243,0.5868347338935574,0.14670868347338936,,,,,0.9260143198090692,0.7977591036414566,0.639057239057239,0.7737226277372263,
music,BSS_UG_SPCC_PA_Logistic,Selective,0.25,2,0.349002849002849,0.9230769230769231,0.6509971509971509,0.16844729344729345,,,,,0.87527352297593,0.7088319088319088,0.6241915942487637,0.7046632124352331,
music,BSS_UG_SPCC_PA_Logistic,Selective,0.25,3,0.3728813559322034,0.940677966101695,0.6271186440677966,0.1483050847457627,,,,,0.9121621621621622,0.773728813559322,0.6850855203029117,0.7664670658682635,
music,BSS_UG_SPCC_PA_Logistic,Selective,0.25,4,0.3557422969187675,0.9243697478991597,0.6442577030812325,0.15196078431372548,,,,,0.9021739130434783,0.7784313725490196,0.6848199621654999,0.7368421052631579,
music,BSS_UG_SPCC_PA_Logistic,Selective,0.25,5,0.37675070028011204,0.957983193277311,0.623249299719888,0.15301120448179273,,,,,0.9056179775280899,0.7582633053221288,0.6581640581640582,0.7307692307692307,
music,BSS_UG_SPCC_PA_Logistic,Selective,0.30,1,0.34173669467787116,0.9327731092436975,0.6582633053221288,0.1613445378151261,,,,,0.9106382978723404,0.7551820728291317,0.6462741689928242,0.7529411764705882,
music,BSS_UG_SPCC_PA_Logistic,Selective,0.30,2,0.27350427350427353,0.8290598290598291,0.7264957264957265,0.17749287749287745,,,,,0.8686274509803922,0.6715099715099715,0.6469416785206259,0.70995670995671,
music,BSS_UG_SPCC_PA_Logistic,Selective,0.30,3,0.2867231638418079,0.8813559322033898,0.713276836158192,0.15946327683615819,,,,,0.897029702970297,0.7508474576271186,0.7119161540214171,0.7657657657657657,
music,BSS_UG_SPCC_PA_Logistic,Selective,0.30,4,0.25910364145658266,0.8487394957983193,0.7408963585434174,0.16036414565826335,,,,,0.888468809073724,0.7403361344537814,0.6881187459469614,0.7354260089686099,
music,BSS_UG_SPCC_PA_Logistic,Selective,0.30,5,0.2773109243697479,0.7983193277310925,0.7226890756302521,0.1658263305322129,,,,,0.8856589147286822,0.7165266106442577,0.6897470721000132,0.728110599078341,
music,BSS_UG_SPCC_PA_Logistic,Selective,0.35,1,0.22408963585434175,0.8151260504201681,0.7759103641456583,0.17226890756302515,,,,,0.8790613718411553,0.619047619047619,0.6299552299552299,0.7172995780590717,
music,BSS_UG_SPCC_PA_Logistic,Selective,0.35,2,0.2022792022792023,0.7264957264957265,0.7977207977207977,0.19188034188034184,,,,,0.8482142857142857,0.6441595441595442,0.6257791859708236,0.6863468634686347,
music,BSS_UG_SPCC_PA_Logistic,Selective,0.35,3,0.2175141242937853,0.7457627118644068,0.7824858757062146,0.17076271186440675,,,,,0.8790613718411553,0.7163841807909604,0.6896891833542723,0.7490636704119851,
music,BSS_UG_SPCC_PA_Logistic,Selective,0.35,4,0.18907563025210083,0.7647058823529411,0.8109243697478992,0.16841736694677864,,,,,0.8739205526770294,0.7005602240896359,0.7056786893538329,0.7326007326007326,
music,BSS_UG_SPCC_PA_Logistic,Selective,0.35,5,0.21288515406162464,0.7226890756302521,0.7871148459383753,0.17675070028011206,,,,,0.8701067615658363,0.6742296918767507,0.6777980236746707,0.7114624505928854,
music,BSS_UG_SPCC_PA_Logistic,Selective,0.40,1,0.14425770308123248,0.6218487394957983,0.8557422969187675,0.17535014005602242,,,,,0.8625204582651391,0.6128851540616247,0.6414033475866946,0.704225352112676,
music,BSS_UG_SPCC_PA_Logistic,Selective,0.40,2,0.1225071225071225,0.5811965811965812,0.8774928774928775,0.20000000000000004,,,,,0.827922077922078,0.6316239316239317,0.608010125822848,0.66875,
music,BSS_UG_SPCC_PA_Logistic,Selective,0.40,3,0.14548022598870056,0.6016949152542372,0.8545197740112994,0.18248587570621475,,,,,0.8545454545454545,0.6703389830508475,0.6837681115946811,0.7267080745341615,
music,BSS_UG_SPCC_PA_Logistic,Selective,0.40,4,0.12184873949579832,0.6134453781512605,0.8781512605042017,0.17899159663865546,,,,,0.8516746411483254,0.6621848739495799,0.6831884214880558,0.7102803738317757,
music,BSS_UG_SPCC_PA_Logistic,Selective,0.40,5,0.13865546218487396,0.5462184873949579,0.8613445378151261,0.18711484593837543,,,,,0.8471544715447155,0.6207282913165265,0.6541849925308572,0.6824324324324325,
scene,BSS_UG_SPCC_PA_Logistic,Full,,1,,,,,0.9029227557411273,0.6450939457202505,0.7093642433524386,0.7066246056782335,,,,,0.5657620041753654
scene,BSS_UG_SPCC_PA_Logistic,Full,,2,,,,,0.9159693165969317,0.7064156206415619,0.7556821283628322,0.7481713688610241,,,,,0.6506276150627615
scene,BSS_UG_SPCC_PA_Logistic,Full,,3,,,,,0.9043715846994536,0.6246584699453552,0.705619934123679,0.6995708154506438,,,,,0.5676229508196722
scene,BSS_UG_SPCC_PA_Logistic,Full,,4,,,,,0.8977823977823978,0.6271656271656271,0.6910468158028925,0.6851654215581644,,,,,0.5550935550935551
scene,BSS_UG_SPCC_PA_Logistic,Full,,5,,,,,0.9064449064449065,0.6548856548856549,0.7195715813802083,0.7145877378435518,,,,,0.5925155925155925
scene,BSS_UG_SPCC_PA_Logistic,Selective,0.20,1,0.20285316631871955,0.7348643006263048,0.7971468336812805,0.07049408489909535,,,,,0.9624618070711479,0.8559498956158664,0.7275287092034665,0.8185654008438819,
scene,BSS_UG_SPCC_PA_Logistic,Selective,0.20,2,0.17398884239888424,0.6255230125523012,0.8260111576011158,0.06338912133891214,,,,,0.9653862389193753,0.8702928870292888,0.7757543304357583,0.842911877394636,
scene,BSS_UG_SPCC_PA_Logistic,Selective,0.20,3,0.20491803278688525,0.7315573770491803,0.7950819672131147,0.06728142076502733,,,,,0.9669243986254296,0.8647540983606558,0.7902504121595281,0.8372093023255814,
scene,BSS_UG_SPCC_PA_Logistic,Selective,0.20,4,0.18364518364518365,0.6860706860706861,0.8163548163548163,0.07553707553707555,,,,,0.9524617996604414,0.817047817047817,0.7520907749945017,0.7803921568627451,
scene,BSS_UG_SPCC_PA_Logistic,Selective,0.20,5,0.19265419265419265,0.7297297297297297,0.8073458073458073,0.07075537075537076,,,,,0.9600858369098713,0.8485793485793485,0.7626218376974386,0.8066528066528067,
scene,BSS_UG_SPCC_PA_Logistic,Selective,0.25,1,0.1583159359777314,0.651356993736952,0.8416840640222686,0.08133263743910926,,,,,0.9503927242662257,0.8044537230340988,0.7150981391380139,0.782608695652174,
scene,BSS_UG_SPCC_PA_Logistic,Selective,0.25,2,0.13668061366806136,0.5418410041841004,0.8633193863319386,0.07112970711297072,,,,,0.9571890145395799,0.8396094839609484,0.7659619302266361,0.8221476510067114,
scene,BSS_UG_SPCC_PA_Logistic,Selective,0.25,3,0.1560792349726776,0.6290983606557377,0.8439207650273224,0.07624658469945356,,,,,0.9558883043302306,0.819672131147541,0.7807947265860218,0.8077601410934744,
scene,BSS_UG_SPCC_PA_Logistic,Selective,0.25,4,0.14760914760914762,0.5987525987525988,0.8523908523908524,0.08298683298683299,,,,,0.9459349593495935,0.7879417879417879,0.7521788751740632,0.7678883071553229,
scene,BSS_UG_SPCC_PA_Logistic,Selective,0.25,5,0.15627165627165626,0.6444906444906445,0.8437283437283437,0.07960845460845462,,,,,0.9519507186858316,0.8146223146223147,0.7563062944881128,0.7891891891891892,
scene,BSS_UG_SPCC_PA_Logistic,Selective,0.30,1,0.12526096033402923,0.5469728601252609,0.8747390396659708,0.08698677800974251,,,,,0.94351630867144,0.7821851078636046,0.7406325761081604,0.7731629392971247,
scene,BSS_UG_SPCC_PA_Logistic,Selective,0.30,2,0.1000697350069735,0.4560669456066946,0.8999302649930265,0.0767433751743375,,,,,0.948082138705928,0.806136680613668,0.7674734810155505,0.8023598820058997,
scene,BSS_UG_SPCC_PA_Logistic,Selective,0.30,3,0.11885245901639344,0.5471311475409836,0.8811475409836066,0.08346994535519126,,,,,0.9457364341085271,0.7786885245901639,0.762105860544059,0.7777777777777778,
scene,BSS_UG_SPCC_PA_Logistic,Selective,0.30,4,0.11607761607761607,0.501039501039501,0.8839223839223839,0.09164934164934165,,,,,0.9357114856918856,0.7477477477477478,0.7378532456716852,0.7469135802469136,
scene,BSS_UG_SPCC_PA_Logistic,Selective,0.30,5,0.12439362439362439,0.5613305613305614,0.8756063756063756,0.08478863478863478,,,,,0.9457855164226355,0.7875952875952876,0.7545415723351582,0.7800963081861958,
scene,BSS_UG_SPCC_PA_Logistic,Selective,0.35,1,0.0883785664578984,0.4154488517745303,0.9116214335421016,0.09008350730688934,,,,,0.9351145038167938,0.7466945024356297,0.7480460433995867,0.7645429362880887,
scene,BSS_UG_SPCC_PA_Logistic,Selective,0.35,2,0.07322175732217573,0.35355648535564854,0.9267782426778243,0.08106694560669456,,,,,0.9401805869074492,0.7761506276150628,0.7684428376281565,0.7871485943775101,
scene,BSS_UG_SPCC_PA_Logistic,Selective,0.35,3,0.08709016393442623,0.4364754098360656,0.9129098360655737,0.08990778688524591,,,,,0.9349046015712682,0.7274590163934426,0.7446812196020769,0.7521367521367521,
scene,BSS_UG_SPCC_PA_Logistic,Selective,0.35,4,0.08385308385308385,0.39293139293139295,0.9161469161469161,0.09414414414414414,,,,,0.9292738275340393,0.7221067221067221,0.7397794715905822,0.7420689655172413,
scene,BSS_UG_SPCC_PA_Logistic,Selective,0.35,5,0.08974358974358974,0.44490644490644493,0.9102564102564102,0.08927581427581427,,,,,0.9364293871336125,0.7484407484407485,0.7510894063525643,0.7657784011220197,
scene,BSS_UG_SPCC_PA_Logistic,Selective,0.40,1,0.05775922059846903,0.2985386221294363,0.942240779401531,0.09373695198329852,,,,,0.9250369276218612,0.7139874739039666,0.731767296949569,0.7414012738853503,
scene,BSS_UG_SPCC_PA_Logistic,Selective,0.40,2,0.04358437935843794,0.22384937238493724,0.956415620641562,0.08333333333333333,,,,,0.9310973386802771,0.7447698744769874,0.7688598977325777,0.7720144752714113,
scene,BSS_UG_SPCC_PA_Logistic,Selective,0.40,3,0.05669398907103825,0.30327868852459017,0.9433060109289617,0.09542349726775957,,,,,0.9228819695872557,0.6885245901639344,0.7265525614786384,0.7272727272727273,
scene,BSS_UG_SPCC_PA_Logistic,Selective,0.40,4,0.0550935550935551,0.27442827442827444,0.9449064449064449,0.09757449757449758,,,,,0.92005867253392,0.683991683991684,0.7244087964659033,0.7219387755102041,
scene,BSS_UG_SPCC_PA_Logistic,Selective,0.40,5,0.05751905751905752,0.316008316008316,0.9424809424809425,0.09092169092169092,,,,,0.9279411764705883,0.7085932085932086,0.7472086008917628,0.7531486146095718,
yeast,BSS_UG_SPCC_PA_Logistic,Full,,1,,,,,0.7997054491899853,0.6069766430591174,0.33582363004041305,0.631236442516269,,,,,0.15876288659793814
yeast,BSS_UG_SPCC_PA_Logistic,Full,,2,,,,,0.7960235640648012,0.6026408642903489,0.33389099697447083,0.6267852330908111,,,,,0.16494845360824742
yeast,BSS_UG_SPCC_PA_Logistic,Full,,3,,,,,0.8023012552301255,0.6174120045458956,0.3396887609772805,0.6425290462037287,,,,,0.16108786610878661
yeast,BSS_UG_SPCC_PA_Logistic,Full,,4,,,,,0.8002371072910492,0.6122438073682888,0.3369713187755824,0.6340933767643865,,,,,0.16182572614107885
yeast,BSS_UG_SPCC_PA_Logistic,Full,,5,,,,,0.8018480492813141,0.6052060761506346,0.3419306367251744,0.6323809523809524,,,,,0.15195071868583163
yeast,BSS_UG_SPCC_PA_Logistic,Selective,0.20,1,0.4500736377025037,0.9835051546391752,0.5499263622974964,0.1442120765832106,,,,,0.9014461703267274,0.6536323470344089,0.31207245807294054,0.623721881390593,
yeast,BSS_UG_SPCC_PA_Logistic,Selective,0.20,2,0.44624447717231225,0.9876288659793815,0.5537555228276878,0.14550810014727542,,,,,0.8984042553191489,0.6312534773359516,0.3082983545958336,0.629126213592233,
yeast,BSS_UG_SPCC_PA_Logistic,Selective,0.20,3,0.4442618051404662,0.9895397489539749,0.5557381948595338,0.14548714883442918,,,,,0.8980908846464103,0.6384439131301056,0.29382505784123036,0.6221335992023929,
yeast,BSS_UG_SPCC_PA_Logistic,Selective,0.20,4,0.4350918790752816,0.9854771784232366,0.5649081209247184,0.14496147006520452,,,,,0.8974291710388248,0.6376605413949812,0.31878239678161363,0.6555066079295154,
yeast,BSS_UG_SPCC_PA_Logistic,Selective,0.20,5,0.45541214432384863,0.9876796714579056,0.5445878556761513,0.14403050748019947,,,,,0.9027740371667116,0.6569961865649749,0.3162773269601103,0.6379137412236711,
yeast,BSS_UG_SPCC_PA_Logistic,Selective,0.25,1,0.3316642120765832,0.9587628865979382,0.6683357879234167,0.16568483063328424,,,,,0.876156897311591,0.6158185686020737,0.3117324544302131,0.6517967781908303,
yeast,BSS_UG_SPCC_PA_Logistic,Selective,0.25,2,0.3378497790868925,0.977319587628866,0.6621502209131075,0.16399116347569956,,,,,0.8798932384341637,0.6010313741241576,0.3296472267457226,0.6711327649208283,
yeast,BSS_UG_SPCC_PA_Logistic,Selective,0.25,3,0.32890017931858934,0.9623430962343096,0.6710998206814106,0.16336670651524207,,,,,0.8790915163660654,0.6380769741648402,0.3194693082780268,0.6691042047531993,
yeast,BSS_UG_SPCC_PA_Logistic,Selective,0.25,4,0.31802015411973916,0.970954356846473,0.6819798458802608,0.16916123295791347,,,,,0.868535419382877,0.6059095699137194,0.32951046684179214,0.6536920435031482,
yeast,BSS_UG_SPCC_PA_Logistic,Selective,0.25,5,0.34878263420357875,0.9753593429158111,0.6512173657964212,0.16361102962745674,,,,,0.8826576576576577,0.629400932173006,0.3131518218016365,0.6640876853642811,
yeast,BSS_UG_SPCC_PA_Logistic,Selective,0.30,1,0.23917525773195877,0.9402061855670103,0.7608247422680412,0.1794108983799705,,,,,0.8584978706929927,0.615812469317624,0.3284164680145764,0.6663623916020082,
yeast,BSS_UG_SPCC_PA_Logistic,Selective,0.30,2,0.24830633284241532,0.9525773195876288,0.7516936671575847,0.17787923416789395,,,,,0.8624608150470219,0.6067849332797787,0.3326330927020901,0.6704225352112676,
yeast,BSS_UG_SPCC_PA_Logistic,Selective,0.30,3,0.23401075911536162,0.9393305439330544,0.7659892408846384,0.17794381350866703,,,,,0.8593445181428014,0.6360834888031541,0.32976677827420037,0.6739032112166441,
yeast,BSS_UG_SPCC_PA_Logistic,Selective,0.30,4,0.22836395969176052,0.9336099585062241,0.7716360403082395,0.1857291049199763,,,,,0.8480891108123679,0.5902242639794507,0.3217043296403393,0.6482881280569142,
yeast,BSS_UG_SPCC_PA_Logistic,Selective,0.30,5,0.2452332062188325,0.9507186858316222,0.7547667937811675,0.17799941331768845,,,,,0.8616401088223863,0.6332632573905674,0.3248445563009982,0.678990081154193,
yeast,BSS_UG_SPCC_PA_Logistic,Selective,0.35,1,0.16450662739322533,0.8804123711340206,0.8354933726067747,0.1907142857142857,,,,,0.8406486867618543,0.6225123444711073,0.33010266581240805,0.6588679245283019,
yeast,BSS_UG_SPCC_PA_Logistic,Selective,0.35,2,0.16892488954344625,0.8989690721649485,0.8310751104565538,0.18681148748159057,,,,,0.8463583200425305,0.6227321819074396,0.3424595337263027,0.6719636776390465,
yeast,BSS_UG_SPCC_PA_Logistic,Selective,0.35,3,0.1592946802151823,0.8849372384937239,0.8407053197848177,0.18800059772863117,,,,,0.8426946320654106,0.6259171210008029,0.33665930999163163,0.6686634219393486,
yeast,BSS_UG_SPCC_PA_Logistic,Selective,0.35,4,0.1572317723770006,0.8630705394190872,0.8427682276229994,0.19255334914048605,,,,,0.8368208194126956,0.6112945146140167,0.3285991758507439,0.6550185873605948,
yeast,BSS_UG_SPCC_PA_Logistic,Selective,0.35,5,0.17116456438838368,0.8850102669404517,0.8288354356116163,0.18824435318275154,,,,,0.8451601486462573,0.6306494099101901,0.3340732556934226,0.6706812194203989,
yeast,BSS_UG_SPCC_PA_Logistic,Selective,0.40,1,0.1053019145802651,0.7752577319587629,0.894698085419735,0.1946980854197349,,,,,0.8294650205761317,0.6295479434654693,0.3335415270421206,0.6576338400528751,
yeast,BSS_UG_SPCC_PA_Logistic,Selective,0.40,2,0.10456553755522828,0.7752577319587629,0.8954344624447718,0.19484536082474224,,,,,0.8291118421052631,0.6183693969260979,0.33634359829031096,0.6578860717813632,
yeast,BSS_UG_SPCC_PA_Logistic,Selective,0.40,3,0.10415421398684997,0.7824267782426778,0.89584578601315,0.19438135086670646,,,,,0.8295246038365305,0.625097206373357,0.3352403247836394,0.6618133686300464,
yeast,BSS_UG_SPCC_PA_Logistic,Selective,0.40,4,0.09795494961470065,0.7406639004149378,0.9020450503852994,0.1974510966212211,,,,,0.8245441103992115,0.6171806985084993,0.32992869204777503,0.650294695481336,
yeast,BSS_UG_SPCC_PA_Logistic,Selective,0.40,5,0.10692285127603403,0.7761806981519507,0.8930771487239659,0.19369316515107068,,,,,0.8310067334537691,0.6200795326052,0.3427007244840186,0.6593843098311817,
genbase,BSS_UG_SPCC_PA_Logistic,Full,,1,,,,,0.9991645781119465,0.9924812030075187,0.7037037037037037,0.9908814589665653,,,,,0.9774436090225563
genbase,BSS_UG_SPCC_PA_Logistic,Full,,2,,,,,0.9988776655443322,0.9921717171717171,0.728395061728395,0.9879518072289156,,,,,0.9772727272727273
genbase,BSS_UG_SPCC_PA_Logistic,Full,,3,,,,,0.9977553310886644,0.9681818181818181,0.7225401544242124,0.9751552795031055,,,,,0.946969696969697
genbase,BSS_UG_SPCC_PA_Logistic,Full,,4,,,,,0.999438832772166,0.994949494949495,0.7407407407407407,0.9939393939393939,,,,,0.9848484848484849
genbase,BSS_UG_SPCC_PA_Logistic,Full,,5,,,,,0.9977722082985241,0.9796992481203006,0.6541353383458647,0.975609756097561,,,,,0.9548872180451128
genbase,BSS_UG_SPCC_PA_Logistic,Selective,0.20,1,0.000556947925368978,0.015037593984962405,0.999443052074631,0.0009468114731272626,,,,,0.9991641125661744,0.9924812030075187,0.6666666666666666,0.9907692307692307,
genbase,BSS_UG_SPCC_PA_Logistic,Selective,0.20,2,0.0014029180695847362,0.022727272727272728,0.9985970819304153,0.0014029180695847362,,,,,0.9988760887889857,0.9921717171717171,0.6543209876543209,0.9877300613496932,
genbase,BSS_UG_SPCC_PA_Logistic,Selective,0.20,3,0.0016835016835016834,0.045454545454545456,0.9983164983164983,0.0025813692480359143,,,,,0.9977515458122541,0.9681818181818181,0.6855031173871753,0.9746835443037974,
genbase,BSS_UG_SPCC_PA_Logistic,Selective,0.20,4,0.0008417508417508417,0.022727272727272728,0.9991582491582491,0.0007295173961840627,,,,,0.9994383600112328,0.994949494949495,0.7407407407407407,0.9938271604938271,
genbase,BSS_UG_SPCC_PA_Logistic,Selective,0.20,5,0.000835421888053467,0.022556390977443608,0.9991645781119465,0.0015594541910331386,,,,,0.9986064659977704,0.9837092731829572,0.6585266585266586,0.9846153846153847,
genbase,BSS_UG_SPCC_PA_Logistic,Selective,0.25,1,0.000556947925368978,0.015037593984962405,0.999443052074631,0.0009746588693957114,,,,,0.9991641125661744,0.9924812030075187,0.6666666666666666,0.9907692307692307,
genbase,BSS_UG_SPCC_PA_Logistic,Selective,0.25,2,0.0002805836139169473,0.007575757575757576,0.9997194163860831,0.0011924803591470258,,,,,0.9988773505472917,0.9921717171717171,0.728395061728395,0.9878787878787879,
genbase,BSS_UG_SPCC_PA_Logistic,Selective,0.25,3,0.0005611672278338945,0.015151515151515152,0.999438832772166,0.0023849607182940516,,,,,0.9977540707467715,0.9681818181818181,0.6855031173871753,0.975,
genbase,BSS_UG_SPCC_PA_Logistic,Selective,0.25,4,0.0,0.0,1.0,0.0005611672278338945,,,,,0.999438832772166,0.994949494949495,0.7407407407407407,0.9939393939393939,
genbase,BSS_UG_SPCC_PA_Logistic,Selective,0.25,5,0.000556947925368978,0.015037593984962405,0.999443052074631,0.0018100807574491784,,,,,0.9983282251323489,0.981203007518797,0.6560846560846562,0.9815950920245399,
genbase,BSS_UG_SPCC_PA_Logistic,Selective,0.30,1,0.000556947925368978,0.015037593984962405,0.999443052074631,0.0010025062656641604,,,,,0.9991641125661744,0.9924812030075187,0.6666666666666666,0.9907692307692307,
genbase,BSS_UG_SPCC_PA_Logistic,Selective,0.30,2,0.0002805836139169473,0.007575757575757576,0.9997194163860831,0.001206509539842873,,,,,0.9988773505472917,0.9921717171717171,0.728395061728395,0.9878787878787879,
genbase,BSS_UG_SPCC_PA_Logistic,Selective,0.30,3,0.0005611672278338945,0.015151515151515152,0.999438832772166,0.002413019079685746,,,,,0.9977540707467715,0.9681818181818181,0.6855031173871753,0.975,
genbase,BSS_UG_SPCC_PA_Logistic,Selective,0.30,4,0.0,0.0,1.0,0.0005611672278338945,,,,,0.999438832772166,0.994949494949495,0.7407407407407407,0.9939393939393939,
genbase,BSS_UG_SPCC_PA_Logistic,Selective,0.30,5,0.000556947925368978,0.015037593984962405,0.999443052074631,0.0018379281537176273,,,,,0.9983282251323489,0.981203007518797,0.6560846560846562,0.9815950920245399,
genbase,BSS_UG_SPCC_PA_Logistic,Selective,0.35,1,0.000278473962684489,0.007518796992481203,0.9997215260373155,0.0009328877749930381,,,,,0.9991643454038998,0.9924812030075187,0.7037037037037037,0.9908256880733946,
genbase,BSS_UG_SPCC_PA_Logistic,Selective,0.35,2,0.0002805836139169473,0.007575757575757576,0.9997194163860831,0.0012205387205387204,,,,,0.9988773505472917,0.9921717171717171,0.728395061728395,0.9878787878787879,
genbase,BSS_UG_SPCC_PA_Logistic,Selective,0.35,3,0.0005611672278338945,0.015151515151515152,0.999438832772166,0.002441077441077441,,,,,0.9977540707467715,0.9681818181818181,0.6855031173871753,0.975,
genbase,BSS_UG_SPCC_PA_Logistic,Selective,0.35,4,0.0,0.0,1.0,0.0005611672278338945,,,,,0.999438832772166,0.994949494949495,0.7407407407407407,0.9939393939393939,
genbase,BSS_UG_SPCC_PA_Logistic,Selective,0.35,5,0.000556947925368978,0.015037593984962405,0.999443052074631,0.0018657755499860763,,,,,0.9983282251323489,0.981203007518797,0.6560846560846562,0.9815950920245399,
genbase,BSS_UG_SPCC_PA_Logistic,Selective,0.40,1,0.0,0.0,1.0,0.000835421888053467,,,,,0.9991645781119465,0.9924812030075187,0.7037037037037037,0.9908814589665653,
genbase,BSS_UG_SPCC_PA_Logistic,Selective,0.40,2,0.0002805836139169473,0.007575757575757576,0.9997194163860831,0.001234567901234568,,,,,0.9988773505472917,0.9921717171717171,0.728395061728395,0.9878787878787879,
genbase,BSS_UG_SPCC_PA_Logistic,Selective,0.40,3,0.0002805836139169473,0.007575757575757576,0.9997194163860831,0.002356902356902357,,,,,0.9977547010945832,0.9681818181818181,0.6855031173871753,0.975,
genbase,BSS_UG_SPCC_PA_Logistic,Selective,0.40,4,0.0,0.0,1.0,0.0005611672278338945,,,,,0.999438832772166,0.994949494949495,0.7407407407407407,0.9939393939393939,
genbase,BSS_UG_SPCC_PA_Logistic,Selective,0.40,5,0.000556947925368978,0.015037593984962405,0.999443052074631,0.0018936229462545252,,,,,0.9983282251323489,0.981203007518797,0.6560846560846562,0.9815950920245399,
medical,BSS_UG_SPCC_PA_Logistic,Full,,1,,,,,0.9903935185185185,0.7836805555555554,0.32010900290771815,0.821505376344086,,,,,0.6666666666666666
medical,BSS_UG_SPCC_PA_Logistic,Full,,2,,,,,0.990909090909091,0.7976430976430977,0.3440142951192272,0.8258064516129032,,,,,0.6818181818181818
medical,BSS_UG_SPCC_PA_Logistic,Full,,3,,,,,0.9911111111111112,0.7808547008547008,0.33701855985634865,0.8266666666666667,,,,,0.6666666666666666
medical,BSS_UG_SPCC_PA_Logistic,Full,,4,,,,,0.9897689768976897,0.7557755775577558,0.34399781518981604,0.7964989059080962,,,,,0.6485148514851485
medical,BSS_UG_SPCC_PA_Logistic,Full,,5,,,,,0.9898778359511344,0.7984293193717278,0.33819599940289596,0.8152866242038217,,,,,0.680628272251309
medical,BSS_UG_SPCC_PA_Logistic,Selective,0.20,1,0.015046296296296295,0.4791666666666667,0.9849537037037037,0.008449074074074074,,,,,0.9944770857814336,0.8420138888888888,0.3242860669679139,0.8526645768025078,
medical,BSS_UG_SPCC_PA_Logistic,Selective,0.20,2,0.012345679012345678,0.41414141414141414,0.9876543209876543,0.008080808080808083,,,,,0.9943181818181818,0.8535353535353535,0.3267105727632043,0.8603351955307262,
medical,BSS_UG_SPCC_PA_Logistic,Selective,0.20,3,0.01094017094017094,0.37948717948717947,0.989059829059829,0.007316239316239316,,,,,0.9948150708606982,0.8603418803418803,0.3449895065929222,0.8680351906158358,
medical,BSS_UG_SPCC_PA_Logistic,Selective,0.20,4,0.01221122112211221,0.400990099009901,0.9877887788778877,0.007392739273927393,,,,,0.994988306047444,0.8481848184818481,0.3474993340466487,0.8717948717948718,
medical,BSS_UG_SPCC_PA_Logistic,Selective,0.20,5,0.013612565445026177,0.45549738219895286,0.9863874345549738,0.008074461896451427,,,,,0.9945741920264213,0.8342059336823734,0.3125762679896903,0.863905325443787,
medical,BSS_UG_SPCC_PA_Logistic,Selective,0.25,1,0.011574074074074073,0.3958333333333333,0.9884259259259259,0.008912037037037038,,,,,0.9939110070257611,0.8298611111111112,0.33993578890479587,0.8514285714285714,
medical,BSS_UG_SPCC_PA_Logistic,Selective,0.25,2,0.009764309764309764,0.3383838383838384,0.9902356902356902,0.008613916947250281,,,,,0.9937662926442253,0.8434343434343434,0.3250585330848489,0.8556430446194225,
medical,BSS_UG_SPCC_PA_Logistic,Selective,0.25,3,0.007521367521367521,0.26153846153846155,0.9924786324786324,0.007578347578347578,,,,,0.994258812722471,0.8483760683760684,0.34386128349186773,0.8677248677248677,
medical,BSS_UG_SPCC_PA_Logistic,Selective,0.25,4,0.00957095709570957,0.3316831683168317,0.9904290429042905,0.008113311331133114,,,,,0.9942241475063868,0.8374587458745875,0.35013730217978584,0.8609625668449198,
medical,BSS_UG_SPCC_PA_Logistic,Selective,0.25,5,0.009889470622454915,0.3507853403141361,0.9901105293775451,0.008755090168702734,,,,,0.9936545240893067,0.8349040139616054,0.3120951844525484,0.8556149732620321,
medical,BSS_UG_SPCC_PA_Logistic,Selective,0.30,1,0.008217592592592592,0.3229166666666667,0.9917824074074074,0.008831018518518518,,,,,0.993581514762516,0.826388888888889,0.33608922694288546,0.8593350383631714,
medical,BSS_UG_SPCC_PA_Logistic,Selective,0.30,2,0.007407407407407408,0.2727272727272727,0.9925925925925926,0.008956228956228955,,,,,0.9932157394843962,0.8308080808080808,0.3163169351765843,0.8484848484848485,
medical,BSS_UG_SPCC_PA_Logistic,Selective,0.30,3,0.005356125356125356,0.18974358974358974,0.9946438746438746,0.008216524216524216,,,,,0.9933547204399633,0.8278632478632478,0.32770522081977194,0.855,
medical,BSS_UG_SPCC_PA_Logistic,Selective,0.30,4,0.007260726072607261,0.28217821782178215,0.9927392739273927,0.008778877887788781,,,,,0.9933510638297872,0.806930693069307,0.3498569221201779,0.845360824742268,
medical,BSS_UG_SPCC_PA_Logistic,Selective,0.30,5,0.007329842931937173,0.2774869109947644,0.9926701570680628,0.009063408958696914,,,,,0.9930848570089077,0.8279232111692845,0.31738559780281417,0.8521303258145363,
medical,BSS_UG_SPCC_PA_Logistic,Selective,0.35,1,0.005787037037037037,0.22916666666666666,0.9942129629629629,0.009085648148148148,,,,,0.9928987194412107,0.8159722222222222,0.338235061934791,0.8508557457212714,
medical,BSS_UG_SPCC_PA_Logistic,Selective,0.35,2,0.0051627384960718295,0.1919191919191919,0.9948372615039281,0.009102132435465768,,,,,0.9926669675090253,0.8247474747474748,0.3146576963883512,0.8441247002398081,
medical,BSS_UG_SPCC_PA_Logistic,Selective,0.35,3,0.0036467236467236466,0.14358974358974358,0.9963532763532763,0.00856980056980057,,,,,0.9926798581722521,0.8158974358974359,0.3263443521608924,0.8461538461538461,
medical,BSS_UG_SPCC_PA_Logistic,Selective,0.35,4,0.00572057205720572,0.22277227722772278,0.9942794279427942,0.008932893289328931,,,,,0.9930294312901085,0.8052805280528053,0.3479008369988762,0.8428927680798005,
medical,BSS_UG_SPCC_PA_Logistic,Selective,0.35,5,0.005584642233856894,0.225130890052356,0.9944153577661431,0.009284467713787086,,,,,0.9926289926289926,0.8233856893542757,0.3386706249451348,0.8496420047732697,
medical,BSS_UG_SPCC_PA_Logistic,Selective,0.40,1,0.0038194444444444443,0.15104166666666666,0.9961805555555555,0.009166666666666665,,,,,0.9923318229348205,0.8081597222222222,0.3325089838994925,0.8465116279069768,
medical,BSS_UG_SPCC_PA_Logistic,Selective,0.40,2,0.0032547699214365883,0.12626262626262627,0.9967452300785634,0.009158249158249157,,,,,0.9921180047291972,0.8111111111111112,0.3134330055527706,0.8387096774193549,
medical,BSS_UG_SPCC_PA_Logistic,Selective,0.40,3,0.002279202279202279,0.08205128205128205,0.9977207977207977,0.008774928774928775,,,,,0.9921187892632781,0.8056410256410258,0.33368023717099315,0.839907192575406,
medical,BSS_UG_SPCC_PA_Logistic,Selective,0.40,4,0.0037403740374037406,0.15346534653465346,0.9962596259625962,0.009526952695269526,,,,,0.9919390459363958,0.7871287128712872,0.3406037277415315,0.8249400479616307,
medical,BSS_UG_SPCC_PA_Logistic,Selective,0.40,5,0.0036067481093659103,0.14659685863874344,0.9963932518906341,0.009354275741710298,,,,,0.9920597851471276,0.8195462478184993,0.34693975526158377,0.8440366972477065,
enron,BSS_UG_SPCC_PA_Logistic,Full,,1,,,,,0.9549692847740237,0.5117850011745361,0.16187257598826282,0.5476584022038568,,,,,0.1569767441860465
enron,BSS_UG_SPCC_PA_Logistic,Full,,2,,,,,0.9522719660600647,0.5045648795648795,0.13724838261702393,0.5299615173172073,,,,,0.1242603550295858
enron,BSS_UG_SPCC_PA_Logistic,Full,,3,,,,,0.952365326770577,0.5143161669248626,0.12900231644703147,0.529443544030254,,,,,0.10434782608695652
enron,BSS_UG_SPCC_PA_Logistic,Full,,4,,,,,0.9528583497606308,0.5298902755619174,0.11765777384951143,0.5408667032364235,,,,,0.14925373134328357
enron,BSS_UG_SPCC_PA_Logistic,Full,,5,,,,,0.951276359600444,0.47419022154316265,0.13052245062117393,0.5111358574610245,,,,,0.09411764705882353
enron,BSS_UG_SPCC_PA_Logistic,Selective,0.20,1,0.07684291355857832,0.9767441860465116,0.9231570864414217,0.03708863536638877,,,,,0.9764719862159111,0.4818362193362194,0.1395453113336714,0.472,
enron,BSS_UG_SPCC_PA_Logistic,Selective,0.20,2,0.0746901864463548,0.9940828402366864,0.9253098135536452,0.036262141341967175,,,,,0.9769546332046332,0.4903893115431576,0.11249893750468992,0.49066666666666664,
enron,BSS_UG_SPCC_PA_Logistic,Selective,0.20,3,0.06983866557287394,0.9884057971014493,0.930161334427126,0.03863275909215204,,,,,0.9734830667920978,0.4834439634439634,0.09263014959269766,0.4662721893491124,
enron,BSS_UG_SPCC_PA_Logistic,Selective,0.20,4,0.06730498451140524,0.982089552238806,0.9326950154885948,0.03846803717262743,,,,,0.9731884057971014,0.4591021085050936,0.09056475936243971,0.4701670644391408,
enron,BSS_UG_SPCC_PA_Logistic,Selective,0.20,5,0.07413984461709212,0.9882352941176471,0.9258601553829079,0.036970033296337405,,,,,0.9760848717333973,0.47735294117647065,0.11220420922501304,0.45267489711934156,
enron,BSS_UG_SPCC_PA_Logistic,Selective,0.25,1,0.059510750329091706,0.9593023255813954,0.9404892496709083,0.03999835454146555,,,,,0.9732897883011605,0.4666758951642672,0.14060605006517898,0.48423423423423423,
enron,BSS_UG_SPCC_PA_Logistic,Selective,0.25,2,0.059785642514234676,0.9822485207100592,0.9402143574857653,0.03995478396784638,,,,,0.9734014130499318,0.4789424250962713,0.1107735875066991,0.5055187637969095,
enron,BSS_UG_SPCC_PA_Logistic,Selective,0.25,3,0.05594749794913864,0.9623188405797102,0.9440525020508613,0.04127700300793,,,,,0.9710925732823543,0.4881897651462868,0.09468189032973491,0.49133537206931704,
enron,BSS_UG_SPCC_PA_Logistic,Selective,0.25,4,0.05384398760912419,0.9522388059701492,0.9461560123908758,0.041002534497324696,,,,,0.9708911244716948,0.4738569059464582,0.09743603281092374,0.5045592705167173,
enron,BSS_UG_SPCC_PA_Logistic,Selective,0.25,5,0.057547169811320756,0.9647058823529412,0.9424528301886792,0.039858490566037734,,,,,0.972972972972973,0.4595448179271709,0.11483746399681997,0.46936416184971097,
enron,BSS_UG_SPCC_PA_Logistic,Selective,0.30,1,0.04689556823168056,0.9215116279069767,0.9531044317683195,0.0414929793769197,,,,,0.9712263336594349,0.5033983942414174,0.14700709189230404,0.5210727969348659,
enron,BSS_UG_SPCC_PA_Logistic,Selective,0.30,2,0.04672323322541029,0.9556213017751479,0.9532767667745897,0.04237467902199398,,,,,0.9702523862505124,0.48222738799661874,0.12620813723451252,0.5234521575984991,
enron,BSS_UG_SPCC_PA_Logistic,Selective,0.30,3,0.04375170905113481,0.9159420289855073,0.9562482909488652,0.043642329778506975,,,,,0.9680869316557049,0.5074053161009683,0.11676150407322683,0.5096660808435852,
enron,BSS_UG_SPCC_PA_Logistic,Selective,0.30,4,0.04291748803154041,0.8865671641791045,0.9570825119684596,0.04323289214305829,,,,,0.9682810569057847,0.4825121147509207,0.10149554281157666,0.5174574753804835,
enron,BSS_UG_SPCC_PA_Logistic,Selective,0.30,5,0.04428412874583796,0.9176470588235294,0.955715871254162,0.04214206437291899,,,,,0.9698060620137035,0.4738515406162465,0.11599391489222093,0.4980694980694981,
enron,BSS_UG_SPCC_PA_Logistic,Selective,0.35,1,0.0347740236946029,0.8691860465116279,0.9652259763053971,0.04332492321193506,,,,,0.9677236049551086,0.5066652823920266,0.15184273700244916,0.5351882160392799,
enron,BSS_UG_SPCC_PA_Logistic,Selective,0.35,2,0.03522384727029139,0.8816568047337278,0.9647761527297086,0.045040192028581,,,,,0.9660938494474339,0.4839133089133089,0.1284647635607668,0.5274193548387097,
enron,BSS_UG_SPCC_PA_Logistic,Selective,0.35,3,0.03188405797101449,0.8405797101449275,0.9681159420289855,0.04561389116762374,,,,,0.9644108010394306,0.5168605307735742,0.12167907818090415,0.5161290322580645,
enron,BSS_UG_SPCC_PA_Logistic,Selective,0.35,4,0.03187834412841453,0.8208955223880597,0.9681216558715855,0.04478175161926218,,,,,0.9652684856594334,0.49654875804129534,0.10614539852775005,0.535408560311284,
enron,BSS_UG_SPCC_PA_Logistic,Selective,0.35,5,0.03296337402885682,0.8647058823529412,0.9670366259711431,0.044500554938956716,,,,,0.965913003557902,0.47325311942959003,0.12029594153987716,0.5033444816053512,
enron,BSS_UG_SPCC_PA_Logistic,Selective,0.40,1,0.022762176393154893,0.7209302325581395,0.9772378236068451,0.0443176831943835,,,,,0.9639669978110793,0.5148062854458203,0.15890374883904598,0.5472496473906912,
enron,BSS_UG_SPCC_PA_Logistic,Selective,0.40,2,0.023556994529418333,0.7514792899408284,0.9764430054705817,0.04615384615384615,,,,,0.9623828035673451,0.4953281760974068,0.1360355907383706,0.5353107344632768,
enron,BSS_UG_SPCC_PA_Logistic,Selective,0.40,3,0.02094613070823079,0.6811594202898551,0.9790538692917692,0.047098714793546624,,,,,0.9604513462182996,0.5113578852709288,0.1229440208141014,0.5222672064777328,
enron,BSS_UG_SPCC_PA_Logistic,Selective,0.40,4,0.021515066178541258,0.7074626865671642,0.9784849338214587,0.04600394255139397,,,,,0.9617797732113049,0.5135826362692034,0.10806127847171343,0.5426997245179064,
enron,BSS_UG_SPCC_PA_Logistic,Selective,0.40,5,0.02158712541620422,0.7058823529411765,0.9784128745837958,0.046870144284128744,,,,,0.9609211048721003,0.46904443595620066,0.12184710240668435,0.5068002863278454,
cal500,BSS_UG_SPCC_PA_Logistic,Full,,1,,,,,0.861841356549448,0.34077549059452716,0.06587072824530649,0.34200542005420054,,,,,0.0
cal500,BSS_UG_SPCC_PA_Logistic,Full,,2,,,,,0.862353476726983,0.3444098046750857,0.06328685398387109,0.33997271487039565,,,,,0.0
cal500,BSS_UG_SPCC_PA_Logistic,Full,,3,,,,,0.8650011728829463,0.3437856134284405,0.0586595632272742,0.34415954415954414,,,,,0.0
cal500,BSS_UG_SPCC_PA_Logistic,Full,,4,,,,,0.8647509578544061,0.3289935998082291,0.05798647702126396,0.32504780114722753,,,,,0.0
cal500,BSS_UG_SPCC_PA_Logistic,Full,,5,,,,,0.8627207015049176,0.3326328712427561,0.06015464829602024,0.3305403062698642,,,,,0.0
cal500,BSS_UG_SPCC_PA_Logistic,Selective,0.20,1,0.26095368157505405,1.0,0.739046318424946,0.10135427335837033,,,,,0.9334770557437635,0.22114444552678314,0.02311927665009103,0.20588235294117646,
cal500,BSS_UG_SPCC_PA_Logistic,Selective,0.20,2,0.26271765107545236,1.0,0.7372823489245476,0.10216228519403665,,,,,0.932700470787991,0.2222330616009922,0.015008306206128348,0.1925925925925926,
cal500,BSS_UG_SPCC_PA_Logistic,Selective,0.20,3,0.268531550551255,1.0,0.731468449448745,0.10068027210884355,,,,,0.9357812875811753,0.22066749776833808,0.015871936845567678,0.20927936821322804,
cal500,BSS_UG_SPCC_PA_Logistic,Selective,0.20,4,0.26403940886699506,1.0,0.7359605911330049,0.0994417077175698,,,,,0.9366354306113343,0.2238029753266374,0.023312748387710906,0.20522388059701493,
cal500,BSS_UG_SPCC_PA_Logistic,Selective,0.20,5,0.2693447090887546,1.0,0.7306552909112454,0.10375636923806139,,,,,0.9317223483619851,0.2082670714289558,0.02716336939030062,0.19348659003831417,
cal500,BSS_UG_SPCC_PA_Logistic,Selective,0.25,1,0.20359622169113464,1.0,0.7964037783088653,0.11525549106634801,,,,,0.9191911974849957,0.20033883356799037,0.031665779542435706,0.19156540385989992,
cal500,BSS_UG_SPCC_PA_Logistic,Selective,0.25,2,0.20712416069193126,1.0,0.7928758393080687,0.11420279959030386,,,,,0.9212717094875843,0.2066187952266211,0.03447306877433919,0.18920916481892092,
cal500,BSS_UG_SPCC_PA_Logistic,Selective,0.25,3,0.2071897724607084,1.0,0.7928102275392915,0.1119663382594417,,,,,0.9241068126340706,0.21243461169805392,0.021498910609618414,0.20341614906832298,
cal500,BSS_UG_SPCC_PA_Logistic,Selective,0.25,4,0.20722495894909687,1.0,0.7927750410509031,0.11278051450465243,,,,,0.9230875448771058,0.2067820055406669,0.025002247165762184,0.19508670520231214,
cal500,BSS_UG_SPCC_PA_Logistic,Selective,0.25,5,0.21685033771773907,1.0,0.7831496622822609,0.11642374688944188,,,,,0.920562868815252,0.19080596444850906,0.026241845899844768,0.1822429906542056,
cal500,BSS_UG_SPCC_PA_Logistic,Selective,0.30,1,0.1500512120177535,1.0,0.8499487879822465,0.12467850233299191,,,,,0.9062730133226217,0.20029161131566206,0.032342941024971324,0.19540229885057472,
cal500,BSS_UG_SPCC_PA_Logistic,Selective,0.30,2,0.1502219187435985,1.0,0.8497780812564015,0.12330715830203715,,,,,0.9079282174902906,0.2244703327882673,0.037133622892771966,0.20840529648819806,
cal500,BSS_UG_SPCC_PA_Logistic,Selective,0.30,3,0.14784189537884118,1.0,0.8521581046211588,0.12135233403706308,,,,,0.9096414561970959,0.19167288438415697,0.025055992552670176,0.18497827436374922,
cal500,BSS_UG_SPCC_PA_Logistic,Selective,0.30,4,0.1548440065681445,1.0,0.8451559934318555,0.12116584564860426,,,,,0.9115989897027394,0.2142733784249017,0.033117741387871026,0.20128730251609128,
cal500,BSS_UG_SPCC_PA_Logistic,Selective,0.30,5,0.16151202749140894,1.0,0.8384879725085911,0.12553620097167908,,,,,0.9080695308083663,0.19461601282614432,0.03621327825089614,0.18940809968847352,
cal500,BSS_UG_SPCC_PA_Logistic,Selective,0.35,1,0.10589507226584727,1.0,0.8941049277341527,0.13140719244338225,,,,,0.8944822758225673,0.23000534064488817,0.047601439754991114,0.22378277153558052,
cal500,BSS_UG_SPCC_PA_Logistic,Selective,0.35,2,0.10401729828155229,1.0,0.8959827017184477,0.13035165585524067,,,,,0.8951479740886574,0.2500425051475761,0.0415800250063424,0.236708275543227,
cal500,BSS_UG_SPCC_PA_Logistic,Selective,0.35,3,0.10262725779967159,1.0,0.8973727422003284,0.1282840722495895,,,,,0.8970722781335774,0.20907413067948327,0.03367056537904833,0.20414350682162707,
cal500,BSS_UG_SPCC_PA_Logistic,Selective,0.35,4,0.10087575259989053,1.0,0.8991242474001094,0.12589217296113847,,,,,0.8992512327266087,0.2546376968846675,0.045503529840922756,0.24325560128029264,
cal500,BSS_UG_SPCC_PA_Logistic,Selective,0.35,5,0.1075956866927361,1.0,0.8924043133072639,0.13186396492475413,,,,,0.8944363298366751,0.21849584186597742,0.036189645318039164,0.21597633136094674,
cal500,BSS_UG_SPCC_PA_Logistic,Selective,0.40,1,0.07186753158074428,1.0,0.9281324684192557,0.134642084898145,,,,,0.8859052173379928,0.26371852600717416,0.059840814472408355,0.26062773142630113,
cal500,BSS_UG_SPCC_PA_Logistic,Selective,0.40,2,0.062137248207579376,1.0,0.9378627517924206,0.1349038352111073,,,,,0.8826598713748331,0.29667170679269195,0.053268842680573004,0.28792341678939615,
cal500,BSS_UG_SPCC_PA_Logistic,Selective,0.40,3,0.06527093596059114,1.0,0.9347290640394089,0.13248885761201035,,,,,0.8861911035824079,0.2616216008936234,0.03962769956196438,0.25777414075286414,
cal500,BSS_UG_SPCC_PA_Logistic,Selective,0.40,4,0.06102900930487137,1.0,0.9389709906951286,0.13125342090859332,,,,,0.8862139317983095,0.28063246358572846,0.04890238106628171,0.27380952380952384,
cal500,BSS_UG_SPCC_PA_Logistic,Selective,0.40,5,0.0719279535489987,1.0,0.9280720464510013,0.1358928783031165,,,,,0.8845760980592441,0.2500261316698274,0.04717730915685395,0.24603836530442036,
reuters-k500,BSS_UG_SPCC_PA_Logistic,Full,,1,,,,,0.9888962358481437,0.4051205577368368,0.2874066217339412,0.4790011350737798,,,,,0.303156146179402
reuters-k500,BSS_UG_SPCC_PA_Logistic,Full,,2,,,,,0.9889618498972726,0.40041954817888425,0.28152147064961464,0.4826283987915408,,,,,0.3020746887966805
reuters-k500,BSS_UG_SPCC_PA_Logistic,Full,,3,,,,,0.9886771946046345,0.38615188765564706,0.26054287834805995,0.4696048632218845,,,,,0.2882205513784461
reuters-k500,BSS_UG_SPCC_PA_Logistic,Full,,4,,,,,0.989151435292596,0.4157114141293991,0.27350155111084695,0.49962714392244595,,,,,0.3147377185678601
reuters-k500,BSS_UG_SPCC_PA_Logistic,Full,,5,,,,,0.9891275156861629,0.4101193953666711,0.30569989134265707,0.4954682779456193,,,,,0.3176865046102263
reuters-k500,BSS_UG_SPCC_PA_Logistic,Selective,0.20,1,0.011289230074508919,0.632890365448505,0.9887107699254911,0.009321678547237365,,,,,0.9928555116954295,0.5239677266255339,0.27290587946026684,0.4684466019417476,
reuters-k500,BSS_UG_SPCC_PA_Logistic,Selective,0.20,2,0.010699754260161946,0.6556016597510373,0.9893002457398381,0.009246263545905006,,,,,0.9928168291431503,0.526805637884476,0.26040571649575095,0.4774881516587678,
reuters-k500,BSS_UG_SPCC_PA_Logistic,Selective,0.20,3,0.010819930084109952,0.6416040100250626,0.98918006991589,0.009115020561111518,,,,,0.9929729330829719,0.5424374428133827,0.25221125526475086,0.4790273556231003,
reuters-k500,BSS_UG_SPCC_PA_Logistic,Selective,0.20,4,0.010589880601117192,0.6286427976686095,0.9894101193988828,0.00897310493682449,,,,,0.993071499187045,0.5497894972083149,0.26916420621095477,0.5035128805620609,
reuters-k500,BSS_UG_SPCC_PA_Logistic,Selective,0.20,5,0.010652755963183293,0.6303436714165969,0.9893472440368167,0.009454829547766504,,,,,0.9925968577774122,0.5175348261685228,0.2507211324019827,0.4693396226415094,
reuters-k500,BSS_UG_SPCC_PA_Logistic,Selective,0.25,1,0.008571751120859271,0.5290697674418605,0.9914282488791407,0.010077653775441087,,,,,0.9919966815508869,0.489610030058535,0.26874511525901407,0.462882096069869,
reuters-k500,BSS_UG_SPCC_PA_Logistic,Selective,0.25,2,0.008153728397051122,0.5618257261410788,0.9918462716029489,0.00991822100471337,,,,,0.992055433255079,0.4870308898109728,0.25774478291846004,0.4736275565123789,
reuters-k500,BSS_UG_SPCC_PA_Logistic,Selective,0.25,3,0.008110892117023951,0.5380116959064327,0.991889107882976,0.00981417946159898,,,,,0.9921498720265596,0.5001571388789434,0.25383803757436,0.4805194805194805,
reuters-k500,BSS_UG_SPCC_PA_Logistic,Selective,0.25,4,0.008221304252928385,0.5412156536219817,0.9917786957470717,0.009589500658836084,,,,,0.9924033712077988,0.5217890214143336,0.2831573909284916,0.5031982942430704,
reuters-k500,BSS_UG_SPCC_PA_Logistic,Selective,0.25,5,0.008113672800071615,0.5532271584241408,0.9918863271999284,0.010011881607109432,,,,,0.9919512315190102,0.4912425657605875,0.2654784880220582,0.4722969338353954,
reuters-k500,BSS_UG_SPCC_PA_Logistic,Selective,0.30,1,0.006273586427119956,0.4418604651162791,0.99372641357288,0.010574783085507855,,,,,0.9912524141064966,0.465391156462585,0.2733881108773927,0.46633663366336636,
reuters-k500,BSS_UG_SPCC_PA_Logistic,Selective,0.30,2,0.0060669540345647185,0.4605809128630705,0.9939330459654353,0.010360552713209525,,,,,0.9914074026037192,0.4658967266021208,0.27305303629939903,0.47988223748773307,
reuters-k500,BSS_UG_SPCC_PA_Logistic,Selective,0.30,3,0.006164278008938203,0.44862155388471175,0.9938357219910618,0.010317054772854467,,,,,0.9914797071761432,0.46817440426462986,0.251332339390103,0.4764292878635908,
reuters-k500,BSS_UG_SPCC_PA_Logistic,Selective,0.30,4,0.006208418550883972,0.4562864279766861,0.9937915814491161,0.01006766206155065,,,,,0.9917436043437589,0.49822532449509965,0.2793903111568052,0.5022069641981364,
reuters-k500,BSS_UG_SPCC_PA_Logistic,Selective,0.30,5,0.006225636601860367,0.4660519698239732,0.9937743633981396,0.010339439611324962,,,,,0.9914751789311627,0.4717957929190117,0.28574589216457724,0.4766214177978884,
reuters-k500,BSS_UG_SPCC_PA_Logistic,Selective,0.35,1,0.004338289842918427,0.34053156146179403,0.9956617101570816,0.010823952520723802,,,,,0.9906539028459432,0.44167655434266734,0.28087583126470855,0.4725776965265082,
reuters-k500,BSS_UG_SPCC_PA_Logistic,Selective,0.35,2,0.0043105184707730735,0.3643153526970954,0.9956894815292269,0.010629255126294163,,,,,0.9908399417381454,0.44421326483567153,0.2780559153849205,0.4816849816849817,
reuters-k500,BSS_UG_SPCC_PA_Logistic,Selective,0.35,3,0.004590764938235557,0.3659147869674185,0.9954092350617645,0.010723410467917366,,,,,0.9908413118761459,0.44865337948044715,0.25634522391356585,0.4723004694835681,
reuters-k500,BSS_UG_SPCC_PA_Logistic,Selective,0.35,4,0.004478468590090782,0.3597002497918401,0.9955215314099092,0.01043547852517724,,,,,0.9910920916938019,0.4738963922560925,0.27489252542126985,0.4997720018239854,
reuters-k500,BSS_UG_SPCC_PA_Logistic,Selective,0.35,5,0.004313186142465352,0.35792120704107294,0.9956868138575347,0.010575444136101368,,,,,0.9908948990183818,0.45604518420947593,0.3008652122472122,0.4856879039704525,
reuters-k500,BSS_UG_SPCC_PA_Logistic,Selective,0.40,1,0.0028142437828597234,0.24833887043189368,0.9971857562171402,0.010955391413734156,,,,,0.9901425648738912,0.4263427464008859,0.2865035578834022,0.4743423889607589,
reuters-k500,BSS_UG_SPCC_PA_Logistic,Selective,0.40,2,0.00272328082826411,0.23900414937759337,0.9972767191717359,0.010910848809571768,,,,,0.9901516436817825,0.41940986629783306,0.27871055536153516,0.4819379515512112,
reuters-k500,BSS_UG_SPCC_PA_Logistic,Selective,0.40,3,0.002855034025192431,0.24812030075187969,0.9971449659748076,0.011061634669197264,,,,,0.990051976996722,0.4190436408481521,0.25556458313223485,0.46710239651416124,
reuters-k500,BSS_UG_SPCC_PA_Logistic,Selective,0.40,4,0.0028374412908336905,0.2472939217318901,0.9971625587091663,0.010673952935660412,,,,,0.9904338802775796,0.45120894925224647,0.27519143201757496,0.5012679628064244,
reuters-k500,BSS_UG_SPCC_PA_Logistic,Selective,0.40,5,0.002718121078459297,0.24476110645431684,0.9972818789215407,0.010820400556645154,,,,,0.9902403198824922,0.43316568873987144,0.2981195551327361,0.48713550600343053,
