Dataset,Model,Scope,Cost,AABS Mean,AABS Std,ABS Mean,ABS Std,Coverage Mean,Coverage Std,Generalized Loss Mean,Generalized Loss Std,Hamming Accuracy Mean,Hamming Accuracy Std,Instance-F1 Mean,Instance-F1 Std,Macro-F1 Mean,Macro-F1 Std,Micro-F1 Mean,Micro-F1 Std,Selective Hamming Accuracy Mean,Selective Hamming Accuracy Std,Selective Instance-F1 Mean,Selective Instance-F1 Std,Selective Macro-F1 Mean,Selective Macro-F1 Std,Selective Micro-F1 Mean,Selective Micro-F1 Std,Subset Accuracy Mean,Subset Accuracy Std
emotions,BSS_UG_SPCC_PA_Logistic,Full,,,,,,,,,,0.800789710816262,0.007830213215939637,0.5734501622251758,0.020827762644029354,0.6154800917985174,0.012952737298569493,0.641563301716942,0.009566524969133024,,,,,,,,,0.2719060120407418,0.03059011407106187
emotions,BSS_UG_SPCC_PA_Logistic,Selective,0.20,0.46590201432169237,0.022464785560761834,0.9716967728879974,0.020173004028391898,0.5340979856783077,0.022464785560761803,0.13952265050172805,0.00716663246180631,,,,,,,,,0.9136780784842958,0.016739704967910586,0.8000251953870283,0.04076511493091016,0.5878996067633462,0.0746779493494283,0.733962007249486,0.025727955276760237,,
emotions,BSS_UG_SPCC_PA_Logistic,Selective,0.25,0.37898653290206546,0.023707312362125296,0.9414087209666798,0.03359322626584315,0.6210134670979346,0.02370731236212531,0.15531184677894747,0.00889631628045071,,,,,,,,,0.9030090939273882,0.019271061579625163,0.7684540247050599,0.047946278057741674,0.6258174515748021,0.03387126447205224,0.7327122203637051,0.033210966598748996,,
emotions,BSS_UG_SPCC_PA_Logistic,Selective,0.30,0.29739217072403173,0.02353760704117765,0.8703511582800385,0.04378402176029105,0.7026078292759683,0.02353760704117767,0.17036991297588333,0.006706736336669322,,,,,,,,,0.8848643967776301,0.014908246122333095,0.7089246149268986,0.03928982152101094,0.6260087846813527,0.03066873678160516,0.7180641846710443,0.019163573020854925,,
emotions,BSS_UG_SPCC_PA_Logistic,Selective,0.35,0.2171540975006189,0.021079824368930106,0.7834735750291665,0.05717027413863952,0.7828459024993811,0.0210798243689301,0.18176015159300038,0.006117912336591367,,,,,,,,,0.8650835533106653,0.011063640441638836,0.6553553826706839,0.020247494831581243,0.6264411974446122,0.03480160192719174,0.6974357930947053,0.010131526512323262,,
emotions,BSS_UG_SPCC_PA_Logistic,Selective,0.40,0.14692164553926756,0.01609067624765271,0.6366865692753556,0.059626871818691925,0.8530783544607324,0.016090676247652737,0.18925582748509145,0.0067152922282059935,,,,,,,,,0.8471452929131852,0.01033474806194626,0.6160258518424238,0.01405694036110945,0.6398156824982105,0.013643573693771227,0.6860320892817473,0.007087870417694255,,
music,BSS_UG_SPCC_PA_Logistic,Full,,,,,,,,,,0.8116044824419699,0.011757484429978551,0.6121801628082785,0.027543903439135136,0.6421555306393627,0.028755018283240636,0.668495281600929,0.02103140809986304,,,,,,,,,0.309167247950897,0.01106023626958766
music,BSS_UG_SPCC_PA_Logistic,Selective,0.20,0.4658412836378938,0.024107140769012797,0.9746035398079267,0.021567097293839658,0.5341587163621062,0.02410714076901281,0.13628094146538813,0.00392839932105655,,,,,,,,,0.9197304660297151,0.01259954632892696,0.8137769313143192,0.03316982007500575,0.638332091904324,0.04897242056761936,0.744215384089846,0.02272636840727124,,
music,BSS_UG_SPCC_PA_Logistic,Selective,0.25,0.3735084936480749,0.024998645828708314,0.9458602215332027,0.025241327295388607,0.6264915063519251,0.02499864582870831,0.15368661009239276,0.008645297788645033,,,,,,,,,0.9042483791037459,0.018588340660143175,0.7634029007807672,0.03360519571868741,0.6582636747876945,0.02717743349419686,0.7424928484146224,0.028064736263883176,,
music,BSS_UG_SPCC_PA_Logistic,Selective,0.30,0.2876757395700566,0.031812414647757255,0.8580495388072655,0.05153052066294435,0.7123242604299433,0.03181241464775727,0.16489823366692763,0.007453386494132056,,,,,,,,,0.8900846351250872,0.01543774324486227,0.7268804494128522,0.03438584967359303,0.6765995639163683,0.028948358356549693,0.738440052048003,0.021702880400599728,,
music,BSS_UG_SPCC_PA_Logistic,Selective,0.35,0.20916874934821097,0.013759443074953021,0.7549558893526989,0.037587076556862165,0.7908312506517889,0.013759443074953026,0.1760160057069329,0.009375421191100014,,,,,,,,,0.8700728687278924,0.012788567631813963,0.6708762519929021,0.03988528868020545,0.6657800624617659,0.03602591645470217,0.719354659026662,0.023527158253649115,,
music,BSS_UG_SPCC_PA_Logistic,Selective,0.40,0.1345498506515456,0.01158573557894998,0.5928808202985671,0.030222609117932245,0.8654501493484545,0.011585735578949997,0.18478849166785363,0.009549743757371556,,,,,,,,,0.8487634206851424,0.012923945688416063,0.639552246800502,0.0254381222644436,0.6541109998046274,0.031669469577114126,0.6984792465822092,0.02296997718420679,,
scene,BSS_UG_SPCC_PA_Logistic,Full,,,,,,,,,,0.9054981922529632,0.0066703881990894465,0.6516438636716899,0.033093623003625276,0.7162569406044101,0.024297828339411142,0.7108239898783235,0.02351395014785504,,,,,,,,,0.5863243435333894,0.03847452510824757
scene,BSS_UG_SPCC_PA_Logistic,Selective,0.20,0.19161188356077305,0.013024461033537785,0.7015490212056404,0.04696832562093496,0.8083881164392268,0.013024461033537774,0.06949141465909622,0.004507632550807693,,,,,,,,,0.9614640162372531,0.005681867534000403,0.8513248093265954,0.02088046307719883,0.7616492128981387,0.023840624186856986,0.8171463088159301,0.02514648747032771,,
scene,BSS_UG_SPCC_PA_Logistic,Selective,0.25,0.15099131769985485,0.008995196425490242,0.6131079203640067,0.04468951154516506,0.8490086823001451,0.00899519642549025,0.07826084336936422,0.004703650045965005,,,,,,,,,0.9522711442342923,0.004501323930270464,0.8132598881413381,0.0190776636918276,0.7540679931225696,0.024408053489913206,0.7939187968193743,0.02130918222822149,,
scene,BSS_UG_SPCC_PA_Logistic,Selective,0.30,0.11693087896572733,0.01017105609031451,0.5225082031286004,0.04355264113789092,0.8830691210342726,0.010171056090314531,0.08472761499544954,0.005439385518065635,,,,,,,,,0.9437663767200831,0.004783504371162928,0.7804706696820943,0.021132967473102945,0.7525213471349226,0.013000063382503289,0.7760620975027823,0.01980424866621861,,
scene,BSS_UG_SPCC_PA_Logistic,Selective,0.35,0.08445743226223479,0.006649354455775422,0.40866371696081644,0.0368014151851552,0.9155425677377652,0.006649354455775433,0.08889563964375764,0.004780566237145714,,,,,,,,,0.9351805813926326,0.00392204803580784,0.7441703233983212,0.02129212384554837,0.7504077957145933,0.010920853349678012,0.7623351298883223,0.01693489646353966,,
scene,BSS_UG_SPCC_PA_Logistic,Selective,0.40,0.05413004032811157,0.005986851136076456,0.2832206546951109,0.03644945368494579,0.9458699596718885,0.005986851136076454,0.09219799421611599,0.0055201950140850884,,,,,,,,,0.9254032169787804,0.004298815882276879,0.7079733662259562,0.02420698601792172,0.7397594307036902,0.018549022116839037,0.743155173309853,0.020237292121389142,,
yeast,BSS_UG_SPCC_PA_Logistic,Full,,,,,,,,,,0.8000230850114549,0.0024831139716828075,0.6088958790828569,0.0059193821331825006,0.33766106869858425,0.0031782905662693785,0.6334050101912295,0.005772666427122732,,,,,,,,,0.15971513022837652,0.004871333160339664
yeast,BSS_UG_SPCC_PA_Logistic,Selective,0.20,0.44621678868288245,0.00753352823723482,0.9867661238907347,0.0023220244366845668,0.5537832113171175,0.00753352823723483,0.14483986062206383,0.0006945286634235646,,,,,,,,,0.8996289036995646,0.0023397869861706004,0.6435972930920845,0.011117607511175291,0.30985111885034566,0.009813815929537468,0.633680408667681,0.01367064232112298,,
yeast,BSS_UG_SPCC_PA_Logistic,Selective,0.25,0.33304339176107656,0.0113533158918818,0.9689478540446796,0.008102091610622333,0.6669566082389233,0.011353315891881812,0.1651629926419192,0.0024117761689068985,,,,,,,,,0.8772669458304708,0.005402730936818924,0.6180474837955593,0.015587866108004859,0.3207022556194782,0.008610801889858829,0.6619626953464575,0.00882264796857417,,
yeast,BSS_UG_SPCC_PA_Logistic,Selective,0.30,0.23901790312006574,0.008116459841701664,0.943288538685108,0.008067373716937009,0.7609820968799342,0.008116459841701673,0.17979249285883925,0.0033794335882609606,,,,,,,,,0.858006484703514,0.005775603466704549,0.616433682554115,0.019037905381545293,0.32747304498644086,0.004270959533495302,0.6675932694482054,0.01174639275853299,,
yeast,BSS_UG_SPCC_PA_Logistic,Selective,0.35,0.16422450678344763,0.005990390516507817,0.8824798976304462,0.012897015369678579,0.8357754932165523,0.0059903905165078,0.189264814649549,0.0023223816270688505,,,,,,,,,0.8423365213857495,0.0037930110919303307,0.6226211143807114,0.0071350055695835225,0.33437878821490175,0.005529053255234628,0.6650389661775381,0.007606133655193918,,
yeast,BSS_UG_SPCC_PA_Logistic,Selective,0.40,0.10377989340261559,0.0034235236024446167,0.7699573681454184,0.01664715433135775,0.8962201065973844,0.0034235236024446254,0.19501381177669508,0.001432875655935128,,,,,,,,,0.8287304620741811,0.0024506448028863534,0.6220549555757247,0.0051634333989426275,0.33555097332957295,0.004676847752808082,0.6574024571553605,0.004306726634947139,,
genbase,BSS_UG_SPCC_PA_Logistic,Full,,,,,,,,,,0.9986017231631266,0.0007902810960366464,0.9854966962861699,0.011359027792211372,0.7099029997885833,0.033915644007746215,0.9847075391471083,0.008773326406680639,,,,,,,,,0.9682843472317156,0.01637720285592733
genbase,BSS_UG_SPCC_PA_Logistic,Selective,0.20,0.001064108081651941,0.00046297737075784044,0.025700615174299384,0.011526984198129907,0.9989358919183481,0.0004629773707578405,0.001444014075593023,0.0007187329168457528,,,,,,,,,0.9987673146352835,0.0006475416776324476,0.9862987012987012,0.010982696224632773,0.6811516341951124,0.0353955662017582,0.9863250763063867,0.007356189095968213,,
genbase,BSS_UG_SPCC_PA_Logistic,Selective,0.25,0.00039112933849775954,0.0002495531045542286,0.010560492139439508,0.006737933822964173,0.9996088706615023,0.0002495531045542409,0.0013846695864239721,0.0007184634010674658,,,,,,,,,0.9987125183529505,0.000675452203057288,0.9857974481658692,0.011185740353976703,0.6954780485215267,0.03746223234338598,0.9858365009223904,0.007575931241090416,,
genbase,BSS_UG_SPCC_PA_Logistic,Selective,0.30,0.00039112933849775954,0.0002495531045542286,0.010560492139439508,0.006737933822964173,0.9996088706615023,0.0002495531045542409,0.0014042260533488602,0.0007274922117554404,,,,,,,,,0.9987125183529505,0.000675452203057288,0.9857974481658692,0.011185740353976703,0.6954780485215267,0.03746223234338598,0.9858365009223904,0.007575931241090416,,
genbase,BSS_UG_SPCC_PA_Logistic,Selective,0.35,0.00033543454596086177,0.00023387651033164708,0.009056732740943266,0.00631466577895447,0.999664565454039,0.00023387651033165817,0.0014042893428858343,0.0007507892031405903,,,,,,,,,0.9987125649204955,0.0006754911276562505,0.9857974481658692,0.011185740353976703,0.7028854559289341,0.03382636791355332,0.9858477923832233,0.007585157610084906,,
genbase,BSS_UG_SPCC_PA_Logistic,Selective,0.40,0.0002236230306405745,0.00023324291050631158,0.006037821827295511,0.006297558583670412,0.9997763769693595,0.00023324291050630803,0.0013763364640557625,0.0007426780194839288,,,,,,,,,0.9987127375316673,0.0006753064587995087,0.9857974481658692,0.011185740353976703,0.7028854559289341,0.03382636791355332,0.9858589465618574,0.007594343216678442,,
medical,BSS_UG_SPCC_PA_Logistic,Full,,,,,,,,,,0.990412106677509,0.0005989589232665397,0.7832766501965674,0.017308496250429666,0.3366671344952012,0.00980245247425968,0.8171528049471147,0.012393649778025512,,,,,,,,,0.6688589277775946,0.013508822972221392
medical,BSS_UG_SPCC_PA_Logistic,Selective,0.20,0.012831186563190261,0.0015583066854154217,0.4258565483008228,0.04070089307141622,0.9871688134368096,0.001558306685415402,0.007862664528300058,0.0004888075150568975,,,,,,,,,0.9946345673068357,0.0002675154258744047,0.8476563749860688,0.010105885761086555,0.3312123496720759,0.014753125437911222,0.8633470320375458,0.00736278697132589,,
medical,BSS_UG_SPCC_PA_Logistic,Selective,0.25,0.009664035815583168,0.001441250579615824,0.33564482837732024,0.04839122276522635,0.9903359641844169,0.0014412505796158087,0.008394540612494148,0.0005457072213724465,,,,,,,,,0.99396295679763,0.00027030428141246887,0.8388068565515431,0.007246712943764327,0.3342176184227693,0.01543069189589353,0.8582748047759627,0.006272948487923648,,
medical,BSS_UG_SPCC_PA_Logistic,Selective,0.30,0.0071143388721339575,0.0010562012022103733,0.26901053159081517,0.04860085030578091,0.9928856611278659,0.001056201202210356,0.008769211707551476,0.0003282165647650682,,,,,,,,,0.9933175791051141,0.0001848605009186981,0.8239828243597618,0.009666084890295799,0.3294707805724467,0.013978475346729014,0.852062207480965,0.005459747293397434,,
medical,BSS_UG_SPCC_PA_Logistic,Selective,0.35,0.005180342694179025,0.0008910220534062022,0.20251575389113619,0.03611303119619775,0.994819657305821,0.000891022053406201,0.0089949884313061,0.00026839234392012946,,,,,,,,,0.9927807938083179,0.0001745816995904125,0.8170566700548427,0.007752456602560433,0.3331617144856091,0.01286666036761679,0.8467338129935993,0.0034403984422529286,,
medical,BSS_UG_SPCC_PA_Logistic,Selective,0.40,0.0033401077583705926,0.000631244170600437,0.13188355603079435,0.02985020326375402,0.9966598922416294,0.0006312441706004399,0.009196214607364885,0.0002802531060125949,,,,,,,,,0.9921134896021637,0.00014233119646298254,0.806317363932829,0.011937749243292278,0.33343314192527435,0.012597286253402968,0.838821048622215,0.008369920726787383,,
enron,BSS_UG_SPCC_PA_Logistic,Full,,,,,,,,,,0.952748257393148,0.0013679414610846094,0.5069493089538717,0.02051088598782838,0.1352606999046007,0.01645922390889274,0.5318132048497531,0.013871128706595511,,,,,,,,,0.12579126074093921,0.027333149609089696
enron,BSS_UG_SPCC_PA_Logistic,Selective,0.20,0.07256331894126089,0.0038857993268251656,0.9859115339482202,0.006652805201577672,0.9274366810587391,0.003885799326825164,0.037484321253894566,0.0010248645811872358,,,,,,,,,0.9752365927486283,0.0017654574713163072,0.47842490880098093,0.01177385459308909,0.10948867340370234,0.019762095385706696,0.47035616351485227,0.013643318158219852,,
enron,BSS_UG_SPCC_PA_Logistic,Selective,0.25,0.05732700964258199,0.002494822863515944,0.9641628750388509,0.011142197534123249,0.9426729903574179,0.0024948228635159266,0.04041823331612087,0.0006676991620518293,,,,,,,,,0.9723295744156228,0.0012333005019531072,0.4734419618560909,0.01103217163799068,0.11166700494187135,0.018298449552903582,0.49100236049337787,0.015071876497005227,,
enron,BSS_UG_SPCC_PA_Logistic,Selective,0.30,0.04491442545712081,0.0017981695347283944,0.9194578363340531,0.024543076538217905,0.9550855745428791,0.0017981695347283851,0.04257698893867958,0.0008617316184283555,,,,,,,,,0.9695305540970282,0.0013339699751351354,0.48987895074123433,0.014659837955576592,0.12149323818076818,0.016775925374447036,0.5139436017653863,0.010294048267847392,,
enron,BSS_UG_SPCC_PA_Logistic,Selective,0.35,0.033344729418636025,0.0015813953378511919,0.8554047932262568,0.024373521346939292,0.966655270581364,0.001581395337851205,0.04465226259327174,0.0008480612028719645,,,,,,,,,0.9658819489318617,0.00122251548397994,0.49544819990995903,0.01740113062747318,0.12568558376234948,0.016724530451113228,0.5234979290105379,0.013732858506013789,,
enron,BSS_UG_SPCC_PA_Logistic,Selective,0.40,0.0220734986451099,0.0010600001511827156,0.7133827964594327,0.025680522449491133,0.9779265013548901,0.0010600001511826952,0.0460888661954598,0.001093013413287674,,,,,,,,,0.9619004051360258,0.0013763054118138465,0.500823883807912,0.01942546405979841,0.12955834825398316,0.019160139971582862,0.5308655198354906,0.016441672859483957,,
cal500,BSS_UG_SPCC_PA_Logistic,Full,,,,,,,,,,0.8633335331037403,0.0014450587614616248,0.33811947594980774,0.006930227444944773,0.061191654154747185,0.0033182684770047227,0.3363451573002464,0.00817907302034276,,,,,,,,,0.0,0.0
cal500,BSS_UG_SPCC_PA_Logistic,Selective,0.20,0.2651174002315022,0.003666877998530927,1.0,0.0,0.7348825997684977,0.003666877998530934,0.10147898152337635,0.001616893017831128,,,,,,,,,0.9340633186172498,0.00207655830460538,0.21922301033034133,0.006241945658262184,0.020895127495959714,0.005243321845229014,0.20129295687646526,0.007696317064989786,,
cal500,BSS_UG_SPCC_PA_Logistic,Selective,0.25,0.20839709030212203,0.004973871463986597,1.0,0.0,0.7916029096978778,0.004973871463986598,0.11412577806203757,0.0018052533630705636,,,,,,,,,0.9216440266598017,0.0019667837273759418,0.2033960420963683,0.008237159792584874,0.02777637039840005,0.005230446901898346,0.1923040827207323,0.0077873413826185,,
cal500,BSS_UG_SPCC_PA_Logistic,Selective,0.30,0.1528942120399493,0.005450186833715748,1.0,0.0,0.8471057879600506,0.005450186833715735,0.12320800825847511,0.0019497833088135145,,,,,,,,,0.9087022415042227,0.0020108368856025,0.20506484394782648,0.013898529660337356,0.03277271522183613,0.004761999247682659,0.19589625438141736,0.009315067974413867,,
cal500,BSS_UG_SPCC_PA_Logistic,Selective,0.35,0.10420221352793954,0.0026439294774488653,1.0,0.0,0.8957977864720604,0.002643929477448851,0.129559811686821,0.002471236528768784,,,,,,,,,0.8960780181216172,0.0020714946122215357,0.23245110304451852,0.019678136849124953,0.040909041059868756,0.005937507331784103,0.2247732973083348,0.015716196043338945,,
cal500,BSS_UG_SPCC_PA_Logistic,Selective,0.40,0.06644653572055696,0.005213797168473146,1.0,0.0,0.933553464279443,0.005213797168473153,0.13383621538659446,0.001904291232969756,,,,,,,,,0.8851092444305575,0.0015254507279520314,0.27053408578980903,0.018245635712151435,0.04976340938761628,0.007483382484843806,0.2652346356165012,0.016075515873191018,,
reuters-k500,BSS_UG_SPCC_PA_Logistic,Full,,,,,,,,,,0.9889628462657619,0.00019281898962995533,0.40350456061348766,0.011247303218738096,0.28173448263702394,0.016758763411453947,0.485265963791054,0.01226586327878936,,,,,,,,,0.305175121906523,0.011716701352266202
reuters-k500,BSS_UG_SPCC_PA_Logistic,Selective,0.20,0.01081031019661626,0.0002806652587184302,0.6378165008619623,0.01112344284249692,0.9891896898033836,0.00028066525871841994,0.009222179427768977,0.00018582742168394073,,,,,,,,,0.9928627261772018,0.00017928770468649617,0.5321070261400461,0.013473021355269713,0.2610816379667412,0.009894711099770555,0.47956292248543714,0.014197538869890213,,
reuters-k500,BSS_UG_SPCC_PA_Logistic,Selective,0.25,0.008234269737586869,0.00019385197572955242,0.5446700003070989,0.012914881705742782,0.991765730262413,0.00019385197572956286,0.009882287301539791,0.00019145278150994676,,,,,,,,,0.9921113179118668,0.00017935564580274973,0.49796592918467447,0.014203352380248804,0.2657927629404768,0.011380146078953953,0.4785048722360388,0.015167577096769191,,
reuters-k500,BSS_UG_SPCC_PA_Logistic,Selective,0.30,0.006187774724673444,7.80593882729493e-05,0.45468026593294414,0.009588643344503624,0.9938122252753265,7.805938827295802e-05,0.010331898448889492,0.00018021659594218159,,,,,,,,,0.9914716614322561,0.00017764335113331522,0.4738966809486894,0.013832789795458537,0.2725819379776554,0.012962068929062518,0.480295308202143,0.013262536284040094,,
reuters-k500,BSS_UG_SPCC_PA_Logistic,Selective,0.35,0.004406245596896638,0.00012420273478042088,0.35767663159184415,0.010124822213741223,0.9955937544031033,0.0001242027347804066,0.010637508155242788,0.00014737429823895212,,,,,,,,,0.9908644294344835,0.00015669557517581457,0.4528969550248709,0.012944105909633512,0.2782069416463354,0.015886024239008978,0.4824046106978992,0.011309134217163948,,
reuters-k500,BSS_UG_SPCC_PA_Logistic,Selective,0.40,0.00278962420112185,6.458556849451656e-05,0.24550366974951476,0.003901451274355939,0.9972103757988782,6.45855684945273e-05,0.010884445676961752,0.000146232121577441,,,,,,,,,0.9902040771424936,0.00014473294237358827,0.4298341783077978,0.01327847761413538,0.27881793670549665,0.015696359181420826,0.48235724116719725,0.013015098470842442,,
