1.0000,0.0203,0.0323,0.0350,0.0433,0.0150,0.0784,0.0435,0.0419,0.1347,0.0572,0.1764
0.0203,1.0000,0.0210,0.1643,0.0167,0.0173,0.0670,0.0404,0.4477,0.0185,0.0084,0.1501
0.0323,0.0210,1.0000,0.7802,0.1190,0.1082,0.0237,0.0937,0.0266,0.0129,0.0932,0.1490
0.0350,0.1643,0.7802,1.0000,0.1103,0.1014,0.0414,0.0609,0.0519,0.0621,0.0424,0.1410
0.0433,0.0167,0.1190,0.1103,1.0000,0.2364,0.5244,0.1133,0.0695,0.1643,0.0850,0.1959
0.0150,0.0173,0.1082,0.1014,0.2364,1.0000,0.2574,0.0184,0.0254,0.3061,0.5896,0.0820
0.0784,0.0670,0.0237,0.0414,0.5244,0.2574,1.0000,0.1762,0.1097,0.2657,0.1500,0.2763
0.0435,0.0404,0.0937,0.0609,0.1133,0.0184,0.1762,1.0000,0.7280,0.2276,0.4093,0.2472
0.0419,0.4477,0.0266,0.0519,0.0695,0.0254,0.1097,0.7280,1.0000,0.1998,0.2432,0.2680
0.1347,0.0185,0.0129,0.0621,0.1643,0.3061,0.2657,0.2276,0.1998,1.0000,0.2724,0.4412
0.0572,0.0084,0.0932,0.0424,0.0850,0.5896,0.1500,0.4093,0.2432,0.2724,1.0000,0.2798
0.1764,0.1501,0.1490,0.1410,0.1959,0.0820,0.2763,0.2472,0.2680,0.4412,0.2798,1.0000
