label_idx,label_name,error_rate,top_correlated_partner,max_correlation,coupled_dl_temp,num_coupled
13,Label_13,0.029386109084314275,Label_3,0.16629720603220494,empty,0
8,Label_8,0.1368961662951684,Label_7,0.4470946318981505,7,1
10,Label_10,0.21012941673401572,Label_9,0.783207376690152,9,1
9,Label_9,0.18551577938168815,Label_10,0.783207376690152,10,1
0,Label_0,0.330906683908149,Label_1,0.531170818454828,1,1
4,Label_4,0.3565055479719523,Label_5,0.6076663208312374,"5, 2",2
1,Label_1,0.4641164692088992,Label_0,0.5311708184548282,"0, 2, 3",3
6,Label_6,0.28285634719399166,Label_7,0.7301815944792016,"7, 5, 3",3
7,Label_7,0.3148771618711728,Label_6,0.7301815944792017,"6, 8, 3",3
2,Label_2,0.36934311437845313,Label_3,0.4452691513967799,"3, 4, 5, 1",4
5,Label_5,0.343707977637387,Label_4,0.6076663208312374,"4, 6, 2, 3",4
3,Label_3,0.3555834797952446,Label_2,0.4452691513967799,"2, 5, 7, 1, 6",5
