dataset,learner,sel_f1_v5,cov_v5,full_f1_v5,sel_f1_v621,cov_v621,full_f1_v621,sel_f1_v63,cov_v63,full_f1_v63,ratio_v5,ratio_v621,ratio_v63,eff_v5,eff_v621,eff_v63
emotions,Logistic,0.6426,0.6227,0.6009,0.6882632243771498,0.6910876194841108,0.6398938593323376,0.7224355831504214,0.7354840506254603,0.6766499762200289,1.0319576039826561,0.9959131157506925,0.9822586669772888,0.40014701999999996,0.47565019331326286,0.5313398490114385
scene,Logistic,0.8423,0.5404,0.7008,0.7642245890155994,0.8884046906706798,0.7140327996927226,0.7265994018502228,0.736904759629416,0.7010354148119367,1.558660251665433,0.8602212449358708,0.9860153464277042,0.45517892000000004,0.678940709607331,0.5354345575673158
chd49,Logistic,0.5282,0.6531,0.5124,0.5203283093176978,0.6331422331422332,0.5123048601084521,0.4952297418727232,0.7065084701926808,0.5386625013779132,0.808758229980095,0.8218189880263569,0.7009537220943195,0.34496742,0.3294418277285298,0.3498840073244139
music,Logistic,0.6948,0.6675,0.6175,0.6679445543563837,0.6914885380488572,0.6337564429313451,0.7252584663090451,0.7353866361842434,0.6810329132090315,1.0408988764044944,0.9659517368734606,0.986227421907269,0.463779,0.46187600338959117,0.5333453839031521
gpositivepseaac,Logistic,0.6415,0.7051,0.5366,0.5414926627045256,0.8622479462285287,0.5337576555864961,0.5832388023026053,0.7591486183719194,0.5708741228234786,0.9098000283647709,0.6280011046393484,0.7682801340710167,0.45232164999999996,0.4669009363147946,0.44276493094891584
genbase,Logistic,0.6989,0.9984,0.6782,0.6408377440566609,0.997704277528839,0.6856330656940879,0.6731862662297444,0.9296528357931866,0.6719292516393965,0.700020032051282,0.6423123148714147,0.7241265129421963,0.6977817599999999,0.6393665584472619,0.625829521417509
humanpseaac,Logistic,0.2194,0.6313,0.1058,0.0868866952920919,0.922447895563659,0.1123852817221137,0.1835773118509361,0.7032621780388828,0.2036119729659166,0.34753682876603836,0.0941914396574129,0.2610368047416681,0.13850722000000001,0.08014844922467106,0.12910298017081254
plantpseaac,Logistic,0.2693,0.6693,0.1299,0.0951250090873992,0.9292952149482874,0.1434892880410361,0.2221078111922902,0.7029459952556717,0.2472313399695878,0.40236067533243686,0.10236252975077745,0.31596710514227533,0.18024248999999998,0.08839921576683242,0.15612979639262325
viruspseaac,Logistic,0.5038,0.6386,0.382,0.3479143428524233,0.8393414165507188,0.3712549571648734,0.5082908241545944,0.7668798449612403,0.5007340203468976,0.7889132477294082,0.4145087279050049,0.662803733197975,0.32172668,0.2920189173680654,0.38979798842289637
yeast,Logistic,0.5379,0.4764,0.3785,0.3562023982004813,0.7556337309579586,0.3629404876923043,0.3749223199369308,0.7104830477552204,0.4507613792563088,1.1290931989924435,0.4713955764638826,0.5277005850055146,0.25625556,0.2691585471284021,0.26637595254024843
emotions,SVM,0.7049,0.6905,0.5983,0.5675029984044925,0.6627231452051221,0.5821480447245947,0.7088072241063168,0.732853112183715,0.674668228516407,1.020854453294714,0.8563198712923212,0.9671886662175077,0.48673344999999996,0.37609737201596266,0.5194515801246142
scene,SVM,0.6688,0.4855,0.6307,0.6076648177803684,0.8651676697860037,0.6252990385839392,0.6878722943067468,0.7075260664823311,0.6738320742395524,1.3775489186405767,0.7023665342588128,0.9722218401460477,0.32470239999999995,0.5257319544099779,0.4866875786330289
chd49,SVM,0.5048,0.635,0.4782,0.3021349212267684,0.4610385505122346,0.3955008028841793,0.3981702697037426,0.7392281276491803,0.474546159338259,0.7949606299212598,0.6553354830980682,0.5386297609777972,0.320548,0.13929584614151747,0.2943386629586668
music,SVM,0.7172,0.5902,0.5912,0.5930913028901341,0.6599059557185181,0.5815221396098452,0.7116878344193351,0.7199109022139929,0.6777235544738724,1.2151812944764486,0.8987512504632045,0.9885776590278481,0.4232914399999999,0.39138448306205503,0.5123518309715464
gpositivepseaac,SVM,0.6535,0.6554,0.5174,0.4671582355982572,0.8092559746079164,0.4745938616164606,0.5520588065933506,0.7172656833457804,0.5452000462602811,0.9971010070186146,0.5772688126579415,0.7696712939314194,0.42830389999999996,0.37805059324518225,0.39597283715823567
genbase,SVM,0.7028,0.9983,0.7616,0.7468306465407915,0.9996649873842858,0.7616454613556064,0.7595996059764176,0.9928900534163692,0.7595996059764176,0.7039967945507363,0.7470809280766566,0.7650389923463953,0.7016052399999999,0.7465804488523983,0.7541988933529783
humanpseaac,SVM,0.2119,0.6762,0.0372,0.0009592516251783,0.9370702659625396,0.0141682119155079,0.1692947051839849,0.7479490133998171,0.1839750417109983,0.313368825791186,0.0010236709668649834,0.22634524834046166,0.14328678,0.0008988861755308279,0.1266238077161744
plantpseaac,SVM,0.1843,0.69,0.0789,0.0149250440917107,0.9430273672610422,0.0607559131292028,0.1973373735824276,0.7086090437129815,0.2129372421086444,0.26710144927536233,0.015826734843400633,0.27848554196883507,0.12716699999999997,0.014074725036060914,0.13983504758307538
viruspseaac,SVM,0.4495,0.6903,0.3172,0.2321212121212121,0.7076737560458491,0.2811269443251084,0.4700583965898327,0.7259000861326442,0.4435649162793686,0.6511661596407359,0.32800596339504967,0.6475524739143489,0.31028985000000003,0.16426609003973344,0.3412154305719322
yeast,SVM,0.4452,0.4914,0.3536,0.3059398448063264,0.7734807069842023,0.3249064876028247,0.3712539878969523,0.7002817879847856,0.441427620792911,0.905982905982906,0.39553649114169176,0.5301494259408303,0.21877127999999998,0.2366385674554345,0.2599824064409597
emotions,MLP,0.6928,0.5524,0.4819,0.5257348627141397,0.6346006867899325,0.5084634566141957,0.6750073281304937,0.7202789588898935,0.639363569363697,1.2541636495293265,0.8284498798347032,0.9371470869714518,0.38270272,0.333631704947804,0.4861935755488807
scene,MLP,0.7941,0.6031,0.5801,0.5398648381137396,0.8330456387997953,0.5566210186463699,0.6502701830677808,0.7104948630582995,0.6230920139763276,1.316697065163323,0.6480615382508288,0.9152355870227075,0.47892171,0.4497320489320083,0.46201362466963825
chd49,MLP,0.4762,0.8073,0.5056,0.5055601607504381,0.6431136399557452,0.4961141616083445,0.4502095988297475,0.7173802031696768,0.5137006168648284,0.5898674594326768,0.7861132610796863,0.6275746066598142,0.38443626000000003,0.3251326351968259,0.3229714534774229
music,MLP,0.7243,0.5583,0.4862,0.4950184583480396,0.6441624657975604,0.5049455973801109,0.6697802952115854,0.7159533609184656,0.6205207944068281,1.2973311839512807,0.7684683362218873,0.9355082771765374,0.40437669000000004,0.3188723107447801,0.4795314534336967
gpositivepseaac,MLP,0.6416,0.7105,0.5356,0.5685900973404474,0.8704163554891711,0.5770360570619865,0.6097413792161084,0.7330703883495145,0.6006810558309276,0.9030260380014073,0.6532392156405444,0.8317637554408962,0.45585679999999995,0.49491012029430526,0.4469833496547212
genbase,MLP,0.5776,0.9882,0.0,0.379139442015259,0.9783465397500486,0.4020243848095388,0.5851090021814747,0.9495751162417828,0.5977462653684358,0.5844970653713824,0.3875308253373318,0.6161797968097692,0.57078432,0.3709297611783928,0.5556049487605873
humanpseaac,MLP,0.1638,0.6657,0.1065,0.0349611994777256,0.9196449671018636,0.0941048306637197,0.1796792238806604,0.7541600027388854,0.1972158438576831,0.24605678233438488,0.03801597434703642,0.23825079986755962,0.10904166,0.03215189114353465,0.13550688397395966
plantpseaac,MLP,0.2491,0.69,0.1521,0.1175465881268532,0.9347539638600292,0.1488552786281868,0.2183014580199638,0.7318286163962545,0.2583179094424651,0.3610144927536232,0.12575136631830824,0.29829587574061567,0.17187899999999998,0.10987713918979827,0.15975925398003515
viruspseaac,MLP,0.4885,0.5828,0.4117,0.410480800970997,0.8756059100245148,0.4092843582027642,0.5147257859197548,0.7548746107467037,0.5192867367257009,0.8381949210706932,0.4687962886859735,0.6818692516504172,0.2846978,0.35941941528180155,0.38855342728746606
yeast,MLP,0.4832,0.3917,0.3544,0.2944255154285888,0.7328156948467311,0.3225341287964277,0.3821605870224425,0.7077131932796672,0.4308521418241148,1.2335971406688793,0.40177293895181665,0.5399935887183949,0.18926944,0.21575963866940825,0.27046008938728494
